#
# A fatal error has been detected by the Java Runtime Environment:
#
#  EXCEPTION_ACCESS_VIOLATION (0xc0000005) at pc=0x0000021988218dc4, pid=28752, tid=29916
#
# JRE version: OpenJDK Runtime Environment (21.0.10) (build 21.0.10+-14961533-b1163.108)
# Java VM: OpenJDK 64-Bit Server VM (21.0.10+-14961533-b1163.108, mixed mode, tiered, compressed oops, compressed class ptrs, g1 gc, windows-amd64)
# Problematic frame:
# C  0x0000021988218dc4
#
# No core dump will be written. Minidumps are not enabled by default on client versions of Windows
#
# If you would like to submit a bug report, please visit:
#   https://youtrack.jetbrains.com/issues/JBR
# The crash happened outside the Java Virtual Machine in native code.
# See problematic frame for where to report the bug.
#

---------------  S U M M A R Y ------------

Command Line: -Dapple.awt.application.appearance=NSAppearanceNameDarkAqua -Dcompose.application.configure.swing.globals=true -Dcompose.application.resources.dir=D:\Utilites\Nuvio\NuvioDesktop\composeApp\build\compose\tmp\prepareAppResources --add-opens=java.desktop/java.awt=ALL-UNNAMED --add-opens=java.desktop/sun.lwawt=ALL-UNNAMED --add-opens=java.desktop/sun.lwawt.macosx=ALL-UNNAMED --add-opens=java.desktop/sun.awt.windows=ALL-UNNAMED -Dfile.encoding=UTF-8 -Duser.country=IN -Duser.language=en -Duser.variant com.nuvio.app.MainKt

Host: AMD Ryzen 5 4600HS with Radeon Graphics         , 12 cores, 23G,  Windows 11 , 64 bit Build 26100 (10.0.26100.9168)
Time: Thu Aug 20 12:12:33 2026 India Standard Time elapsed time: 1453.273905 seconds (0d 0h 24m 13s)

---------------  T H R E A D  ---------------

Current thread (0x00000219765fb310):  JavaThread "DefaultDispatcher-worker-61" daemon [_thread_in_native, id=29916, stack(0x000000f02b400000,0x000000f02b500000) (1024K)]

Stack: [0x000000f02b400000,0x000000f02b500000],  sp=0x000000f02b4fd3b0,  free space=1012k
Native frames: (J=compiled Java code, j=interpreted, Vv=VM code, C=native code)
C  0x0000021988218dc4

Java frames: (J=compiled Java code, j=interpreted, Vv=VM code)
J 20855  com.dokar.quickjs.QuickJs.executePendingJob(JJ)Z (0 bytes) @ 0x00000219080cb273 [0x00000219080cb220+0x0000000000000053]
J 21664 c1 com.dokar.quickjs.QuickJs.awaitAsyncJobs(Lkotlin/coroutines/Continuation;)Ljava/lang/Object; (527 bytes) @ 0x00000219016c4fb4 [0x00000219016c3c60+0x0000000000001354]
J 21665 c1 com.dokar.quickjs.QuickJs.evalAndAwait(Lkotlin/jvm/functions/Function1;Lkotlin/coroutines/Continuation;)Ljava/lang/Object; (1031 bytes) @ 0x0000021901588204 [0x00000219015852a0+0x0000000000002f64]
j  com.dokar.quickjs.QuickJs.evaluateInternal(Ljava/lang/String;Ljava/lang/String;ZLkotlin/coroutines/Continuation;)Ljava/lang/Object;+18
j  com.nuvio.app.features.plugins.runtime.PluginRuntime$executePluginInternal$2.invokeSuspend(Ljava/lang/Object;)Ljava/lang/Object;+736
j  com.nuvio.app.features.plugins.runtime.PluginRuntime$executePluginInternal$2.invoke(Lcom/dokar/quickjs/QuickJs;Lkotlin/coroutines/Continuation;)Ljava/lang/Object;+12
j  com.nuvio.app.features.plugins.runtime.PluginRuntime$executePluginInternal$2.invoke(Ljava/lang/Object;Ljava/lang/Object;)Ljava/lang/Object;+9
j  com.nuvio.app.features.plugins.runtime.js.JsRuntime.use(Lkotlin/jvm/functions/Function2;Lkotlin/coroutines/Continuation;)Ljava/lang/Object;+178
j  com.nuvio.app.features.plugins.runtime.PluginRuntime.executePluginInternal(Ljava/lang/String;Ljava/lang/String;Ljava/lang/String;Ljava/lang/Integer;Ljava/lang/Integer;Ljava/lang/String;Ljava/util/Map;Lkotlin/coroutines/Continuation;)Ljava/lang/Object;+383
j  com.nuvio.app.features.plugins.runtime.PluginRuntime.access$executePluginInternal(Lcom/nuvio/app/features/plugins/runtime/PluginRuntime;Ljava/lang/String;Ljava/lang/String;Ljava/lang/String;Ljava/lang/Integer;Ljava/lang/Integer;Ljava/lang/String;Ljava/util/Map;Lkotlin/coroutines/Continuation;)Ljava/lang/Object;+14
j  com.nuvio.app.features.plugins.runtime.PluginRuntime$executePlugin$2$1.invokeSuspend(Ljava/lang/Object;)Ljava/lang/Object;+76
j  com.nuvio.app.features.plugins.runtime.PluginRuntime$executePlugin$2$1.invoke(Lkotlinx/coroutines/CoroutineScope;Lkotlin/coroutines/Continuation;)Ljava/lang/Object;+12
j  com.nuvio.app.features.plugins.runtime.PluginRuntime$executePlugin$2$1.invoke(Ljava/lang/Object;Ljava/lang/Object;)Ljava/lang/Object;+9
j  kotlinx.coroutines.intrinsics.UndispatchedKt.startUndspatched(Lkotlinx/coroutines/internal/ScopeCoroutine;ZLjava/lang/Object;Lkotlin/jvm/functions/Function2;)Ljava/lang/Object;+39
J 20997 c1 kotlinx.coroutines.TimeoutKt.setupTimeout(Lkotlinx/coroutines/TimeoutCoroutine;Lkotlin/jvm/functions/Function2;)Ljava/lang/Object; (51 bytes) @ 0x0000021900cf2d0c [0x0000021900cf2a20+0x00000000000002ec]
j  kotlinx.coroutines.TimeoutKt.withTimeout(JLkotlin/jvm/functions/Function2;Lkotlin/coroutines/Continuation;)Ljava/lang/Object;+33
j  com.nuvio.app.features.plugins.runtime.PluginRuntime$executePlugin$2.invokeSuspend(Ljava/lang/Object;)Ljava/lang/Object;+255
j  com.nuvio.app.features.plugins.runtime.PluginRuntime$executePlugin$2.invoke(Lkotlinx/coroutines/CoroutineScope;Lkotlin/coroutines/Continuation;)Ljava/lang/Object;+12
j  com.nuvio.app.features.plugins.runtime.PluginRuntime$executePlugin$2.invoke(Ljava/lang/Object;Ljava/lang/Object;)Ljava/lang/Object;+9
J 18801 c2 kotlinx.coroutines.BuildersKt__Builders_commonKt.withContext(Lkotlin/coroutines/CoroutineContext;Lkotlin/jvm/functions/Function2;Lkotlin/coroutines/Continuation;)Ljava/lang/Object; (203 bytes) @ 0x00000219086e9138 [0x00000219086e7fe0+0x0000000000001158]
J 20918 c2 kotlinx.coroutines.BuildersKt.withContext(Lkotlin/coroutines/CoroutineContext;Lkotlin/jvm/functions/Function2;Lkotlin/coroutines/Continuation;)Ljava/lang/Object; (7 bytes) @ 0x0000021907d95140 [0x0000021907d95120+0x0000000000000020]
j  com.nuvio.app.features.plugins.runtime.PluginRuntime.executePlugin(Ljava/lang/String;Ljava/lang/String;Ljava/lang/String;Ljava/lang/Integer;Ljava/lang/Integer;Ljava/lang/String;Lkotlin/coroutines/Continuation;)Ljava/lang/Object;+28
j  com.nuvio.app.features.plugins.PluginRepository.executeScraper-hUnOzRk(Lcom/nuvio/app/features/plugins/PluginScraper;Ljava/lang/String;Ljava/lang/String;Ljava/lang/Integer;Ljava/lang/Integer;Lkotlin/coroutines/Continuation;)Ljava/lang/Object;+339
j  com.nuvio.app.features.streams.StreamsRepository$load$5$2$1$1.invokeSuspend(Ljava/lang/Object;)Ljava/lang/Object;+83
J 9226 c2 kotlin.coroutines.jvm.internal.BaseContinuationImpl.resumeWith(Ljava/lang/Object;)V (124 bytes) @ 0x0000021907fd8e48 [0x0000021907fd8de0+0x0000000000000068]
J 9482 c2 kotlinx.coroutines.DispatchedTask.run()V (387 bytes) @ 0x00000219080192a4 [0x0000021908019020+0x0000000000000284]
J 10977 c2 kotlinx.coroutines.scheduling.CoroutineScheduler.runSafely(Lkotlinx/coroutines/scheduling/Task;)V (73 bytes) @ 0x00000219080cda28 [0x00000219080cd9c0+0x0000000000000068]
J 20777 c1 kotlinx.coroutines.scheduling.CoroutineScheduler$Worker.executeTask(Lkotlinx/coroutines/scheduling/Task;)V (168 bytes) @ 0x0000021900133854 [0x00000219001333e0+0x0000000000000474]
j  kotlinx.coroutines.scheduling.CoroutineScheduler$Worker.runWorker()V+44
j  kotlinx.coroutines.scheduling.CoroutineScheduler$Worker.run()V+1
v  ~StubRoutines::call_stub 0x000002190753100d

siginfo: EXCEPTION_ACCESS_VIOLATION (0xc0000005), reading address 0x000002190a680204


Registers:
RAX=0x0000021900000208, RBX=0x0000000000000036, RCX=0x000002190a680200, RDX=0x000000f02b4fd8a0
RSP=0x000000f02b4fd3b0, RBP=0x0000000000000036, RSI=0x000000f02b4fd850, RDI=0xffffffffffffffff
R8 =0x000000f02b4fd410, R9 =0x00000000014d0000, R10=0x00000219929c9ec0, R11=0x000002199532468c
R12=0x000000f02b4fd410, R13=0x0000000000000000, R14=0x0000021900000000, R15=0x0000000003ffffff
RIP=0x0000021988218dc4, EFLAGS=0x0000000000010217

XMM[0]=0x0000000000000004 0x0000021900000000
XMM[1]=0xfffffffffffffff9 0x000002199da33120
XMM[2]=0xfffffffffffffff9 0x00000219929d00b0
XMM[3]=0xfffffffffffffff9 0x000002199f006ee0
XMM[4]=0xfffffffffffffff9 0x000002199da33600
XMM[5]=0x0000000000000004 0x0000000000000004
XMM[6]=0x0000000000000000 0x0000021986133dc0
XMM[7]=0x0000000000000000 0x0000000000c65650
XMM[8]=0x0000000000000000 0x0000000000000038
XMM[9]=0x0000000000000000 0x0000000800c64d78
XMM[10]=0x0000000000000000 0x000000000e6fd214
XMM[11]=0x0000000000000000 0xe8e1746cd0391e77
XMM[12]=0x0000000000000000 0x00000000e757aa0b
XMM[13]=0x0000000000000000 0x0000000000000000
XMM[14]=0x0000000000000000 0x0000000000000000
XMM[15]=0x0000000000000000 0x0000000000000000
  MXCSR=0x00001fa0


Register to memory mapping:

RAX=0x0000021900000208 is at entry_point+72 in (nmethod*)0x0000021900000010
Compiled method (c1) 1453295 14412       3       androidx.compose.runtime.internal.ComposableLambdaImpl::invoke$lambda$0 (17 bytes)
 total in heap  [0x0000021900000010,0x0000021900000408] = 1016
 relocation     [0x0000021900000170,0x00000219000001c0] = 80
 main code      [0x00000219000001c0,0x00000219000002f8] = 312
 stub code      [0x00000219000002f8,0x0000021900000348] = 80
 oops           [0x0000021900000348,0x0000021900000350] = 8
 metadata       [0x0000021900000350,0x0000021900000358] = 8
 scopes data    [0x0000021900000358,0x0000021900000390] = 56
 scopes pcs     [0x0000021900000390,0x00000219000003f0] = 96
 dependencies   [0x00000219000003f0,0x00000219000003f8] = 8
 nul chk table  [0x00000219000003f8,0x0000021900000408] = 16
RBX=0x0000000000000036 is an unknown value
RCX=0x000002190a680200 is an unknown value
RDX=0x000000f02b4fd8a0 is pointing into the stack for thread: 0x00000219765fb310
RSP=0x000000f02b4fd3b0 is pointing into the stack for thread: 0x00000219765fb310
RBP=0x0000000000000036 is an unknown value
RSI=0x000000f02b4fd850 is pointing into the stack for thread: 0x00000219765fb310
RDI=0xffffffffffffffff is an unknown value
R8 =0x000000f02b4fd410 is pointing into the stack for thread: 0x00000219765fb310
R9 =0x00000000014d0000 is an unknown value
R10=0x00000219929c9ec0 points into unknown readable memory: 0x000000050000035c | 5c 03 00 00 05 00 00 00
R11=0x000002199532468c points into unknown readable memory: 36 00 00 00
R12=0x000000f02b4fd410 is pointing into the stack for thread: 0x00000219765fb310
R13=0x0 is null
R14=0x0000021900000000 points into unknown readable memory: 0x0000000000000009 | 09 00 00 00 00 00 00 00
R15=0x0000000003ffffff is an unknown value

Top of Stack: (sp=0x000000f02b4fd3b0)
0x000000f02b4fd3b0:   0000021986133880 ffffffffffffffff
0x000000f02b4fd3c0:   0000000000000000 0000000000000000
0x000000f02b4fd3d0:   000000000e6fd214 0000021999ef8658
0x000000f02b4fd3e0:   0000021994105938 00000219941058a0
0x000000f02b4fd3f0:   000000f02b4fd500 0000021999ef8668
0x000000f02b4fd400:   0000021999ef8668 0000021988216eca
0x000000f02b4fd410:   0000021900000000 0000000000000002
0x000000f02b4fd420:   000000f02b4fd610 0000000000000005
0x000000f02b4fd430:   0000021999ef8668 0000021999ef8668
0x000000f02b4fd440:   000000f02b4fd510 000000f02b4fd500
0x000000f02b4fd450:   0000021999ef8658 00000219929c9ec0
0x000000f02b4fd460:   0000021999ef8658 0000021900000000
0x000000f02b4fd470:   0000000000000002 00000219882b5bc0
0x000000f02b4fd480:   000000f02b4fd570 000000f02b4fd850
0x000000f02b4fd490:   000002199531ef78 000002199532468c
0x000000f02b4fd4a0:   0000021995324690 00000219929c9ec0
0x000000f02b4fd4b0:   00000219929c9ec0 00000219882268ea
0x000000f02b4fd4c0:   0000021995324689 0000021988224ff2
0x000000f02b4fd4d0:   0000000000000001 0000021999ef8650
0x000000f02b4fd4e0:   000000f02b4fd8a0 0000000000000000
0x000000f02b4fd4f0:   0000000000000001 000000069dea23e8
0x000000f02b4fd500:   0000000000000000 0000000000000003
0x000000f02b4fd510:   0000021900000000 0000000000000003
0x000000f02b4fd520:   0000021986133dc0 ffffffffffffffff
0x000000f02b4fd530:   0000000000000001 0000000000000001
0x000000f02b4fd540:   0000021900000000 0000000000000004
0x000000f02b4fd550:   0000021986133c40 0000000000000000
0x000000f02b4fd560:   000000000000000c 0000000000000001
0x000000f02b4fd570:   0000000000000000 00000219929c9ec0
0x000000f02b4fd580:   000000f02b4fdf80 0000000000000004
0x000000f02b4fd590:   0000000000000219 000000f02b4fdfd0
0x000000f02b4fd5a0:   00000219868e5ed0 0000021988234bd3 

Instructions: (pc=0x0000021988218dc4)
0x0000021988218cc4:   48 89 6c 24 48 48 89 d9 48 89 f2 4d 89 f0 e8 2c
0x0000021988218cd4:   2d 02 00 48 8b 6c 24 38 83 fd 02 74 8d 83 fd 06
0x0000021988218ce4:   0f 84 52 ff ff ff 4c 8b 6c 24 30 4d 39 ef 74 26
0x0000021988218cf4:   8b 8e b8 01 00 00 8d 41 ff 89 86 b8 01 00 00 31
0x0000021988218d04:   c0 83 f9 01 7e 06 85 c0 74 b1 eb 23 48 89 f1 e8
0x0000021988218d14:   47 2d 02 00 eb f0 48 8d 54 24 30 4c 89 3a 48 89
0x0000021988218d24:   6a 08 48 89 f1 e8 7f 91 ff ff e9 28 ff ff ff 48
0x0000021988218d34:   8d 54 24 30 4c 89 2a 48 89 6a 08 48 89 f1 e8 66
0x0000021988218d44:   91 ff ff e9 f0 fe ff ff 41 57 41 56 41 55 41 54
0x0000021988218d54:   56 57 55 53 48 81 ec c8 00 00 00 44 89 cb 49 89
0x0000021988218d64:   d2 48 89 ce 41 8b 40 08 83 f8 ff 0f 85 3a 02 00
0x0000021988218d74:   00 4d 8b 30 44 8b ac 24 38 01 00 00 48 8b 94 24
0x0000021988218d84:   30 01 00 00 89 dd 81 e5 ff ff ff 7f 48 c7 c7 ff
0x0000021988218d94:   ff ff ff 4c 8d 64 24 60 41 bf ff ff ff 03 49 8b
0x0000021988218da4:   46 28 8b 48 28 21 d9 48 f7 d1 8b 0c 88 85 c9 74
0x0000021988218db4:   1b 48 83 c0 48 41 89 c9 4a 8d 0c c8 48 83 c1 f8
0x0000021988218dc4:   39 59 04 74 21 8b 09 44 21 f9 75 e9 41 8a 46 05
0x0000021988218dd4:   a8 04 75 6c 49 8b 46 28 4c 8b 70 40 4d 85 f6 75
0x0000021988218de4:   bd e9 ac 01 00 00 49 ff c9 49 c1 e1 04 8b 01 4d
0x0000021988218df4:   03 4e 30 c1 e8 1e 0f 84 6a 01 00 00 83 f8 01 0f
0x0000021988218e04:   84 d2 01 00 00 83 f8 02 0f 84 39 02 00 00 48 89
0x0000021988218e14:   4c 24 20 4c 89 d1 4c 89 f2 41 89 d8 4c 89 54 24
0x0000021988218e24:   38 e8 ca 05 00 00 48 8b 94 24 30 01 00 00 4c 8b
0x0000021988218e34:   54 24 38 85 c0 0f 84 63 ff ff ff e9 31 02 00 00
0x0000021988218e44:   4c 89 54 24 38 a8 08 0f 85 a7 00 00 00 4c 8b 54
0x0000021988218e54:   24 38 49 8b 42 20 48 8b 40 70 41 0f b7 4e 06 48
0x0000021988218e64:   8d 0c 89 48 8b 4c c8 20 48 85 c9 48 8b 94 24 30
0x0000021988218e74:   01 00 00 0f 84 5b ff ff ff 48 8b 41 28 48 85 c0
0x0000021988218e84:   0f 85 e5 02 00 00 48 8b 01 48 85 c0 4c 8b 54 24
0x0000021988218e94:   38 4c 8d 44 24 40 0f 84 38 ff ff ff 41 ff 06 4c
0x0000021988218ea4:   89 74 24 40 48 89 7c 24 48 4c 89 d1 4c 89 e2 41
0x0000021988218eb4:   89 d9 ff d0 89 44 24 5c 4c 89 74 24 40 48 89 7c 


Stack slot to memory mapping:

stack at sp + 0 slots: 0x0000021986133880 points into unknown readable memory: 0x0000033000000000 | 00 00 00 00 30 03 00 00
stack at sp + 1 slots: 0xffffffffffffffff is an unknown value
stack at sp + 2 slots: 0x0 is null
stack at sp + 3 slots: 0x0 is null
stack at sp + 4 slots: 0x000000000e6fd214 is an unknown value
stack at sp + 5 slots: 0x0000021999ef8658 points into unknown readable memory: 0x0000021999ef8658 | 58 86 ef 99 19 02 00 00
stack at sp + 6 slots: 0x0000021994105938 points into unknown readable memory: 0x0000021994105938 | 38 59 10 94 19 02 00 00
stack at sp + 7 slots: 0x00000219941058a0 points into unknown readable memory: 0x00000219882396ba | ba 96 23 88 19 02 00 00


Compiled method (n/a) 1453400 20855     n 0       com.dokar.quickjs.QuickJs::executePendingJob (native)
 total in heap  [0x00000219080cb090,0x00000219080cb460] = 976
 relocation     [0x00000219080cb1f0,0x00000219080cb220] = 48
 main code      [0x00000219080cb220,0x00000219080cb452] = 562
 stub code      [0x00000219080cb452,0x00000219080cb458] = 6
 oops           [0x00000219080cb458,0x00000219080cb460] = 8

[Constant Pool (empty)]

[MachCode]
[Entry Point]
  # {method} {0x0000021981d86ce8} 'executePendingJob' '(JJ)Z' in 'com/dokar/quickjs/QuickJs'
  # this:     rdx:rdx   = 'com/dokar/quickjs/QuickJs'
  # parm0:    r8:r8     = long
  # parm1:    r9:r9     = long
  #           [sp+0x70]  (sp of caller)
  0x00000219080cb220: 448b 5208 | 49bb 0000 | 0000 0800 | 0000 4d03 | d349 3bc2 | 0f84 0600 

  0x00000219080cb238: ;   {runtime_call ic_miss_stub}
  0x00000219080cb238: 0000 e941 | 354b ff90 
[Verified Entry Point]
  0x00000219080cb240: 8984 2400 | 80ff ff55 | 488b ec48 | 83ec 6090 | 4181 7f20 | 1300 0000 

  0x00000219080cb258: ;   {runtime_call StubRoutines (final stubs)}
  0x00000219080cb258: 7405 e881 | 004a ff48 | 8954 2420 | 4883 fa00 | 488d 5424 | 2048 0f44 | 5424 20c5 

  0x00000219080cb274: ;   {internal_word}
  0x00000219080cb274: f877 49ba | 73b2 0c08 | 1902 0000 | 4d89 97a8 | 0300 0049 | 89a7 a003 

  0x00000219080cb28c: ;   {external_word}
  0x00000219080cb28c: 0000 49ba | a8fa d277 | fe7f 0000 | 4180 3a00 | 0f84 4e00 | 0000 5241 

  0x00000219080cb2a4: ;   {metadata({method} {0x0000021981d86ce8} 'executePendingJob' '(JJ)Z' in 'com/dokar/quickjs/QuickJs')}
  0x00000219080cb2a4: 5041 5148 | bae0 6cd8 | 8119 0200 | 0049 8bcf | 4883 ec20 | 40f6 c40f | 0f84 1900 | 0000 4883 
  0x00000219080cb2c4: ;   {runtime_call}
  0x00000219080cb2c4: ec08 48b8 | 30e9 8c77 | fe7f 0000 | ffd0 4883 | c408 e90c 

  0x00000219080cb2d8: ;   {runtime_call}
  0x00000219080cb2d8: 0000 0048 | b830 e98c | 77fe 7f00 | 00ff d048 | 83c4 2041 | 5941 585a | 498d 8fc0 | 0300 0041 
  0x00000219080cb2f8: c787 4c04 | 0000 0400 

  0x00000219080cb300: ;   {runtime_call}
  0x00000219080cb300: 0000 48b8 | e5f6 2988 | 1902 0000 | ffd0 c5f8 | 7725 ff00 | 0000 0f95 | c041 c787 | 4c04 0000 
  0x00000219080cb320: 0500 0000 | f083 4424 | c000 493b | af50 0400 | 000f 870e | 0000 0041 | 83bf 4804 | 0000 000f 
  0x00000219080cb340: 842b 0000 | 00c5 f877 | 4889 45f8 | 498b cf4c | 8be4 4883 | ec20 4883 

  0x00000219080cb358: ;   {runtime_call}
  0x00000219080cb358: e4f0 48b8 | e01e 5877 | fe7f 0000 | ffd0 498b | e44d 33e4 | 488b 45f8 | 41c7 874c | 0400 0008 
  0x00000219080cb378: 0000 0041 | 83bf c804 | 0000 020f | 849c 0000 

  0x00000219080cb388: ;   {external_word}
  0x00000219080cb388: 0049 baa8 | fad2 77fe | 7f00 0041 | 803a 000f | 844c 0000 | 0048 8945 

  0x00000219080cb3a0: ;   {metadata({method} {0x0000021981d86ce8} 'executePendingJob' '(JJ)Z' in 'com/dokar/quickjs/QuickJs')}
  0x00000219080cb3a0: f848 bae0 | 6cd8 8119 | 0200 0049 | 8bcf 4883 | ec20 40f6 | c40f 0f84 | 1900 0000 | 4883 ec08 
  0x00000219080cb3c0: ;   {runtime_call}
  0x00000219080cb3c0: 48b8 30e9 | 8c77 fe7f | 0000 ffd0 | 4883 c408 | e90c 0000 

  0x00000219080cb3d4: ;   {runtime_call}
  0x00000219080cb3d4: 0048 b830 | e98c 77fe | 7f00 00ff | d048 83c4 | 2048 8b45 | f849 c787 | a003 0000 | 0000 0000 
  0x00000219080cb3f4: 49c7 87a8 | 0300 0000 | 0000 00c5 | f877 498b | 8f30 0400 | 00c7 8100 | 0100 0000 | 0000 00c9 
  0x00000219080cb414: 4983 7f08 | 000f 8501 | 0000 00c3 

  0x00000219080cb420: ;   {runtime_call StubRoutines (initial stubs)}
  0x00000219080cb420: e9db 5a46 | ffc5 f877 | 4889 45f8 | 4c8b e448 | 83ec 2048 

  0x00000219080cb434: ;   {runtime_call}
  0x00000219080cb434: 83e4 f048 | b880 208d | 77fe 7f00 | 00ff d049 | 8be4 4d33 | e448 8b45 | f8e9 37ff | ffff f4f4 
  0x00000219080cb454: f4f4 f4f4 
[/MachCode]


Compiled method (c1) 1453410 21664   !   3       com.dokar.quickjs.QuickJs::awaitAsyncJobs (527 bytes)
 total in heap  [0x00000219016c3710,0x00000219016c8338] = 19496
 relocation     [0x00000219016c3870,0x00000219016c3c48] = 984
 main code      [0x00000219016c3c60,0x00000219016c6e78] = 12824
 stub code      [0x00000219016c6e78,0x00000219016c6fc0] = 328
 oops           [0x00000219016c6fc0,0x00000219016c6fd0] = 16
 metadata       [0x00000219016c6fd0,0x00000219016c7070] = 160
 scopes data    [0x00000219016c7070,0x00000219016c7aa8] = 2616
 scopes pcs     [0x00000219016c7aa8,0x00000219016c80d8] = 1584
 dependencies   [0x00000219016c80d8,0x00000219016c8108] = 48
 handler table  [0x00000219016c8108,0x00000219016c8258] = 336
 nul chk table  [0x00000219016c8258,0x00000219016c8338] = 224

[Constant Pool (empty)]

[MachCode]
[Entry Point]
  # {method} {0x0000021981d849e8} 'awaitAsyncJobs' '(Lkotlin/coroutines/Continuation;)Ljava/lang/Object;' in 'com/dokar/quickjs/QuickJs'
  # this:     rdx:rdx   = 'com/dokar/quickjs/QuickJs'
  # parm0:    r8:r8     = 'kotlin/coroutines/Continuation'
  #           [sp+0x180]  (sp of caller)
  0x00000219016c3c60: 448b 5208 | 49bb 0000 | 0000 0800 | 0000 4d03 | d34c 3bd0 

  0x00000219016c3c74: ;   {runtime_call ic_miss_stub}
  0x00000219016c3c74: 0f85 06ab | eb05 660f | 1f44 0000 
[Verified Entry Point]
  0x00000219016c3c80: 8984 2400 | 80ff ff55 | 4881 ec70 | 0100 0090 | 4181 7f20 | 1300 0000 

  0x00000219016c3c98: ;   {runtime_call StubRoutines (final stubs)}
  0x00000219016c3c98: 7405 e841 | 76ea 0548 | 8994 24b8 

  0x00000219016c3ca4: ;   {metadata(method data for {method} {0x0000021981d849e8} 'awaitAsyncJobs' '(Lkotlin/coroutines/Continuation;)Ljava/lang/Object;' in 'com/dokar/quickjs/QuickJs')}
  0x00000219016c3ca4: 0000 0048 | be00 80e5 | 8119 0200 | 008b becc | 0000 0083 | c702 89be | cc00 0000 | 81e7 fe07 
  0x00000219016c3cc4: 0000 85ff | 0f84 532a | 0000 4d85 

  0x00000219016c3cd0: ;   {metadata(method data for {method} {0x0000021981d849e8} 'awaitAsyncJobs' '(Lkotlin/coroutines/Continuation;)Ljava/lang/Object;' in 'com/dokar/quickjs/QuickJs')}
  0x00000219016c3cd0: c075 1648 | b800 80e5 | 8119 0200 | 0080 8809 | 0100 0001 | e9ce 0000 

  0x00000219016c3ce8: ;   {metadata('com/dokar/quickjs/QuickJs$awaitAsyncJobs$1')}
  0x00000219016c3ce8: 0048 b900 | 40c8 0008 | 0000 0041 | 8b78 0849 | ba00 0000 | 0008 0000 | 0049 03fa | 483b cf0f 
  0x00000219016c3d08: 858e 0000 

  0x00000219016c3d0c: ;   {metadata(method data for {method} {0x0000021981d849e8} 'awaitAsyncJobs' '(Lkotlin/coroutines/Continuation;)Ljava/lang/Object;' in 'com/dokar/quickjs/QuickJs')}
  0x00000219016c3d0c: 0048 b800 | 80e5 8119 | 0200 0041 | 8b48 0849 | ba00 0000 | 0008 0000 | 0049 03ca | 483b 8820 
  0x00000219016c3d2c: 0100 0075 | 0d48 8380 | 2801 0000 | 01e9 7e00 | 0000 483b | 8830 0100 | 0075 0d48 | 8380 3801 
  0x00000219016c3d4c: 0000 01e9 | 6800 0000 | 4883 b820 | 0100 0000 | 7517 4889 | 8820 0100 | 0048 c780 | 2801 0000 
  0x00000219016c3d6c: 0100 0000 | e947 0000 | 0048 83b8 | 3001 0000 | 0075 1748 | 8988 3001 | 0000 48c7 | 8038 0100 
  0x00000219016c3d8c: 0001 0000 | 00e9 2600 | 0000 e921 

  0x00000219016c3d98: ;   {metadata(method data for {method} {0x0000021981d849e8} 'awaitAsyncJobs' '(Lkotlin/coroutines/Continuation;)Ljava/lang/Object;' in 'com/dokar/quickjs/QuickJs')}
  0x00000219016c3d98: 0000 0048 | b800 80e5 | 8119 0200 | 0048 83a8 | 1001 0000 | 01e9 0500 | 0000 e905 | 0000 0048 
  0x00000219016c3db8: 33f6 eb07 | 48c7 c601 | 0000 0085 

  0x00000219016c3dc4: ;   {metadata(method data for {method} {0x0000021981d849e8} 'awaitAsyncJobs' '(Lkotlin/coroutines/Continuation;)Ljava/lang/Object;' in 'com/dokar/quickjs/QuickJs')}
  0x00000219016c3dc4: f648 be00 | 80e5 8119 | 0200 0048 | c7c7 4801 | 0000 7407 | 48c7 c758 | 0100 0048 | 8b04 3e48 
  0x00000219016c3de4: 8d40 0148 | 8904 3e0f | 8425 0100 | 004d 85c0 

  0x00000219016c3df4: ;   {metadata(method data for {method} {0x0000021981d849e8} 'awaitAsyncJobs' '(Lkotlin/coroutines/Continuation;)Ljava/lang/Object;' in 'com/dokar/quickjs/QuickJs')}
  0x00000219016c3df4: 7516 48b8 | 0080 e581 | 1902 0000 | 8088 6101 | 0000 01e9 | ce00 0000 

  0x00000219016c3e0c: ;   {metadata('com/dokar/quickjs/QuickJs$awaitAsyncJobs$1')}
  0x00000219016c3e0c: 48b9 0040 | c800 0800 | 0000 418b | 7808 49ba | 0000 0000 | 0800 0000 | 4903 fa48 | 3bcf 0f85 
  0x00000219016c3e2c: 8e00 0000 

  0x00000219016c3e30: ;   {metadata(method data for {method} {0x0000021981d849e8} 'awaitAsyncJobs' '(Lkotlin/coroutines/Continuation;)Ljava/lang/Object;' in 'com/dokar/quickjs/QuickJs')}
  0x00000219016c3e30: 48b8 0080 | e581 1902 | 0000 418b | 4808 49ba | 0000 0000 | 0800 0000 | 4903 ca48 | 3b88 7801 
  0x00000219016c3e50: 0000 750d | 4883 8080 | 0100 0001 | e979 0000 | 0048 3b88 | 8801 0000 | 750d 4883 | 8090 0100 
  0x00000219016c3e70: 0001 e963 | 0000 0048 | 83b8 7801 | 0000 0075 | 1748 8988 | 7801 0000 | 48c7 8080 | 0100 0001 
  0x00000219016c3e90: 0000 00e9 | 4200 0000 | 4883 b888 | 0100 0000 | 7517 4889 | 8888 0100 | 0048 c780 | 9001 0000 
  0x00000219016c3eb0: 0100 0000 | e921 0000 | 00e9 1c00 

  0x00000219016c3ebc: ;   {metadata(method data for {method} {0x0000021981d849e8} 'awaitAsyncJobs' '(Lkotlin/coroutines/Continuation;)Ljava/lang/Object;' in 'com/dokar/quickjs/QuickJs')}
  0x00000219016c3ebc: 0000 48b8 | 0080 e581 | 1902 0000 | 4883 a868 | 0100 0001 | e96d 2800 | 00e9 0000 | 0000 498b 
  0x00000219016c3edc: f08b 7e1c | 488b c725 | 0000 0080 

  0x00000219016c3ee8: ;   {metadata(method data for {method} {0x0000021981d849e8} 'awaitAsyncJobs' '(Lkotlin/coroutines/Continuation;)Ljava/lang/Object;' in 'com/dokar/quickjs/QuickJs')}
  0x00000219016c3ee8: 85c0 48b8 | 0080 e581 | 1902 0000 | 48c7 c1b0 | 0100 0075 | 0748 c7c1 | a001 0000 | 488b 1c08 
  0x00000219016c3f08: 488d 5b01 | 4889 1c08 | 0f85 4203 | 0000 488b 

  0x00000219016c3f18: ;   {metadata('com/dokar/quickjs/QuickJs$awaitAsyncJobs$1')}
  0x00000219016c3f18: da48 ba00 | 40c8 0008 | 0000 0049 | 8b87 b801 | 0000 488d | 7830 493b | bfc8 0100 | 000f 8715 
  0x00000219016c3f38: 2800 0049 | 89bf b801 | 0000 48c7 | 0001 0000 | 0048 8bca | 49ba 0000 | 0000 0800 | 0000 492b 
  0x00000219016c3f58: ca89 4808 | 4833 c989 | 480c 4833 | c948 8948 | 1048 8948 | 1848 8948 | 2048 8948 | 2848 8bd0 
  0x00000219016c3f78: ;   {metadata(method data for {method} {0x0000021981d849e8} 'awaitAsyncJobs' '(Lkotlin/coroutines/Continuation;)Ljava/lang/Object;' in 'com/dokar/quickjs/QuickJs')}
  0x00000219016c3f78: 48be 0080 | e581 1902 | 0000 4883 | 86d8 0100 

  0x00000219016c3f88: ;   {metadata(method data for {method} {0x0000021981df61d8} '<init>' '(Lcom/dokar/quickjs/QuickJs;Lkotlin/coroutines/Continuation;)V' in 'com/dokar/quickjs/QuickJs$awaitAsyncJobs$1')}
  0x00000219016c3f88: 0001 48ba | 7079 e581 | 1902 0000 | 8bb2 cc00 | 0000 83c6 | 0289 b2cc | 0000 0081 | e6fe ff1f 
  0x00000219016c3fa8: 0085 f60f | 84ac 2700 | 0041 0fbe | 5740 85d2 | 0f85 c027 | 0000 4c8b | d349 c1ea | 0344 8950 
  0x00000219016c3fc8: 2848 8bd0 | 4833 d348 | c1ea 1648 | 83fa 000f | 85c0 2700 | 0048 8bd0 

  0x00000219016c3fe0: ;   {metadata(method data for {method} {0x0000021981df61d8} '<init>' '(Lcom/dokar/quickjs/QuickJs;Lkotlin/coroutines/Continuation;)V' in 'com/dokar/quickjs/QuickJs$awaitAsyncJobs$1')}
  0x00000219016c3fe0: 48be 7079 | e581 1902 | 0000 4883 | 8610 0100 

  0x00000219016c3ff0: ;   {metadata(method data for {method} {0x000002191af7f208} '<init>' '(Lkotlin/coroutines/Continuation;)V' in 'kotlin/coroutines/jvm/internal/ContinuationImpl')}
  0x00000219016c3ff0: 0001 48ba | 704b 0d1c | 1902 0000 | 8bb2 cc00 | 0000 83c6 | 0289 b2cc | 0000 0081 | e6fe ff1f 
  0x00000219016c4010: 0085 f60f | 849c 2700 | 004d 85c0 

  0x00000219016c401c: ;   {metadata(method data for {method} {0x000002191af7f208} '<init>' '(Lkotlin/coroutines/Continuation;)V' in 'kotlin/coroutines/jvm/internal/ContinuationImpl')}
  0x00000219016c401c: 48ba 704b | 0d1c 1902 | 0000 48c7 | c610 0100 | 0074 0748 | c7c6 2001 | 0000 488b | 3c32 488d 
  0x00000219016c403c: 7f01 4889 | 3c32 4889 | 8424 a800 | 0000 0f84 | d200 0000 

  0x00000219016c4050: ; implicit exception: dispatches to 0x00000219016c67d6
  0x00000219016c4050: 493b 0049 

  0x00000219016c4054: ;   {metadata(method data for {method} {0x000002191af7f208} '<init>' '(Lkotlin/coroutines/Continuation;)V' in 'kotlin/coroutines/jvm/internal/ContinuationImpl')}
  0x00000219016c4054: 8bf0 48bf | 704b 0d1c | 1902 0000 | 8b76 0849 | ba00 0000 | 0008 0000 | 0049 03f2 | 483b b740 
  0x00000219016c4074: 0100 0075 | 0d48 8387 | 4801 0000 | 01e9 6000 | 0000 483b | b750 0100 | 0075 0d48 | 8387 5801 
  0x00000219016c4094: 0000 01e9 | 4a00 0000 | 4883 bf40 | 0100 0000 | 7517 4889 | b740 0100 | 0048 c787 | 4801 0000 
  0x00000219016c40b4: 0100 0000 | e929 0000 | 0048 83bf | 5001 0000 | 0075 1748 | 89b7 5001 | 0000 48c7 | 8758 0100 
  0x00000219016c40d4: 0001 0000 | 00e9 0800 | 0000 4883 | 8730 0100 | 0001 498b | d04c 8984 | 24b0 0000 | 000f 1f40 
  0x00000219016c40f4: 0048 b860 | b8c6 0008 

  0x00000219016c40fc: ;   {virtual_call}
  0x00000219016c40fc: 0000 00e8 

  0x00000219016c4100: ; ImmutableOopMap {[168]=Oop [176]=Oop [184]=Oop }
                      ;*invokeinterface getContext {reexecute=0 rethrow=0 return_oop=0}
                      ; - kotlin.coroutines.jvm.internal.ContinuationImpl::<init>@7 (line 103)
                      ; - com.dokar.quickjs.QuickJs$awaitAsyncJobs$1::<init>@7
                      ; - com.dokar.quickjs.QuickJs::awaitAsyncJobs@47
  0x00000219016c4100: 9c1f 7806 

  0x00000219016c4104: ;   {other}
  0x00000219016c4104: 0f1f 8400 | f409 0000 

  0x00000219016c410c: ;   {metadata(method data for {method} {0x000002191af7f208} '<init>' '(Lkotlin/coroutines/Continuation;)V' in 'kotlin/coroutines/jvm/internal/ContinuationImpl')}
  0x00000219016c410c: 49b8 704b | 0d1c 1902 | 0000 41ff | 8068 0100 | 00e9 1200 | 0000 4c89 | 8424 b000 

  0x00000219016c4128: ;   {oop(nullptr)}
  0x00000219016c4128: 0000 48b8 | 0000 0000 | 0000 0000 | 4c8b 8424 | a800 0000 | 488b 9424 | b000 0000 

  0x00000219016c4144: ;   {metadata(method data for {method} {0x000002191af7f208} '<init>' '(Lkotlin/coroutines/Continuation;)V' in 'kotlin/coroutines/jvm/internal/ContinuationImpl')}
  0x00000219016c4144: 498b f048 | bf70 4b0d | 1c19 0200 | 0048 8387 | 8001 0000 

  0x00000219016c4158: ;   {metadata(method data for {method} {0x000002191af7f128} '<init>' '(Lkotlin/coroutines/Continuation;Lkotlin/coroutines/CoroutineContext;)V' in 'kotlin/coroutines/jvm/internal/ContinuationImpl')}
  0x00000219016c4158: 0148 bee0 | 450d 1c19 | 0200 008b | becc 0000 | 0083 c702 | 89be cc00 | 0000 81e7 | feff 1f00 
  0x00000219016c4178: 85ff 0f84 | 5b26 0000 

  0x00000219016c4180: ;   {metadata(method data for {method} {0x000002191af7f128} '<init>' '(Lkotlin/coroutines/Continuation;Lkotlin/coroutines/CoroutineContext;)V' in 'kotlin/coroutines/jvm/internal/ContinuationImpl')}
  0x00000219016c4180: 498b f048 | bfe0 450d | 1c19 0200 | 0048 8387 | 1001 0000 

  0x00000219016c4194: ;   {metadata(method data for {method} {0x000002191b000228} '<init>' '(Lkotlin/coroutines/Continuation;)V' in 'kotlin/coroutines/jvm/internal/BaseContinuationImpl')}
  0x00000219016c4194: 0148 be40 | 470d 1c19 | 0200 008b | becc 0000 | 0083 c702 | 89be cc00 | 0000 81e7 | feff 1f00 
  0x00000219016c41b4: 85ff 0f84 | 4026 0000 

  0x00000219016c41bc: ;   {metadata(method data for {method} {0x000002191b000228} '<init>' '(Lkotlin/coroutines/Continuation;)V' in 'kotlin/coroutines/jvm/internal/BaseContinuationImpl')}
  0x00000219016c41bc: 498b f048 | bf40 470d | 1c19 0200 | 0048 8387 | 1001 0000 

  0x00000219016c41d0: ;   {metadata(method data for {method} {0x000002191a000638} '<init>' '()V' in 'java/lang/Object')}
  0x00000219016c41d0: 0148 be28 | f628 1a19 | 0200 008b | becc 0000 | 0083 c702 | 89be cc00 | 0000 81e7 | feff 1f00 
  0x00000219016c41f0: 85ff 0f84 | 2526 0000 | 410f be77 | 4085 f60f | 8539 2600 | 004c 8bd2 | 49c1 ea03 | 4589 500c 
  0x00000219016c4210: 498b f048 | 33f2 48c1 | ee16 4883 | fe00 0f85 | 3a26 0000 | 410f be57 | 4085 d20f | 8545 2600 
  0x00000219016c4230: 004c 8bd0 | 49c1 ea03 | 4589 5010 | 498b d048 | 33d0 48c1 | ea16 4883 | fa00 0f85 | 4626 0000 
  0x00000219016c4250: 498b c0e9 | 1d00 0000 | 81ef 0000 | 0080 897e 

  0x00000219016c4260: ;   {metadata(method data for {method} {0x0000021981d849e8} 'awaitAsyncJobs' '(Lkotlin/coroutines/Continuation;)Ljava/lang/Object;' in 'com/dokar/quickjs/QuickJs')}
  0x00000219016c4260: 1c49 b800 | 80e5 8119 | 0200 0041 | ff80 c001 | 0000 488b | c68b 7024 | 48c1 e603 

  0x00000219016c427c: ;   {metadata(method data for {method} {0x0000021981d849e8} 'awaitAsyncJobs' '(Lkotlin/coroutines/Continuation;)Ljava/lang/Object;' in 'com/dokar/quickjs/QuickJs')}
  0x00000219016c427c: 49b8 0080 | e581 1902 | 0000 4983 | 80e8 0100 

  0x00000219016c428c: ;   {metadata(method data for {method} {0x000002191b00a5d0} 'getCOROUTINE_SUSPENDED' '()Ljava/lang/Object;' in 'kotlin/coroutines/intrinsics/IntrinsicsKt__IntrinsicsKt')}
  0x00000219016c428c: 0001 49b8 | 4851 0d1c | 1902 0000 | 418b 90cc | 0000 0083 | c202 4189 | 90cc 0000 | 0081 e2fe 
  0x00000219016c42ac: ff1f 0085 | d20f 84fc | 2500 0044 

  0x00000219016c42b8: ;   {metadata(method data for {method} {0x0000021981d849e8} 'awaitAsyncJobs' '(Lkotlin/coroutines/Continuation;)Ljava/lang/Object;' in 'com/dokar/quickjs/QuickJs')}
  0x00000219016c42b8: 8b40 1c48 | ba00 80e5 | 8119 0200 | 0048 c7c7 | 0002 0000 | 4585 c048 | 8bdf 48c7 | c710 0200 
  0x00000219016c42d8: 0048 0f45 | fb41 83f8 | 0148 8bdf | 48c7 c720 | 0200 0048 | 0f45 fb41 | 83f8 0248 | 8bdf 48c7 
  0x00000219016c42f8: c730 0200 | 0048 0f45 | fb41 83f8 | 0348 8bdf | 48c7 c740 | 0200 0048 | 0f45 fb48 | 8b1c 3a49 
  0x00000219016c4318: c7c2 0100 | 0000 4903 | da48 891c | 3a45 85c0 | 0f84 fb07 | 0000 4183 | f801 0f84 | 6a05 0000 
  0x00000219016c4338: 4183 f802 | 0f84 cf02 | 0000 4183 | f803 0f85 | d621 0000 | 448b 4020 | 49c1 e003 | 4d85 c075 
  0x00000219016c4358: ;   {metadata(method data for {method} {0x0000021981d849e8} 'awaitAsyncJobs' '(Lkotlin/coroutines/Continuation;)Ljava/lang/Object;' in 'com/dokar/quickjs/QuickJs')}
  0x00000219016c4358: 1648 bf00 | 80e5 8119 | 0200 0080 | 8f49 0800 | 0001 e9e9 

  0x00000219016c436c: ;   {metadata('java/util/List')}
  0x00000219016c436c: 0000 0048 | bbd8 6f05 | 0008 0000 | 0041 8b78 | 0849 ba00 | 0000 0008 | 0000 0049 | 03fa 483b 
  0x00000219016c438c: 5f20 0f84 | 1a00 0000 | 483b fb0f | 8411 0000 

  0x00000219016c439c: ;   {runtime_call slow_subtype_check Runtime1 stub}
  0x00000219016c439c: 0057 53e8 | dc37 f705 | 5f5f 85ff | 0f84 8e00 

  0x00000219016c43ac: ;   {metadata(method data for {method} {0x0000021981d849e8} 'awaitAsyncJobs' '(Lkotlin/coroutines/Continuation;)Ljava/lang/Object;' in 'com/dokar/quickjs/QuickJs')}
  0x00000219016c43ac: 0000 48bf | 0080 e581 | 1902 0000 | 418b 5808 | 49ba 0000 | 0000 0800 | 0000 4903 | da48 3b9f 
  0x00000219016c43cc: 6008 0000 | 750d 4883 | 8768 0800 | 0001 e979 | 0000 0048 | 3b9f 7008 | 0000 750d | 4883 8778 
  0x00000219016c43ec: 0800 0001 | e963 0000 | 0048 83bf | 6008 0000 | 0075 1748 | 899f 6008 | 0000 48c7 | 8768 0800 
  0x00000219016c440c: 0001 0000 | 00e9 4200 | 0000 4883 | bf70 0800 | 0000 7517 | 4889 9f70 | 0800 0048 | c787 7808 
  0x00000219016c442c: 0000 0100 | 0000 e921 | 0000 00e9 | 1c00 0000 

  0x00000219016c443c: ;   {metadata(method data for {method} {0x0000021981d849e8} 'awaitAsyncJobs' '(Lkotlin/coroutines/Continuation;)Ljava/lang/Object;' in 'com/dokar/quickjs/QuickJs')}
  0x00000219016c443c: 48bf 0080 | e581 1902 | 0000 4883 | af50 0800 | 0001 e981 | 2400 00e9 | 0000 0000 

  0x00000219016c4458: ;   {metadata(method data for {method} {0x0000021981d849e8} 'awaitAsyncJobs' '(Lkotlin/coroutines/Continuation;)Ljava/lang/Object;' in 'com/dokar/quickjs/QuickJs')}
  0x00000219016c4458: 49b8 0080 | e581 1902 | 0000 4983 | 8088 0800 

  0x00000219016c4468: ;   {metadata(method data for {method} {0x000002191b035e90} 'throwOnFailure' '(Ljava/lang/Object;)V' in 'kotlin/ResultKt')}
  0x00000219016c4468: 0001 49b8 | 9856 291c | 1902 0000 | 418b 90cc | 0000 0083 | c202 4189 | 90cc 0000 | 0081 e2fe 
  0x00000219016c4488: ff1f 0085 | d20f 844a | 2400 0048 | 85f6 7516 

  0x00000219016c4498: ;   {metadata(method data for {method} {0x000002191b035e90} 'throwOnFailure' '(Ljava/lang/Object;)V' in 'kotlin/ResultKt')}
  0x00000219016c4498: 48bf 9856 | 291c 1902 | 0000 808f | 0901 0000 | 01e9 cc00 

  0x00000219016c44ac: ;   {metadata('kotlin/Result$Failure')}
  0x00000219016c44ac: 0000 48bb | d81c 0d00 | 0800 0000 | 8b56 0849 | ba00 0000 | 0008 0000 | 0049 03d2 | 483b da0f 
  0x00000219016c44cc: 858d 0000 

  0x00000219016c44d0: ;   {metadata(method data for {method} {0x000002191b035e90} 'throwOnFailure' '(Ljava/lang/Object;)V' in 'kotlin/ResultKt')}
  0x00000219016c44d0: 0048 bf98 | 5629 1c19 | 0200 008b | 5e08 49ba | 0000 0000 | 0800 0000 | 4903 da48 | 3b9f 2001 
  0x00000219016c44f0: 0000 750d | 4883 8728 | 0100 0001 | e97e 0000 | 0048 3b9f | 3001 0000 | 750d 4883 | 8738 0100 
  0x00000219016c4510: 0001 e968 | 0000 0048 | 83bf 2001 | 0000 0075 | 1748 899f | 2001 0000 | 48c7 8728 | 0100 0001 
  0x00000219016c4530: 0000 00e9 | 4700 0000 | 4883 bf30 | 0100 0000 | 7517 4889 | 9f30 0100 | 0048 c787 | 3801 0000 
  0x00000219016c4550: 0100 0000 | e926 0000 | 00e9 2100 

  0x00000219016c455c: ;   {metadata(method data for {method} {0x000002191b035e90} 'throwOnFailure' '(Ljava/lang/Object;)V' in 'kotlin/ResultKt')}
  0x00000219016c455c: 0000 48bf | 9856 291c | 1902 0000 | 4883 af10 | 0100 0001 | e905 0000 | 00e9 0500 | 0000 4d33 
  0x00000219016c457c: c0eb 0749 | c7c0 0100 | 0000 4585 

  0x00000219016c4588: ;   {metadata(method data for {method} {0x000002191b035e90} 'throwOnFailure' '(Ljava/lang/Object;)V' in 'kotlin/ResultKt')}
  0x00000219016c4588: c049 b898 | 5629 1c19 | 0200 0048 | c7c2 5801 | 0000 7507 | 48c7 c248 | 0100 0049 | 8b3c 1048 
  0x00000219016c45a8: 8d7f 0149 | 893c 100f | 8568 1e00 | 0048 8b94 | 24b8 0000 

  0x00000219016c45bc: ;   {oop(a 'kotlin/coroutines/intrinsics/CoroutineSingletons'{0x00000006898fe440})}
  0x00000219016c45bc: 0048 bf40 | e48f 8906 | 0000 0090 

  0x00000219016c45c8: ;   {metadata(method data for {method} {0x0000021981d849e8} 'awaitAsyncJobs' '(Lkotlin/coroutines/Continuation;)Ljava/lang/Object;' in 'com/dokar/quickjs/QuickJs')}
  0x00000219016c45c8: 49b8 0080 | e581 1902 | 0000 418b | b0d0 0000 | 0083 c602 | 4189 b0d0 | 0000 0081 | e6fe 3f00 
  0x00000219016c45e8: 0085 f60f | 840d 2300 | 004d 8b97 

  0x00000219016c45f4: ; ImmutableOopMap {rax=Oop rdx=Oop rdi=Oop }
                      ;*goto {reexecute=1 rethrow=0 return_oop=0}
                      ; - (reexecute) com.dokar.quickjs.QuickJs::awaitAsyncJobs@509 (line 385)
  0x00000219016c45f4: 5804 0000 

  0x00000219016c45f8: ;   {poll}
  0x00000219016c45f8: 4185 0249 | b800 80e5 | 8119 0200 | 0041 ff80 | 9808 0000 | e9ce 0a00 | 0044 8b40 | 1844 8b40 
  0x00000219016c4618: 2049 c1e0 | 034d 85c0 

  0x00000219016c4620: ;   {metadata(method data for {method} {0x0000021981d849e8} 'awaitAsyncJobs' '(Lkotlin/coroutines/Continuation;)Ljava/lang/Object;' in 'com/dokar/quickjs/QuickJs')}
  0x00000219016c4620: 7516 48ba | 0080 e581 | 1902 0000 | 808a 3104 | 0000 01e9 | e900 0000 

  0x00000219016c4638: ;   {metadata('kotlinx/coroutines/sync/Mutex')}
  0x00000219016c4638: 48bb 8804 | 1500 0800 | 0000 418b | 5008 49ba | 0000 0000 | 0800 0000 | 4903 d248 | 3b5a 200f 
  0x00000219016c4658: 841a 0000 | 0048 3bd3 | 0f84 1100 | 0000 5253 

  0x00000219016c4668: ;   {runtime_call slow_subtype_check Runtime1 stub}
  0x00000219016c4668: e813 35f7 | 055a 5a85 | d20f 848e 

  0x00000219016c4674: ;   {metadata(method data for {method} {0x0000021981d849e8} 'awaitAsyncJobs' '(Lkotlin/coroutines/Continuation;)Ljava/lang/Object;' in 'com/dokar/quickjs/QuickJs')}
  0x00000219016c4674: 0000 0048 | ba00 80e5 | 8119 0200 | 0041 8b58 | 0849 ba00 | 0000 0008 | 0000 0049 | 03da 483b 
  0x00000219016c4694: 9a48 0400 | 0075 0d48 | 8382 5004 | 0000 01e9 | 7900 0000 | 483b 9a58 | 0400 0075 | 0d48 8382 
  0x00000219016c46b4: 6004 0000 | 01e9 6300 | 0000 4883 | ba48 0400 | 0000 7517 | 4889 9a48 | 0400 0048 | c782 5004 
  0x00000219016c46d4: 0000 0100 | 0000 e942 | 0000 0048 | 83ba 5804 | 0000 0075 | 1748 899a | 5804 0000 | 48c7 8260 
  0x00000219016c46f4: 0400 0001 | 0000 00e9 | 2100 0000 | e91c 0000 

  0x00000219016c4704: ;   {metadata(method data for {method} {0x0000021981d849e8} 'awaitAsyncJobs' '(Lkotlin/coroutines/Continuation;)Ljava/lang/Object;' in 'com/dokar/quickjs/QuickJs')}
  0x00000219016c4704: 0048 ba00 | 80e5 8119 | 0200 0048 | 83aa 3804 | 0000 01e9 | 0322 0000 | e900 0000 | 0049 8bf8 
  0x00000219016c4724: ;   {metadata(method data for {method} {0x0000021981d849e8} 'awaitAsyncJobs' '(Lkotlin/coroutines/Continuation;)Ljava/lang/Object;' in 'com/dokar/quickjs/QuickJs')}
  0x00000219016c4724: 49b8 0080 | e581 1902 | 0000 4983 | 8070 0400 

  0x00000219016c4734: ;   {metadata(method data for {method} {0x000002191b035e90} 'throwOnFailure' '(Ljava/lang/Object;)V' in 'kotlin/ResultKt')}
  0x00000219016c4734: 0001 49b8 | 9856 291c | 1902 0000 | 418b 90cc | 0000 0083 | c202 4189 | 90cc 0000 | 0081 e2fe 
  0x00000219016c4754: ff1f 0085 | d20f 84c9 | 2100 0048 | 85f6 7516 

  0x00000219016c4764: ;   {metadata(method data for {method} {0x000002191b035e90} 'throwOnFailure' '(Ljava/lang/Object;)V' in 'kotlin/ResultKt')}
  0x00000219016c4764: 48bb 9856 | 291c 1902 | 0000 808b | 0901 0000 | 01e9 cc00 

  0x00000219016c4778: ;   {metadata('kotlin/Result$Failure')}
  0x00000219016c4778: 0000 48b9 | d81c 0d00 | 0800 0000 | 8b56 0849 | ba00 0000 | 0008 0000 | 0049 03d2 | 483b ca0f 
  0x00000219016c4798: 858d 0000 

  0x00000219016c479c: ;   {metadata(method data for {method} {0x000002191b035e90} 'throwOnFailure' '(Ljava/lang/Object;)V' in 'kotlin/ResultKt')}
  0x00000219016c479c: 0048 bb98 | 5629 1c19 | 0200 008b | 4e08 49ba | 0000 0000 | 0800 0000 | 4903 ca48 | 3b8b 2001 
  0x00000219016c47bc: 0000 750d | 4883 8328 | 0100 0001 | e97e 0000 | 0048 3b8b | 3001 0000 | 750d 4883 | 8338 0100 
  0x00000219016c47dc: 0001 e968 | 0000 0048 | 83bb 2001 | 0000 0075 | 1748 898b | 2001 0000 | 48c7 8328 | 0100 0001 
  0x00000219016c47fc: 0000 00e9 | 4700 0000 | 4883 bb30 | 0100 0000 | 7517 4889 | 8b30 0100 | 0048 c783 | 3801 0000 
  0x00000219016c481c: 0100 0000 | e926 0000 | 00e9 2100 

  0x00000219016c4828: ;   {metadata(method data for {method} {0x000002191b035e90} 'throwOnFailure' '(Ljava/lang/Object;)V' in 'kotlin/ResultKt')}
  0x00000219016c4828: 0000 48bb | 9856 291c | 1902 0000 | 4883 ab10 | 0100 0001 | e905 0000 | 00e9 0500 | 0000 4d33 
  0x00000219016c4848: c0eb 0749 | c7c0 0100 | 0000 4585 

  0x00000219016c4854: ;   {metadata(method data for {method} {0x000002191b035e90} 'throwOnFailure' '(Ljava/lang/Object;)V' in 'kotlin/ResultKt')}
  0x00000219016c4854: c049 b898 | 5629 1c19 | 0200 0048 | c7c2 5801 | 0000 7507 | 48c7 c248 | 0100 0049 | 8b1c 1048 
  0x00000219016c4874: 8d5b 0149 | 891c 100f | 859a 1a00 | 0048 8b94 | 24b8 0000 

  0x00000219016c4888: ;   {oop(a 'kotlin/coroutines/intrinsics/CoroutineSingletons'{0x00000006898fe440})}
  0x00000219016c4888: 0048 bb40 | e48f 8906 

  0x00000219016c4890: ;   {oop(nullptr)}
  0x00000219016c4890: 0000 0049 | b800 0000 | 0000 0000 | 00e9 f80a | 0000 448b | 4018 448b | 4020 49c1 | e003 4d85 
  0x00000219016c48b0: ;   {metadata(method data for {method} {0x0000021981d849e8} 'awaitAsyncJobs' '(Lkotlin/coroutines/Continuation;)Ljava/lang/Object;' in 'com/dokar/quickjs/QuickJs')}
  0x00000219016c48b0: c075 1648 | ba00 80e5 | 8119 0200 | 0080 8ab9 | 0200 0001 | e9e9 0000 

  0x00000219016c48c8: ;   {metadata('kotlinx/coroutines/sync/Mutex')}
  0x00000219016c48c8: 0048 bb88 | 0415 0008 | 0000 0041 | 8b50 0849 | ba00 0000 | 0008 0000 | 0049 03d2 | 483b 5a20 
  0x00000219016c48e8: 0f84 1a00 | 0000 483b | d30f 8411 | 0000 0052 

  0x00000219016c48f8: ;   {runtime_call slow_subtype_check Runtime1 stub}
  0x00000219016c48f8: 53e8 8232 | f705 5a5a | 85d2 0f84 | 8e00 0000 

  0x00000219016c4908: ;   {metadata(method data for {method} {0x0000021981d849e8} 'awaitAsyncJobs' '(Lkotlin/coroutines/Continuation;)Ljava/lang/Object;' in 'com/dokar/quickjs/QuickJs')}
  0x00000219016c4908: 48ba 0080 | e581 1902 | 0000 418b | 5808 49ba | 0000 0000 | 0800 0000 | 4903 da48 | 3b9a d002 
  0x00000219016c4928: 0000 750d | 4883 82d8 | 0200 0001 | e979 0000 | 0048 3b9a | e002 0000 | 750d 4883 | 82e8 0200 
  0x00000219016c4948: 0001 e963 | 0000 0048 | 83ba d002 | 0000 0075 | 1748 899a | d002 0000 | 48c7 82d8 | 0200 0001 
  0x00000219016c4968: 0000 00e9 | 4200 0000 | 4883 bae0 | 0200 0000 | 7517 4889 | 9ae0 0200 | 0048 c782 | e802 0000 
  0x00000219016c4988: 0100 0000 | e921 0000 | 00e9 1c00 

  0x00000219016c4994: ;   {metadata(method data for {method} {0x0000021981d849e8} 'awaitAsyncJobs' '(Lkotlin/coroutines/Continuation;)Ljava/lang/Object;' in 'com/dokar/quickjs/QuickJs')}
  0x00000219016c4994: 0000 48ba | 0080 e581 | 1902 0000 | 4883 aac0 | 0200 0001 | e99c 1f00 | 00e9 0000 | 0000 498b 
  0x00000219016c49b4: ;   {metadata(method data for {method} {0x0000021981d849e8} 'awaitAsyncJobs' '(Lkotlin/coroutines/Continuation;)Ljava/lang/Object;' in 'com/dokar/quickjs/QuickJs')}
  0x00000219016c49b4: f849 b800 | 80e5 8119 | 0200 0049 | 8380 f802 

  0x00000219016c49c4: ;   {metadata(method data for {method} {0x000002191b035e90} 'throwOnFailure' '(Ljava/lang/Object;)V' in 'kotlin/ResultKt')}
  0x00000219016c49c4: 0000 0149 | b898 5629 | 1c19 0200 | 0041 8b90 | cc00 0000 | 83c2 0241 | 8990 cc00 | 0000 81e2 
  0x00000219016c49e4: feff 1f00 | 85d2 0f84 | 621f 0000 | 4885 f675 

  0x00000219016c49f4: ;   {metadata(method data for {method} {0x000002191b035e90} 'throwOnFailure' '(Ljava/lang/Object;)V' in 'kotlin/ResultKt')}
  0x00000219016c49f4: 1648 bb98 | 5629 1c19 | 0200 0080 | 8b09 0100 | 0001 e9cc 

  0x00000219016c4a08: ;   {metadata('kotlin/Result$Failure')}
  0x00000219016c4a08: 0000 0048 | b9d8 1c0d | 0008 0000 | 008b 5608 | 49ba 0000 | 0000 0800 | 0000 4903 | d248 3bca 
  0x00000219016c4a28: 0f85 8d00 

  0x00000219016c4a2c: ;   {metadata(method data for {method} {0x000002191b035e90} 'throwOnFailure' '(Ljava/lang/Object;)V' in 'kotlin/ResultKt')}
  0x00000219016c4a2c: 0000 48bb | 9856 291c | 1902 0000 | 8b4e 0849 | ba00 0000 | 0008 0000 | 0049 03ca | 483b 8b20 
  0x00000219016c4a4c: 0100 0075 | 0d48 8383 | 2801 0000 | 01e9 7e00 | 0000 483b | 8b30 0100 | 0075 0d48 | 8383 3801 
  0x00000219016c4a6c: 0000 01e9 | 6800 0000 | 4883 bb20 | 0100 0000 | 7517 4889 | 8b20 0100 | 0048 c783 | 2801 0000 
  0x00000219016c4a8c: 0100 0000 | e947 0000 | 0048 83bb | 3001 0000 | 0075 1748 | 898b 3001 | 0000 48c7 | 8338 0100 
  0x00000219016c4aac: 0001 0000 | 00e9 2600 | 0000 e921 

  0x00000219016c4ab8: ;   {metadata(method data for {method} {0x000002191b035e90} 'throwOnFailure' '(Ljava/lang/Object;)V' in 'kotlin/ResultKt')}
  0x00000219016c4ab8: 0000 0048 | bb98 5629 | 1c19 0200 | 0048 83ab | 1001 0000 | 01e9 0500 | 0000 e905 | 0000 004d 
  0x00000219016c4ad8: 33c0 eb07 | 49c7 c001 | 0000 0045 

  0x00000219016c4ae4: ;   {metadata(method data for {method} {0x000002191b035e90} 'throwOnFailure' '(Ljava/lang/Object;)V' in 'kotlin/ResultKt')}
  0x00000219016c4ae4: 85c0 49b8 | 9856 291c | 1902 0000 | 48c7 c258 | 0100 0075 | 0748 c7c2 | 4801 0000 | 498b 1c10 
  0x00000219016c4b04: 488d 5b01 | 4989 1c10 | 0f85 0717 

  0x00000219016c4b10: ;   {oop(nullptr)}
  0x00000219016c4b10: 0000 48be | 0000 0000 | 0000 0000 | 4889 8424 | c800 0000 | e902 0400 

  0x00000219016c4b28: ;   {metadata(method data for {method} {0x0000021981d849e8} 'awaitAsyncJobs' '(Lkotlin/coroutines/Continuation;)Ljava/lang/Object;' in 'com/dokar/quickjs/QuickJs')}
  0x00000219016c4b28: 0049 b800 | 80e5 8119 | 0200 0049 | 8380 5802 

  0x00000219016c4b38: ;   {metadata(method data for {method} {0x000002191b035e90} 'throwOnFailure' '(Ljava/lang/Object;)V' in 'kotlin/ResultKt')}
  0x00000219016c4b38: 0000 0149 | b898 5629 | 1c19 0200 | 0041 8b90 | cc00 0000 | 83c2 0241 | 8990 cc00 | 0000 81e2 
  0x00000219016c4b58: feff 1f00 | 85d2 0f84 | 0f1e 0000 | 4885 f675 

  0x00000219016c4b68: ;   {metadata(method data for {method} {0x000002191b035e90} 'throwOnFailure' '(Ljava/lang/Object;)V' in 'kotlin/ResultKt')}
  0x00000219016c4b68: 1648 bf98 | 5629 1c19 | 0200 0080 | 8f09 0100 | 0001 e9cc 

  0x00000219016c4b7c: ;   {metadata('kotlin/Result$Failure')}
  0x00000219016c4b7c: 0000 0048 | bbd8 1c0d | 0008 0000 | 008b 5608 | 49ba 0000 | 0000 0800 | 0000 4903 | d248 3bda 
  0x00000219016c4b9c: 0f85 8d00 

  0x00000219016c4ba0: ;   {metadata(method data for {method} {0x000002191b035e90} 'throwOnFailure' '(Ljava/lang/Object;)V' in 'kotlin/ResultKt')}
  0x00000219016c4ba0: 0000 48bf | 9856 291c | 1902 0000 | 8b5e 0849 | ba00 0000 | 0008 0000 | 0049 03da | 483b 9f20 
  0x00000219016c4bc0: 0100 0075 | 0d48 8387 | 2801 0000 | 01e9 7e00 | 0000 483b | 9f30 0100 | 0075 0d48 | 8387 3801 
  0x00000219016c4be0: 0000 01e9 | 6800 0000 | 4883 bf20 | 0100 0000 | 7517 4889 | 9f20 0100 | 0048 c787 | 2801 0000 
  0x00000219016c4c00: 0100 0000 | e947 0000 | 0048 83bf | 3001 0000 | 0075 1748 | 899f 3001 | 0000 48c7 | 8738 0100 
  0x00000219016c4c20: 0001 0000 | 00e9 2600 | 0000 e921 

  0x00000219016c4c2c: ;   {metadata(method data for {method} {0x000002191b035e90} 'throwOnFailure' '(Ljava/lang/Object;)V' in 'kotlin/ResultKt')}
  0x00000219016c4c2c: 0000 0048 | bf98 5629 | 1c19 0200 | 0048 83af | 1001 0000 | 01e9 0500 | 0000 e905 | 0000 004d 
  0x00000219016c4c4c: 33c0 eb07 | 49c7 c001 | 0000 0045 

  0x00000219016c4c58: ;   {metadata(method data for {method} {0x000002191b035e90} 'throwOnFailure' '(Ljava/lang/Object;)V' in 'kotlin/ResultKt')}
  0x00000219016c4c58: 85c0 49b8 | 9856 291c | 1902 0000 | 48c7 c258 | 0100 0075 | 0748 c7c2 | 4801 0000 | 498b 3c10 
  0x00000219016c4c78: 488d 7f01 | 4989 3c10 | 0f85 9214 | 0000 488b | 9424 b800 | 0000 8b72 | 5448 c1e6 | 0345 0fbe 
  0x00000219016c4c98: 4740 4585 | c00f 85f1 | 1c00 004c | 8bd6 49c1 | ea03 4489 | 5020 4c8b | c04c 33c6 | 49c1 e816 
  0x00000219016c4cb8: 4983 f800 | 0f85 f21c | 0000 c740 | 1800 0000 | 00c7 401c | 0100 0000 | 4885 f60f | 8429 0000 
  0x00000219016c4cd8: ;   {metadata('kotlinx/coroutines/sync/MutexImpl')}
  0x00000219016c4cd8: 0048 b9f8 | 0815 0008 | 0000 008b | 5e08 49ba | 0000 0000 | 0800 0000 | 4903 da48 | 3b4b 400f 
  0x00000219016c4cf8: 85cf 1c00 | 00e9 0000 | 0000 4c8b | c648 3b06 

  0x00000219016c4d08: ;   {metadata(method data for {method} {0x0000021981d849e8} 'awaitAsyncJobs' '(Lkotlin/coroutines/Continuation;)Ljava/lang/Object;' in 'com/dokar/quickjs/QuickJs')}
  0x00000219016c4d08: 4c8b c648 | bf00 80e5 | 8119 0200 

  0x00000219016c4d14: ;   {metadata('kotlinx/coroutines/sync/MutexImpl')}
  0x00000219016c4d14: 0049 baf8 | 0815 0008 | 0000 004c | 8997 7802 | 0000 4883 | 8780 0200 

  0x00000219016c4d2c: ;   {metadata(method data for {method} {0x000002191ac19cb0} 'lock' '(Ljava/lang/Object;Lkotlin/coroutines/Continuation;)Ljava/lang/Object;' in 'kotlinx/coroutines/sync/MutexImpl')}
  0x00000219016c4d2c: 0001 49b8 | 48f6 9580 | 1902 0000 | 418b b8cc | 0000 0083 | c702 4189 | b8cc 0000 | 0081 e7fe 
  0x00000219016c4d4c: ff1f 0085 | ff0f 847f 

  0x00000219016c4d54: ;   {metadata(method data for {method} {0x000002191ac19cb0} 'lock' '(Ljava/lang/Object;Lkotlin/coroutines/Continuation;)Ljava/lang/Object;' in 'kotlinx/coroutines/sync/MutexImpl')}
  0x00000219016c4d54: 1c00 0049 | b848 f695 | 8019 0200 | 0049 8380 | 1001 0000 

  0x00000219016c4d68: ;   {metadata(method data for {method} {0x000002191ac19da8} 'lock$suspendImpl' '(Lkotlinx/coroutines/sync/MutexImpl;Ljava/lang/Object;Lkotlin/coroutines/Continuation;)Ljava/lang/Object;' in 'kotlinx/coroutines/sync/MutexImpl')}
  0x00000219016c4d68: 0149 b8b8 | f795 8019 | 0200 0041 | 8bb8 cc00 | 0000 83c7 | 0241 89b8 | cc00 0000 | 81e7 feff 
  0x00000219016c4d88: 1f00 85ff | 0f84 651c | 0000 4c8b 

  0x00000219016c4d94: ;   {metadata(method data for {method} {0x000002191ac19da8} 'lock$suspendImpl' '(Lkotlinx/coroutines/sync/MutexImpl;Ljava/lang/Object;Lkotlin/coroutines/Continuation;)Ljava/lang/Object;' in 'kotlinx/coroutines/sync/MutexImpl')}
  0x00000219016c4d94: c648 bfb8 | f795 8019 | 0200 0048 | 8387 2801 

  0x00000219016c4da4: ;   {oop(nullptr)}
  0x00000219016c4da4: 0000 0149 | b800 0000 | 0000 0000 | 0048 8bd6 | 4889 8424 | c800 0000 | 4889 b424 | c000 0000 
  0x00000219016c4dc4: ;   {optimized virtual_call}
  0x00000219016c4dc4: 6666 90e8 

  0x00000219016c4dc8: ; ImmutableOopMap {[184]=Oop [192]=Oop [200]=Oop }
                      ;*invokevirtual tryLock {reexecute=0 rethrow=0 return_oop=0}
                      ; - kotlinx.coroutines.sync.MutexImpl::lock$suspendImpl@2 (line 167)
                      ; - kotlinx.coroutines.sync.MutexImpl::lock@3
                      ; - com.dokar.quickjs.QuickJs::awaitAsyncJobs@138 (line 745)
  0x00000219016c4dc8: 7471 4906 

  0x00000219016c4dcc: ;   {other}
  0x00000219016c4dcc: 0f1f 8400 | bc16 0002 

  0x00000219016c4dd4: ;   {metadata(method data for {method} {0x000002191ac19da8} 'lock$suspendImpl' '(Lkotlinx/coroutines/sync/MutexImpl;Ljava/lang/Object;Lkotlin/coroutines/Continuation;)Ljava/lang/Object;' in 'kotlinx/coroutines/sync/MutexImpl')}
  0x00000219016c4dd4: 85c0 49b8 | b8f7 9580 | 1902 0000 | 49c7 c148 | 0100 0074 | 0749 c7c1 | 5801 0000 | 4b8b 1408 
  0x00000219016c4df4: 488d 5201 | 4b89 1408 | 0f84 0f00 

  0x00000219016c4e00: ;   {oop(a 'kotlin/Unit'{0x0000000689669278})}
  0x00000219016c4e00: 0000 48be | 7892 6689 | 0600 0000 | e9cc 0000 | 0048 8bb4 | 24c0 0000 

  0x00000219016c4e18: ;   {metadata(method data for {method} {0x000002191ac19da8} 'lock$suspendImpl' '(Lkotlinx/coroutines/sync/MutexImpl;Ljava/lang/Object;Lkotlin/coroutines/Continuation;)Ljava/lang/Object;' in 'kotlinx/coroutines/sync/MutexImpl')}
  0x00000219016c4e18: 0049 b8b8 | f795 8019 | 0200 0049 | 8380 6801 

  0x00000219016c4e28: ;   {oop(nullptr)}
  0x00000219016c4e28: 0000 0149 | b800 0000 | 0000 0000 | 004c 8b8c | 24c8 0000 | 0048 8b94 | 24c0 0000 

  0x00000219016c4e44: ;   {optimized virtual_call}
  0x00000219016c4e44: 0066 90e8 

  0x00000219016c4e48: ; ImmutableOopMap {[184]=Oop [192]=Oop [200]=Oop }
                      ;*invokespecial lockSuspend {reexecute=0 rethrow=0 return_oop=0}
                      ; - kotlinx.coroutines.sync.MutexImpl::lock$suspendImpl@15 (line 168)
                      ; - kotlinx.coroutines.sync.MutexImpl::lock@3
                      ; - com.dokar.quickjs.QuickJs::awaitAsyncJobs@138 (line 745)
  0x00000219016c4e48: 349c eb05 

  0x00000219016c4e4c: ;   {other}
  0x00000219016c4e4c: 0f1f 8400 | 3c17 0003 

  0x00000219016c4e54: ;   {metadata(method data for {method} {0x000002191ac19da8} 'lock$suspendImpl' '(Lkotlinx/coroutines/sync/MutexImpl;Ljava/lang/Object;Lkotlin/coroutines/Continuation;)Ljava/lang/Object;' in 'kotlinx/coroutines/sync/MutexImpl')}
  0x00000219016c4e54: 49b8 b8f7 | 9580 1902 | 0000 4983 | 8078 0100 

  0x00000219016c4e64: ;   {metadata(method data for {method} {0x000002191b00a5d0} 'getCOROUTINE_SUSPENDED' '()Ljava/lang/Object;' in 'kotlin/coroutines/intrinsics/IntrinsicsKt__IntrinsicsKt')}
  0x00000219016c4e64: 0001 49b8 | 4851 0d1c | 1902 0000 | 458b 88cc | 0000 0041 | 83c1 0245 | 8988 cc00 | 0000 4181 
  0x00000219016c4e84: e1fe ff1f | 0045 85c9 | 0f84 861b 

  0x00000219016c4e90: ;   {oop(a 'kotlin/coroutines/intrinsics/CoroutineSingletons'{0x00000006898fe440})}
  0x00000219016c4e90: 0000 49ba | 40e4 8f89 | 0600 0000 

  0x00000219016c4e9c: ;   {metadata(method data for {method} {0x000002191ac19da8} 'lock$suspendImpl' '(Lkotlinx/coroutines/sync/MutexImpl;Ljava/lang/Object;Lkotlin/coroutines/Continuation;)Ljava/lang/Object;' in 'kotlinx/coroutines/sync/MutexImpl')}
  0x00000219016c4e9c: 493b c249 | b8b8 f795 | 8019 0200 | 0049 c7c1 | 8801 0000 | 7507 49c7 | c198 0100 | 004b 8b14 
  0x00000219016c4ebc: 0848 8d52 | 014b 8914 | 080f 8508 | 0000 0048 | 8bf0 e90a 

  0x00000219016c4ed0: ;   {oop(a 'kotlin/Unit'{0x0000000689669278})}
  0x00000219016c4ed0: 0000 0048 | be78 9266 | 8906 0000 

  0x00000219016c4edc: ;   {oop(a 'kotlin/coroutines/intrinsics/CoroutineSingletons'{0x00000006898fe440})}
  0x00000219016c4edc: 0049 ba40 | e48f 8906 | 0000 0049 

  0x00000219016c4ee8: ;   {metadata(method data for {method} {0x0000021981d849e8} 'awaitAsyncJobs' '(Lkotlin/coroutines/Continuation;)Ljava/lang/Object;' in 'com/dokar/quickjs/QuickJs')}
  0x00000219016c4ee8: 3bf2 49b8 | 0080 e581 | 1902 0000 | 49c7 c1b0 | 0200 0074 | 0749 c7c1 | a002 0000 | 4b8b 1408 
  0x00000219016c4f08: 488d 5201 | 4b89 1408 | 0f84 e211 | 0000 4c8b | 8424 c000 | 0000 498b 

  0x00000219016c4f20: ;   {oop(nullptr)}
  0x00000219016c4f20: f848 be00 | 0000 0000 | 0000 0048 | 8b94 24b8 | 0000 0044 | 0fbe 420c 

  0x00000219016c4f38: ;   {metadata(method data for {method} {0x0000021981d849e8} 'awaitAsyncJobs' '(Lkotlin/coroutines/Continuation;)Ljava/lang/Object;' in 'com/dokar/quickjs/QuickJs')}
  0x00000219016c4f38: 4585 c049 | b800 80e5 | 8119 0200 | 0049 c7c1 | 0803 0000 | 7507 49c7 | c118 0300 | 004b 8b1c 
  0x00000219016c4f58: 0848 8d5b | 014b 891c | 0848 89b4 | 24d8 0000 | 0048 89bc | 24d0 0000 | 000f 85be | 0000 00e9 
  0x00000219016c4f78: 0c00 0000 | 0f1f 4000 | 488b 9424 | b800 0000 | 4c8b 4220 | 4c8b 4a10 

  0x00000219016c4f90: ;   {metadata(method data for {method} {0x0000021981d849e8} 'awaitAsyncJobs' '(Lkotlin/coroutines/Continuation;)Ljava/lang/Object;' in 'com/dokar/quickjs/QuickJs')}
  0x00000219016c4f90: 488b da48 | b800 80e5 | 8119 0200 | 0048 8380 | 2803 0000 | 0148 8bda | 488b d30f 

  0x00000219016c4fac: ;   {optimized virtual_call}
  0x00000219016c4fac: 1f40 00e8 

  0x00000219016c4fb0: ; ImmutableOopMap {[184]=Oop [200]=Oop [208]=Oop [216]=Oop }
                      ;*invokespecial executePendingJob {reexecute=0 rethrow=0 return_oop=0}
                      ; - com.dokar.quickjs.QuickJs::awaitAsyncJobs@198 (line 376)
  0x00000219016c4fb0: 8c62 a006 

  0x00000219016c4fb4: ;   {other}
  0x00000219016c4fb4: 0f1f 8400 | a418 0004 | 85c0 41b8 | 0200 0000 | 7506 41b8 | 0000 0000 

  0x00000219016c4fcc: ;   {metadata(method data for {method} {0x0000021981d849e8} 'awaitAsyncJobs' '(Lkotlin/coroutines/Continuation;)Ljava/lang/Object;' in 'com/dokar/quickjs/QuickJs')}
  0x00000219016c4fcc: 48ba 0080 | e581 1902 | 0000 8bb2 | d000 0000 | 4103 f089 | b2d0 0000 | 0045 85c0 | 7505 be02 
  0x00000219016c4fec: 0000 0081 | e6fe 3f00 | 0085 f60f | 843c 1a00 | 004d 8b97 

  0x00000219016c5000: ; ImmutableOopMap {[184]=Oop [200]=Oop [208]=Oop [216]=Oop }
                      ;*ifne {reexecute=1 rethrow=0 return_oop=0}
                      ; - (reexecute) com.dokar.quickjs.QuickJs::awaitAsyncJobs@205 (line 377)
  0x00000219016c5000: 5804 0000 

  0x00000219016c5004: ;   {poll}
  0x00000219016c5004: 4185 0285 

  0x00000219016c5008: ;   {metadata(method data for {method} {0x0000021981d849e8} 'awaitAsyncJobs' '(Lkotlin/coroutines/Continuation;)Ljava/lang/Object;' in 'com/dokar/quickjs/QuickJs')}
  0x00000219016c5008: c049 b800 | 80e5 8119 | 0200 0048 | c7c2 3803 | 0000 7507 | 48c7 c248 | 0300 0049 | 8b34 1048 
  0x00000219016c5028: 8d76 0149 | 8934 100f | 854b ffff | ff48 8bbc | 24d0 0000 | 0048 85ff | 0f84 2900 

  0x00000219016c5044: ;   {metadata('kotlinx/coroutines/sync/MutexImpl')}
  0x00000219016c5044: 0000 48bb | f808 1500 | 0800 0000 | 8b77 0849 | ba00 0000 | 0008 0000 | 0049 03f2 | 483b 5e40 
  0x00000219016c5064: 0f85 f019 | 0000 e900 | 0000 004c | 8bc7 483b | 074c 8bc7 

  0x00000219016c5078: ;   {metadata(method data for {method} {0x0000021981d849e8} 'awaitAsyncJobs' '(Lkotlin/coroutines/Continuation;)Ljava/lang/Object;' in 'com/dokar/quickjs/QuickJs')}
  0x00000219016c5078: 48ba 0080 | e581 1902 

  0x00000219016c5080: ;   {metadata('kotlinx/coroutines/sync/MutexImpl')}
  0x00000219016c5080: 0000 49ba | f808 1500 | 0800 0000 | 4c89 9268 | 0300 0048 | 8382 7003 | 0000 014c | 8b84 24d8 
  0x00000219016c50a0: 0000 0048 

  0x00000219016c50a4: ;   {optimized virtual_call}
  0x00000219016c50a4: 8bd7 90e8 

  0x00000219016c50a8: ; ImmutableOopMap {[184]=Oop [200]=Oop }
                      ;*invokeinterface unlock {reexecute=0 rethrow=0 return_oop=0}
                      ; - com.dokar.quickjs.QuickJs::awaitAsyncJobs@216 (line 749)
  0x00000219016c50a8: 543d 41ff 

  0x00000219016c50ac: ;   {other}
  0x00000219016c50ac: 0f1f 8400 | 9c19 0006 

  0x00000219016c50b4: ;   {metadata(method data for {method} {0x0000021981d849e8} 'awaitAsyncJobs' '(Lkotlin/coroutines/Continuation;)Ljava/lang/Object;' in 'com/dokar/quickjs/QuickJs')}
  0x00000219016c50b4: 49b8 0080 | e581 1902 | 0000 41ff | 8090 0300 | 0048 8b84 | 24c8 0000 | 0048 8b94 | 24b8 0000 
  0x00000219016c50d4: ;   {oop(a 'kotlin/coroutines/intrinsics/CoroutineSingletons'{0x00000006898fe440})}
  0x00000219016c50d4: 0048 bf40 | e48f 8906 | 0000 0048 | 89bc 24f0 | 0000 008b | 725c 48c1 | e603 450f | be47 4045 
  0x00000219016c50f4: 85c0 0f85 | 6d19 0000 | 4c8b d649 | c1ea 0344 | 8950 204c | 8bc0 4c33 | c649 c1e8 | 1649 83f8 
  0x00000219016c5114: 000f 8573 | 1900 00c7 | 4018 0000 | 0000 c740 | 1c02 0000 | 0048 85f6 | 0f84 2900 

  0x00000219016c5130: ;   {metadata('kotlinx/coroutines/sync/MutexImpl')}
  0x00000219016c5130: 0000 49b9 | f808 1500 | 0800 0000 | 8b4e 0849 | ba00 0000 | 0008 0000 | 0049 03ca | 4c3b 4940 
  0x00000219016c5150: 0f85 5019 | 0000 e900 | 0000 004c | 8bc6 483b | 064c 8bc6 

  0x00000219016c5164: ;   {metadata(method data for {method} {0x0000021981d849e8} 'awaitAsyncJobs' '(Lkotlin/coroutines/Continuation;)Ljava/lang/Object;' in 'com/dokar/quickjs/QuickJs')}
  0x00000219016c5164: 48bb 0080 | e581 1902 

  0x00000219016c516c: ;   {metadata('kotlinx/coroutines/sync/MutexImpl')}
  0x00000219016c516c: 0000 49ba | f808 1500 | 0800 0000 | 4c89 93f0 | 0300 0048 | 8383 f803 

  0x00000219016c5184: ;   {metadata(method data for {method} {0x000002191ac19cb0} 'lock' '(Ljava/lang/Object;Lkotlin/coroutines/Continuation;)Ljava/lang/Object;' in 'kotlinx/coroutines/sync/MutexImpl')}
  0x00000219016c5184: 0000 0149 | b848 f695 | 8019 0200 | 0041 8b98 | cc00 0000 | 83c3 0241 | 8998 cc00 | 0000 81e3 
  0x00000219016c51a4: feff 1f00 | 85db 0f84 | 0019 0000 

  0x00000219016c51b0: ;   {metadata(method data for {method} {0x000002191ac19cb0} 'lock' '(Ljava/lang/Object;Lkotlin/coroutines/Continuation;)Ljava/lang/Object;' in 'kotlinx/coroutines/sync/MutexImpl')}
  0x00000219016c51b0: 49b8 48f6 | 9580 1902 | 0000 4983 | 8010 0100 

  0x00000219016c51c0: ;   {metadata(method data for {method} {0x000002191ac19da8} 'lock$suspendImpl' '(Lkotlinx/coroutines/sync/MutexImpl;Ljava/lang/Object;Lkotlin/coroutines/Continuation;)Ljava/lang/Object;' in 'kotlinx/coroutines/sync/MutexImpl')}
  0x00000219016c51c0: 0001 49b8 | b8f7 9580 | 1902 0000 | 418b 98cc | 0000 0083 | c302 4189 | 98cc 0000 | 0081 e3fe 
  0x00000219016c51e0: ff1f 0085 | db0f 84e6 | 1800 004c 

  0x00000219016c51ec: ;   {metadata(method data for {method} {0x000002191ac19da8} 'lock$suspendImpl' '(Lkotlinx/coroutines/sync/MutexImpl;Ljava/lang/Object;Lkotlin/coroutines/Continuation;)Ljava/lang/Object;' in 'kotlinx/coroutines/sync/MutexImpl')}
  0x00000219016c51ec: 8bc6 48bb | b8f7 9580 | 1902 0000 | 4883 8328 | 0100 0001 

  0x00000219016c5200: ;   {oop(nullptr)}
  0x00000219016c5200: 49b8 0000 | 0000 0000 | 0000 4889 | 9424 f800 | 0000 488b | d648 8984 | 24e8 0000 | 0048 89b4 
  0x00000219016c5220: 24e0 0000 

  0x00000219016c5224: ;   {optimized virtual_call}
  0x00000219016c5224: 0066 90e8 

  0x00000219016c5228: ; ImmutableOopMap {[224]=Oop [232]=Oop [240]=Oop [248]=Oop }
                      ;*invokevirtual tryLock {reexecute=0 rethrow=0 return_oop=0}
                      ; - kotlinx.coroutines.sync.MutexImpl::lock$suspendImpl@2 (line 167)
                      ; - kotlinx.coroutines.sync.MutexImpl::lock@3
                      ; - com.dokar.quickjs.QuickJs::awaitAsyncJobs@273 (line 756)
  0x00000219016c5228: 146d 4906 

  0x00000219016c522c: ;   {other}
  0x00000219016c522c: 0f1f 8400 | 1c1b 0007 

  0x00000219016c5234: ;   {metadata(method data for {method} {0x000002191ac19da8} 'lock$suspendImpl' '(Lkotlinx/coroutines/sync/MutexImpl;Ljava/lang/Object;Lkotlin/coroutines/Continuation;)Ljava/lang/Object;' in 'kotlinx/coroutines/sync/MutexImpl')}
  0x00000219016c5234: 85c0 49b8 | b8f7 9580 | 1902 0000 | 49c7 c148 | 0100 0074 | 0749 c7c1 | 5801 0000 | 4b8b 1408 
  0x00000219016c5254: 488d 5201 | 4b89 1408 | 0f84 0f00 

  0x00000219016c5260: ;   {oop(a 'kotlin/Unit'{0x0000000689669278})}
  0x00000219016c5260: 0000 48be | 7892 6689 | 0600 0000 | e9c7 0000 | 0048 8bb4 | 24e0 0000 

  0x00000219016c5278: ;   {metadata(method data for {method} {0x000002191ac19da8} 'lock$suspendImpl' '(Lkotlinx/coroutines/sync/MutexImpl;Ljava/lang/Object;Lkotlin/coroutines/Continuation;)Ljava/lang/Object;' in 'kotlinx/coroutines/sync/MutexImpl')}
  0x00000219016c5278: 0049 b8b8 | f795 8019 | 0200 0049 | 8380 6801 

  0x00000219016c5288: ;   {oop(nullptr)}
  0x00000219016c5288: 0000 0149 | b800 0000 | 0000 0000 | 004c 8b8c | 24e8 0000 | 0048 8b94 | 24e0 0000 

  0x00000219016c52a4: ;   {optimized virtual_call}
  0x00000219016c52a4: 0066 90e8 

  0x00000219016c52a8: ; ImmutableOopMap {[224]=Oop [232]=Oop [240]=Oop [248]=Oop }
                      ;*invokespecial lockSuspend {reexecute=0 rethrow=0 return_oop=0}
                      ; - kotlinx.coroutines.sync.MutexImpl::lock$suspendImpl@15 (line 168)
                      ; - kotlinx.coroutines.sync.MutexImpl::lock@3
                      ; - com.dokar.quickjs.QuickJs::awaitAsyncJobs@273 (line 756)
  0x00000219016c52a8: d497 eb05 

  0x00000219016c52ac: ;   {other}
  0x00000219016c52ac: 0f1f 8400 | 9c1b 0008 

  0x00000219016c52b4: ;   {metadata(method data for {method} {0x000002191ac19da8} 'lock$suspendImpl' '(Lkotlinx/coroutines/sync/MutexImpl;Ljava/lang/Object;Lkotlin/coroutines/Continuation;)Ljava/lang/Object;' in 'kotlinx/coroutines/sync/MutexImpl')}
  0x00000219016c52b4: 48ba b8f7 | 9580 1902 | 0000 4883 | 8278 0100 

  0x00000219016c52c4: ;   {metadata(method data for {method} {0x000002191b00a5d0} 'getCOROUTINE_SUSPENDED' '()Ljava/lang/Object;' in 'kotlin/coroutines/intrinsics/IntrinsicsKt__IntrinsicsKt')}
  0x00000219016c52c4: 0001 48ba | 4851 0d1c | 1902 0000 | 8bb2 cc00 | 0000 83c6 | 0289 b2cc | 0000 0081 | e6fe ff1f 
  0x00000219016c52e4: 0085 f60f | 8405 1800 

  0x00000219016c52ec: ;   {oop(a 'kotlin/coroutines/intrinsics/CoroutineSingletons'{0x00000006898fe440})}
  0x00000219016c52ec: 0049 ba40 | e48f 8906 | 0000 0049 

  0x00000219016c52f8: ;   {metadata(method data for {method} {0x000002191ac19da8} 'lock$suspendImpl' '(Lkotlinx/coroutines/sync/MutexImpl;Ljava/lang/Object;Lkotlin/coroutines/Continuation;)Ljava/lang/Object;' in 'kotlinx/coroutines/sync/MutexImpl')}
  0x00000219016c52f8: 3bc2 48ba | b8f7 9580 | 1902 0000 | 48c7 c688 | 0100 0075 | 0748 c7c6 | 9801 0000 | 488b 3c32 
  0x00000219016c5318: 488d 7f01 | 4889 3c32 | 0f85 0800 | 0000 488b | f0e9 0a00 

  0x00000219016c532c: ;   {oop(a 'kotlin/Unit'{0x0000000689669278})}
  0x00000219016c532c: 0000 48be | 7892 6689 | 0600 0000 | 488b bc24 | f000 0000 

  0x00000219016c5340: ;   {metadata(method data for {method} {0x0000021981d849e8} 'awaitAsyncJobs' '(Lkotlin/coroutines/Continuation;)Ljava/lang/Object;' in 'com/dokar/quickjs/QuickJs')}
  0x00000219016c5340: 483b f748 | ba00 80e5 | 8119 0200 | 0048 c7c0 | 2804 0000 | 7407 48c7 | c018 0400 | 0048 8b0c 
  0x00000219016c5360: 0248 8d49 | 0148 890c | 020f 8470 | 0d00 0048 | 8b94 24e0 | 0000 0048 | 8b84 24e8 | 0000 0048 
  0x00000219016c5380: 8b8c 24f8 | 0000 0048 | 8bdf 488b | fa48 8bd1 

  0x00000219016c5390: ;   {oop(nullptr)}
  0x00000219016c5390: 49b8 0000 | 0000 0000 | 0000 4889 | 9c24 2001 | 0000 4889 | 8424 1801 | 0000 4c89 | 8424 1001 
  0x00000219016c53b0: 0000 4889 | bc24 0801 | 0000 8b72 | 6048 c1e6 | 0348 85f6 

  0x00000219016c53c4: ;   {metadata(method data for {method} {0x0000021981d849e8} 'awaitAsyncJobs' '(Lkotlin/coroutines/Continuation;)Ljava/lang/Object;' in 'com/dokar/quickjs/QuickJs')}
  0x00000219016c53c4: 7516 48b9 | 0080 e581 | 1902 0000 | 8089 7904 | 0000 01e9 | e900 0000 

  0x00000219016c53dc: ;   {metadata('java/lang/Iterable')}
  0x00000219016c53dc: 49bb 4869 | 0500 0800 | 0000 8b4e | 0849 ba00 | 0000 0008 | 0000 0049 | 03ca 4c3b | 5920 0f84 
  0x00000219016c53fc: 1b00 0000 | 493b cb0f | 8412 0000 | 0051 4153 

  0x00000219016c540c: ;   {runtime_call slow_subtype_check Runtime1 stub}
  0x00000219016c540c: e86f 27f7 | 0559 5985 | c90f 848e 

  0x00000219016c5418: ;   {metadata(method data for {method} {0x0000021981d849e8} 'awaitAsyncJobs' '(Lkotlin/coroutines/Continuation;)Ljava/lang/Object;' in 'com/dokar/quickjs/QuickJs')}
  0x00000219016c5418: 0000 0048 | b900 80e5 | 8119 0200 | 0044 8b5e | 0849 ba00 | 0000 0008 | 0000 004d | 03da 4c3b 
  0x00000219016c5438: 9990 0400 | 0075 0d48 | 8381 9804 | 0000 01e9 | 7900 0000 | 4c3b 99a0 | 0400 0075 | 0d48 8381 
  0x00000219016c5458: a804 0000 | 01e9 6300 | 0000 4883 | b990 0400 | 0000 7517 | 4c89 9990 | 0400 0048 | c781 9804 
  0x00000219016c5478: 0000 0100 | 0000 e942 | 0000 0048 | 83b9 a004 | 0000 0075 | 174c 8999 | a004 0000 | 48c7 81a8 
  0x00000219016c5498: 0400 0001 | 0000 00e9 | 2100 0000 | e91c 0000 

  0x00000219016c54a8: ;   {metadata(method data for {method} {0x0000021981d849e8} 'awaitAsyncJobs' '(Lkotlin/coroutines/Continuation;)Ljava/lang/Object;' in 'com/dokar/quickjs/QuickJs')}
  0x00000219016c54a8: 0048 b900 | 80e5 8119 | 0200 0048 | 83a9 8004 | 0000 01e9 | 5816 0000 | e900 0000 | 004c 8bce 
  0x00000219016c54c8: 4889 9424 | 2801 0000 

  0x00000219016c54d0: ;   {metadata('java/util/ArrayList')}
  0x00000219016c54d0: 48ba 107e | 0500 0800 | 0000 498b | 87b8 0100 | 0048 8d78 | 1849 3bbf | c801 0000 | 0f87 2f16 
  0x00000219016c54f0: 0000 4989 | bfb8 0100 | 0048 c700 | 0100 0000 | 488b ca49 | ba00 0000 | 0008 0000 | 0049 2bca 
  0x00000219016c5510: 8948 0848 | 33c9 8948 | 0c48 33c9 | 4889 4810 | 4889 8424 | 0001 0000 

  0x00000219016c5528: ;   {metadata(method data for {method} {0x0000021981d849e8} 'awaitAsyncJobs' '(Lkotlin/coroutines/Continuation;)Ljava/lang/Object;' in 'com/dokar/quickjs/QuickJs')}
  0x00000219016c5528: 488b d048 | be00 80e5 | 8119 0200 | 0048 8386 | b804 0000 

  0x00000219016c553c: ;   {metadata(method data for {method} {0x000002191a11a108} '<init>' '()V' in 'java/util/ArrayList')}
  0x00000219016c553c: 0148 ba88 | f76a 1a19 | 0200 008b | b2cc 0000 | 0083 c602 | 89b2 cc00 | 0000 81e6 | feff 1f00 
  0x00000219016c555c: 85f6 0f84 | ca15 0000 

  0x00000219016c5564: ;   {metadata(method data for {method} {0x000002191a11a108} '<init>' '()V' in 'java/util/ArrayList')}
  0x00000219016c5564: 488b d048 | be88 f76a | 1a19 0200 | 0048 8386 | 1001 0000 

  0x00000219016c5578: ;   {metadata(method data for {method} {0x000002191a11e630} '<init>' '()V' in 'java/util/AbstractList')}
  0x00000219016c5578: 0148 bad8 | f86a 1a19 | 0200 008b | b2cc 0000 | 0083 c602 | 89b2 cc00 | 0000 81e6 | feff 1f00 
  0x00000219016c5598: 85f6 0f84 | af15 0000 

  0x00000219016c55a0: ;   {metadata(method data for {method} {0x000002191a11e630} '<init>' '()V' in 'java/util/AbstractList')}
  0x00000219016c55a0: 488b d048 | bed8 f86a | 1a19 0200 | 0048 8386 | 1001 0000 

  0x00000219016c55b4: ;   {metadata(method data for {method} {0x000002191a11fea0} '<init>' '()V' in 'java/util/AbstractCollection')}
  0x00000219016c55b4: 0148 ba28 | a733 1a19 | 0200 008b | b2cc 0000 | 0083 c602 | 89b2 cc00 | 0000 81e6 | feff 1f00 
  0x00000219016c55d4: 85f6 0f84 | 9415 0000 

  0x00000219016c55dc: ;   {metadata(method data for {method} {0x000002191a11fea0} '<init>' '()V' in 'java/util/AbstractCollection')}
  0x00000219016c55dc: 488b d048 | be28 a733 | 1a19 0200 | 0048 8386 | 1001 0000 

  0x00000219016c55f0: ;   {metadata(method data for {method} {0x000002191a000638} '<init>' '()V' in 'java/lang/Object')}
  0x00000219016c55f0: 0148 ba28 | f628 1a19 | 0200 008b | b2cc 0000 | 0083 c602 | 89b2 cc00 | 0000 81e6 | feff 1f00 
  0x00000219016c5610: 85f6 0f84 | 7915 0000 | 410f be57 | 4085 d20f | 858d 1500 

  0x00000219016c5624: ;   {oop(a 'java/lang/Object'[0] {0x0000000689932ed0})}
  0x00000219016c5624: 0049 bad0 | 2e93 8906 | 0000 0049 | c1ea 0344 

  0x00000219016c5634: ;   {oop(a 'java/lang/Object'[0] {0x0000000689932ed0})}
  0x00000219016c5634: 8950 1448 | bad0 2e93 | 8906 0000 | 0048 8bf0 | 4833 f248 | c1ee 1648 | 83fe 000f | 857c 1500 
  0x00000219016c5654: 0049 3b01 

  0x00000219016c5658: ;   {metadata(method data for {method} {0x0000021981d849e8} 'awaitAsyncJobs' '(Lkotlin/coroutines/Continuation;)Ljava/lang/Object;' in 'com/dokar/quickjs/QuickJs')}
  0x00000219016c5658: 498b d148 | be00 80e5 | 8119 0200 | 008b 5208 | 49ba 0000 | 0000 0800 | 0000 4903 | d248 3b96 
  0x00000219016c5678: 1005 0000 | 750d 4883 | 8618 0500 | 0001 e960 | 0000 0048 | 3b96 2005 | 0000 750d | 4883 8628 
  0x00000219016c5698: 0500 0001 | e94a 0000 | 0048 83be | 1005 0000 | 0075 1748 | 8996 1005 | 0000 48c7 | 8618 0500 
  0x00000219016c56b8: 0001 0000 | 00e9 2900 | 0000 4883 | be20 0500 | 0000 7517 | 4889 9620 | 0500 0048 | c786 2805 
  0x00000219016c56d8: 0000 0100 | 0000 e908 | 0000 0048 | 8386 0005 | 0000 0149 | 8bd1 0f1f | 8000 0000 | 0048 b810 
  0x00000219016c56f8: 7e05 0008 

  0x00000219016c56fc: ;   {virtual_call}
  0x00000219016c56fc: 0000 00e8 

  0x00000219016c5700: ; ImmutableOopMap {[256]=Oop [264]=Oop [272]=Oop [280]=Oop [288]=Oop [296]=Oop }
                      ;*invokeinterface iterator {reexecute=0 rethrow=0 return_oop=0}
                      ; - com.dokar.quickjs.QuickJs::awaitAsyncJobs@351 (line 760)
  0x00000219016c5700: 1cb3 5e06 

  0x00000219016c5704: ;   {other}
  0x00000219016c5704: 0f1f 8400 | f41f 0009 | 4889 8424 | 3001 0000 | e91f 0400 | 000f 1f80 | 0000 0000 | 488b 8424 
  0x00000219016c5724: 3001 0000 

  0x00000219016c5728: ;   {metadata(method data for {method} {0x0000021981d849e8} 'awaitAsyncJobs' '(Lkotlin/coroutines/Continuation;)Ljava/lang/Object;' in 'com/dokar/quickjs/QuickJs')}
  0x00000219016c5728: 48ba 0080 | e581 1902 | 0000 8b40 | 0849 ba00 | 0000 0008 | 0000 0049 | 03c2 483b | 82a0 0500 
  0x00000219016c5748: 0075 0d48 | 8382 a805 | 0000 01e9 | 6000 0000 | 483b 82b0 | 0500 0075 | 0d48 8382 | b805 0000 
  0x00000219016c5768: 01e9 4a00 | 0000 4883 | baa0 0500 | 0000 7517 | 4889 82a0 | 0500 0048 | c782 a805 | 0000 0100 
  0x00000219016c5788: 0000 e929 | 0000 0048 | 83ba b005 | 0000 0075 | 1748 8982 | b005 0000 | 48c7 82b8 | 0500 0001 
  0x00000219016c57a8: 0000 00e9 | 0800 0000 | 4883 8290 | 0500 0001 | 488b 9424 | 3001 0000 | 0f1f 4400 | 0048 b8ff 
  0x00000219016c57c8: ffff ffff 

  0x00000219016c57cc: ;   {virtual_call}
  0x00000219016c57cc: ffff ffe8 

  0x00000219016c57d0: ; ImmutableOopMap {[256]=Oop [264]=Oop [272]=Oop [280]=Oop [288]=Oop [296]=Oop [304]=Oop }
                      ;*invokeinterface next {reexecute=0 rethrow=0 return_oop=0}
                      ; - com.dokar.quickjs.QuickJs::awaitAsyncJobs@370 (line 760)
  0x00000219016c57d0: ac95 eb05 

  0x00000219016c57d4: ;   {other}
  0x00000219016c57d4: 0f1f 8400 | c420 000a | 4885 c075 

  0x00000219016c57e0: ;   {metadata(method data for {method} {0x0000021981d849e8} 'awaitAsyncJobs' '(Lkotlin/coroutines/Continuation;)Ljava/lang/Object;' in 'com/dokar/quickjs/QuickJs')}
  0x00000219016c57e0: 1648 bf00 | 80e5 8119 | 0200 0080 | 8fc1 0500 | 0001 e9e7 

  0x00000219016c57f4: ;   {metadata('kotlinx/coroutines/Job')}
  0x00000219016c57f4: 0000 0048 | bbe8 270d | 0008 0000 | 008b 7808 | 49ba 0000 | 0000 0800 | 0000 4903 | fa48 3b5f 
  0x00000219016c5814: 200f 841a | 0000 0048 | 3bfb 0f84 | 1100 0000 

  0x00000219016c5824: ;   {runtime_call slow_subtype_check Runtime1 stub}
  0x00000219016c5824: 5753 e855 | 23f7 055f | 5f85 ff0f | 848d 0000 

  0x00000219016c5834: ;   {metadata(method data for {method} {0x0000021981d849e8} 'awaitAsyncJobs' '(Lkotlin/coroutines/Continuation;)Ljava/lang/Object;' in 'com/dokar/quickjs/QuickJs')}
  0x00000219016c5834: 0048 bf00 | 80e5 8119 | 0200 008b | 5808 49ba | 0000 0000 | 0800 0000 | 4903 da48 | 3b9f d805 
  0x00000219016c5854: 0000 750d | 4883 87e0 | 0500 0001 | e979 0000 | 0048 3b9f | e805 0000 | 750d 4883 | 87f0 0500 
  0x00000219016c5874: 0001 e963 | 0000 0048 | 83bf d805 | 0000 0075 | 1748 899f | d805 0000 | 48c7 87e0 | 0500 0001 
  0x00000219016c5894: 0000 00e9 | 4200 0000 | 4883 bfe8 | 0500 0000 | 7517 4889 | 9fe8 0500 | 0048 c787 | f005 0000 
  0x00000219016c58b4: 0100 0000 | e921 0000 | 00e9 1c00 

  0x00000219016c58c0: ;   {metadata(method data for {method} {0x0000021981d849e8} 'awaitAsyncJobs' '(Lkotlin/coroutines/Continuation;)Ljava/lang/Object;' in 'com/dokar/quickjs/QuickJs')}
  0x00000219016c58c0: 0000 48bf | 0080 e581 | 1902 0000 | 4883 afc8 | 0500 0001 | e915 1300 | 00e9 0000 | 0000 488b 
  0x00000219016c58e0: d048 3b02 

  0x00000219016c58e4: ;   {metadata(method data for {method} {0x0000021981d849e8} 'awaitAsyncJobs' '(Lkotlin/coroutines/Continuation;)Ljava/lang/Object;' in 'com/dokar/quickjs/QuickJs')}
  0x00000219016c58e4: 488b f248 | bf00 80e5 | 8119 0200 | 008b 7608 | 49ba 0000 | 0000 0800 | 0000 4903 | f248 3bb7 
  0x00000219016c5904: 1006 0000 | 750d 4883 | 8718 0600 | 0001 e960 | 0000 0048 | 3bb7 2006 | 0000 750d | 4883 8728 
  0x00000219016c5924: 0600 0001 | e94a 0000 | 0048 83bf | 1006 0000 | 0075 1748 | 89b7 1006 | 0000 48c7 | 8718 0600 
  0x00000219016c5944: 0001 0000 | 00e9 2900 | 0000 4883 | bf20 0600 | 0000 7517 | 4889 b720 | 0600 0048 | c787 2806 
  0x00000219016c5964: 0000 0100 | 0000 e908 | 0000 0048 | 8387 0006 | 0000 0148 | 8984 2438 | 0100 0066 | 0f1f 4400 
  0x00000219016c5984: 0048 b8ff | ffff ffff 

  0x00000219016c598c: ;   {virtual_call}
  0x00000219016c598c: ffff ffe8 

  0x00000219016c5990: ; ImmutableOopMap {[256]=Oop [264]=Oop [272]=Oop [280]=Oop [288]=Oop [296]=Oop [304]=Oop [312]=Oop }
                      ;*invokeinterface isActive {reexecute=0 rethrow=0 return_oop=0}
                      ; - com.dokar.quickjs.QuickJs::awaitAsyncJobs@389 (line 380)
  0x00000219016c5990: ec93 eb05 

  0x00000219016c5994: ;   {other}
  0x00000219016c5994: 0f1f 8400 | 8422 000b | 85c0 41b8 | 0200 0000 | 7406 41b8 | 0000 0000 

  0x00000219016c59ac: ;   {metadata(method data for {method} {0x0000021981d849e8} 'awaitAsyncJobs' '(Lkotlin/coroutines/Continuation;)Ljava/lang/Object;' in 'com/dokar/quickjs/QuickJs')}
  0x00000219016c59ac: 48ba 0080 | e581 1902 | 0000 8bb2 | d000 0000 | 4103 f089 | b2d0 0000 | 0045 85c0 | 7505 be02 
  0x00000219016c59cc: 0000 0081 | e6fe 3f00 | 0085 f60f | 841f 1200 | 004d 8b97 

  0x00000219016c59e0: ; ImmutableOopMap {[256]=Oop [264]=Oop [272]=Oop [280]=Oop [288]=Oop [296]=Oop [304]=Oop [312]=Oop }
                      ;*ifeq {reexecute=1 rethrow=0 return_oop=0}
                      ; - (reexecute) com.dokar.quickjs.QuickJs::awaitAsyncJobs@394 (line 760)
  0x00000219016c59e0: 5804 0000 

  0x00000219016c59e4: ;   {poll}
  0x00000219016c59e4: 4185 0285 

  0x00000219016c59e8: ;   {metadata(method data for {method} {0x0000021981d849e8} 'awaitAsyncJobs' '(Lkotlin/coroutines/Continuation;)Ljava/lang/Object;' in 'com/dokar/quickjs/QuickJs')}
  0x00000219016c59e8: c049 b800 | 80e5 8119 | 0200 0048 | c7c2 4806 | 0000 7507 | 48c7 c238 | 0600 0049 | 8b34 1048 
  0x00000219016c5a08: 8d76 0149 | 8934 100f | 850d 0000 | 0048 8b84 | 2430 0100 | 00e9 1601 | 0000 488b | 8424 3801 
  0x00000219016c5a28: 0000 4c8b | 8424 0001 

  0x00000219016c5a30: ;   {metadata(method data for {method} {0x0000021981d849e8} 'awaitAsyncJobs' '(Lkotlin/coroutines/Continuation;)Ljava/lang/Object;' in 'com/dokar/quickjs/QuickJs')}
  0x00000219016c5a30: 0000 48ba | 0080 e581 | 1902 0000 | 458b 4008 | 49ba 0000 | 0000 0800 | 0000 4d03 | c24c 3b82 
  0x00000219016c5a50: 6806 0000 | 750d 4883 | 8270 0600 | 0001 e960 | 0000 004c | 3b82 7806 | 0000 750d | 4883 8280 
  0x00000219016c5a70: 0600 0001 | e94a 0000 | 0048 83ba | 6806 0000 | 0075 174c | 8982 6806 | 0000 48c7 | 8270 0600 
  0x00000219016c5a90: 0001 0000 | 00e9 2900 | 0000 4883 | ba78 0600 | 0000 7517 | 4c89 8278 | 0600 0048 | c782 8006 
  0x00000219016c5ab0: 0000 0100 | 0000 e908 | 0000 0048 | 8382 5806 | 0000 014c | 8bc0 488b | 9424 0001 | 0000 0f1f 
  0x00000219016c5ad0: 8000 0000 | 0048 b8ff | ffff ffff 

  0x00000219016c5adc: ;   {virtual_call}
  0x00000219016c5adc: ffff ffe8 

  0x00000219016c5ae0: ; ImmutableOopMap {[256]=Oop [264]=Oop [272]=Oop [280]=Oop [288]=Oop [296]=Oop [304]=Oop }
                      ;*invokeinterface add {reexecute=0 rethrow=0 return_oop=0}
                      ; - com.dokar.quickjs.QuickJs::awaitAsyncJobs@401 (line 760)
  0x00000219016c5ae0: 9c92 eb05 

  0x00000219016c5ae4: ;   {other}
  0x00000219016c5ae4: 0f1f 8400 | d423 000d 

  0x00000219016c5aec: ;   {metadata(method data for {method} {0x0000021981d849e8} 'awaitAsyncJobs' '(Lkotlin/coroutines/Continuation;)Ljava/lang/Object;' in 'com/dokar/quickjs/QuickJs')}
  0x00000219016c5aec: 49b8 0080 | e581 1902 | 0000 418b | 90d0 0000 | 0083 c202 | 4189 90d0 | 0000 0081 | e2fe 3f00 
  0x00000219016c5b0c: 0085 d20f | 8408 1100 | 004d 8b97 

  0x00000219016c5b18: ; ImmutableOopMap {[256]=Oop [264]=Oop [272]=Oop [280]=Oop [288]=Oop [296]=Oop [304]=Oop }
                      ;*goto {reexecute=1 rethrow=0 return_oop=0}
                      ; - (reexecute) com.dokar.quickjs.QuickJs::awaitAsyncJobs@407 (line 760)
  0x00000219016c5b18: 5804 0000 

  0x00000219016c5b1c: ;   {poll}
  0x00000219016c5b1c: 4185 0249 | b800 80e5 | 8119 0200 | 0041 ff80 | 9006 0000 | 488b 8424 | 3001 0000 

  0x00000219016c5b38: ; implicit exception: dispatches to 0x00000219016c6c3e
  0x00000219016c5b38: 483b 0048 

  0x00000219016c5b3c: ;   {metadata(method data for {method} {0x0000021981d849e8} 'awaitAsyncJobs' '(Lkotlin/coroutines/Continuation;)Ljava/lang/Object;' in 'com/dokar/quickjs/QuickJs')}
  0x00000219016c5b3c: 8bd0 48bf | 0080 e581 | 1902 0000 | 8b52 0849 | ba00 0000 | 0008 0000 | 0049 03d2 | 483b 9748 
  0x00000219016c5b5c: 0500 0075 | 0d48 8387 | 5005 0000 | 01e9 6000 | 0000 483b | 9758 0500 | 0075 0d48 | 8387 6005 
  0x00000219016c5b7c: 0000 01e9 | 4a00 0000 | 4883 bf48 | 0500 0000 | 7517 4889 | 9748 0500 | 0048 c787 | 5005 0000 
  0x00000219016c5b9c: 0100 0000 | e929 0000 | 0048 83bf | 5805 0000 | 0075 1748 | 8997 5805 | 0000 48c7 | 8760 0500 
  0x00000219016c5bbc: 0001 0000 | 00e9 0800 | 0000 4883 | 8738 0500 | 0001 488b | d00f 1f40 | 0048 b868 | 9b01 0008 
  0x00000219016c5bdc: ;   {virtual_call}
  0x00000219016c5bdc: 0000 00e8 

  0x00000219016c5be0: ; ImmutableOopMap {[256]=Oop [264]=Oop [272]=Oop [280]=Oop [288]=Oop [296]=Oop [304]=Oop }
                      ;*invokeinterface hasNext {reexecute=0 rethrow=0 return_oop=0}
                      ; - com.dokar.quickjs.QuickJs::awaitAsyncJobs@360 (line 760)
  0x00000219016c5be0: bcdc 5506 

  0x00000219016c5be4: ;   {other}
  0x00000219016c5be4: 0f1f 8400 | d424 000f 

  0x00000219016c5bec: ;   {metadata(method data for {method} {0x0000021981d849e8} 'awaitAsyncJobs' '(Lkotlin/coroutines/Continuation;)Ljava/lang/Object;' in 'com/dokar/quickjs/QuickJs')}
  0x00000219016c5bec: 85c0 48ba | 0080 e581 | 1902 0000 | 48c7 c680 | 0500 0075 | 0748 c7c6 | 7005 0000 | 488b 3c32 
  0x00000219016c5c0c: 488d 7f01 | 4889 3c32 | 0f85 06fb | ffff 488b | 8424 0001 | 0000 4885 

  0x00000219016c5c24: ;   {metadata(method data for {method} {0x0000021981d849e8} 'awaitAsyncJobs' '(Lkotlin/coroutines/Continuation;)Ljava/lang/Object;' in 'com/dokar/quickjs/QuickJs')}
  0x00000219016c5c24: c075 1648 | ba00 80e5 | 8119 0200 | 0080 8aa1 | 0600 0001 | e9e7 0000 

  0x00000219016c5c3c: ;   {metadata('java/util/List')}
  0x00000219016c5c3c: 0048 bfd8 | 6f05 0008 | 0000 008b | 5008 49ba | 0000 0000 | 0800 0000 | 4903 d248 | 3b7a 200f 
  0x00000219016c5c5c: 841a 0000 | 0048 3bd7 | 0f84 1100 | 0000 5257 

  0x00000219016c5c6c: ;   {runtime_call slow_subtype_check Runtime1 stub}
  0x00000219016c5c6c: e80f 1ff7 | 055a 5a85 | d20f 848d 

  0x00000219016c5c78: ;   {metadata(method data for {method} {0x0000021981d849e8} 'awaitAsyncJobs' '(Lkotlin/coroutines/Continuation;)Ljava/lang/Object;' in 'com/dokar/quickjs/QuickJs')}
  0x00000219016c5c78: 0000 0048 | ba00 80e5 | 8119 0200 | 008b 7808 | 49ba 0000 | 0000 0800 | 0000 4903 | fa48 3bba 
  0x00000219016c5c98: b806 0000 | 750d 4883 | 82c0 0600 | 0001 e979 | 0000 0048 | 3bba c806 | 0000 750d | 4883 82d0 
  0x00000219016c5cb8: 0600 0001 | e963 0000 | 0048 83ba | b806 0000 | 0075 1748 | 89ba b806 | 0000 48c7 | 82c0 0600 
  0x00000219016c5cd8: 0001 0000 | 00e9 4200 | 0000 4883 | bac8 0600 | 0000 7517 | 4889 bac8 | 0600 0048 | c782 d006 
  0x00000219016c5cf8: 0000 0100 | 0000 e921 | 0000 00e9 | 1c00 0000 

  0x00000219016c5d08: ;   {metadata(method data for {method} {0x0000021981d849e8} 'awaitAsyncJobs' '(Lkotlin/coroutines/Continuation;)Ljava/lang/Object;' in 'com/dokar/quickjs/QuickJs')}
  0x00000219016c5d08: 48ba 0080 | e581 1902 | 0000 4883 | aaa8 0600 | 0001 e924 | 0f00 00e9 | 0000 0000 | 488b f048 
  0x00000219016c5d28: 89b4 2440 | 0100 0048 | 8bbc 2408 | 0100 0048 | 85ff 0f84 | 2900 0000 

  0x00000219016c5d40: ;   {metadata('kotlinx/coroutines/sync/MutexImpl')}
  0x00000219016c5d40: 48b8 f808 | 1500 0800 | 0000 8b5f | 0849 ba00 | 0000 0008 | 0000 0049 | 03da 483b | 4340 0f85 
  0x00000219016c5d60: e80e 0000 | e900 0000 | 004c 8bc7 

  0x00000219016c5d6c: ; implicit exception: dispatches to 0x00000219016c6c51
  0x00000219016c5d6c: 483b 074c 

  0x00000219016c5d70: ;   {metadata(method data for {method} {0x0000021981d849e8} 'awaitAsyncJobs' '(Lkotlin/coroutines/Continuation;)Ljava/lang/Object;' in 'com/dokar/quickjs/QuickJs')}
  0x00000219016c5d70: 8bc7 48ba | 0080 e581 | 1902 0000 

  0x00000219016c5d7c: ;   {metadata('kotlinx/coroutines/sync/MutexImpl')}
  0x00000219016c5d7c: 49ba f808 | 1500 0800 | 0000 4c89 | 92f0 0600 | 0048 8382 | f806 0000 | 014c 8b84 | 2410 0100 
  0x00000219016c5d9c: 0048 8bd7 | 0f1f 8000 

  0x00000219016c5da4: ;   {optimized virtual_call}
  0x00000219016c5da4: 0000 00e8 

  0x00000219016c5da8: ; ImmutableOopMap {[280]=Oop [288]=Oop [296]=Oop [320]=Oop }
                      ;*invokeinterface unlock {reexecute=0 rethrow=0 return_oop=0}
                      ; - com.dokar.quickjs.QuickJs::awaitAsyncJobs@422 (line 762)
  0x00000219016c5da8: 5430 41ff 

  0x00000219016c5dac: ;   {other}
  0x00000219016c5dac: 0f1f 8400 | 9c26 0010 

  0x00000219016c5db4: ;   {metadata(method data for {method} {0x0000021981d849e8} 'awaitAsyncJobs' '(Lkotlin/coroutines/Continuation;)Ljava/lang/Object;' in 'com/dokar/quickjs/QuickJs')}
  0x00000219016c5db4: 48ba 0080 | e581 1902 | 0000 ff82 | 1807 0000 | 488b b424 | 4001 0000 

  0x00000219016c5dcc: ; implicit exception: dispatches to 0x00000219016c6c56
  0x00000219016c5dcc: 483b 0648 

  0x00000219016c5dd0: ;   {metadata(method data for {method} {0x0000021981d849e8} 'awaitAsyncJobs' '(Lkotlin/coroutines/Continuation;)Ljava/lang/Object;' in 'com/dokar/quickjs/QuickJs')}
  0x00000219016c5dd0: 8bd6 48bf | 0080 e581 | 1902 0000 | 8b52 0849 | ba00 0000 | 0008 0000 | 0049 03d2 | 483b 9778 
  0x00000219016c5df0: 0700 0075 | 0d48 8387 | 8007 0000 | 01e9 6000 | 0000 483b | 9788 0700 | 0075 0d48 | 8387 9007 
  0x00000219016c5e10: 0000 01e9 | 4a00 0000 | 4883 bf78 | 0700 0000 | 7517 4889 | 9778 0700 | 0048 c787 | 8007 0000 
  0x00000219016c5e30: 0100 0000 | e929 0000 | 0048 83bf | 8807 0000 | 0075 1748 | 8997 8807 | 0000 48c7 | 8790 0700 
  0x00000219016c5e50: 0001 0000 | 00e9 0800 | 0000 4883 | 8768 0700 | 0001 488b | d648 b810 | 7e05 0008 

  0x00000219016c5e6c: ;   {virtual_call}
  0x00000219016c5e6c: 0000 00e8 

  0x00000219016c5e70: ; ImmutableOopMap {[280]=Oop [288]=Oop [296]=Oop [320]=Oop }
                      ;*invokeinterface isEmpty {reexecute=0 rethrow=0 return_oop=0}
                      ; - com.dokar.quickjs.QuickJs::awaitAsyncJobs@448 (line 381)
  0x00000219016c5e70: 2c90 5e06 

  0x00000219016c5e74: ;   {other}
  0x00000219016c5e74: 0f1f 8400 | 6427 0011 

  0x00000219016c5e7c: ;   {metadata(method data for {method} {0x0000021981d849e8} 'awaitAsyncJobs' '(Lkotlin/coroutines/Continuation;)Ljava/lang/Object;' in 'com/dokar/quickjs/QuickJs')}
  0x00000219016c5e7c: 85c0 48ba | 0080 e581 | 1902 0000 | 49c7 c0b0 | 0700 0075 | 0749 c7c0 | a007 0000 | 4a8b 3402 
  0x00000219016c5e9c: 488d 7601 | 4a89 3402 | 0f85 0502 | 0000 488b | b424 4001 | 0000 488b | 8424 1801 | 0000 4885 
  0x00000219016c5ebc: ;   {metadata(method data for {method} {0x0000021981d849e8} 'awaitAsyncJobs' '(Lkotlin/coroutines/Continuation;)Ljava/lang/Object;' in 'com/dokar/quickjs/QuickJs')}
  0x00000219016c5ebc: f675 1648 | ba00 80e5 | 8119 0200 | 0080 8ad1 | 0700 0001 | e9e7 0000 

  0x00000219016c5ed4: ;   {metadata('java/util/Collection')}
  0x00000219016c5ed4: 0048 bf78 | 6b05 0008 | 0000 008b | 5608 49ba | 0000 0000 | 0800 0000 | 4903 d248 | 3b7a 200f 
  0x00000219016c5ef4: 841a 0000 | 0048 3bd7 | 0f84 1100 | 0000 5257 

  0x00000219016c5f04: ;   {runtime_call slow_subtype_check Runtime1 stub}
  0x00000219016c5f04: e877 1cf7 | 055a 5a85 | d20f 848d 

  0x00000219016c5f10: ;   {metadata(method data for {method} {0x0000021981d849e8} 'awaitAsyncJobs' '(Lkotlin/coroutines/Continuation;)Ljava/lang/Object;' in 'com/dokar/quickjs/QuickJs')}
  0x00000219016c5f10: 0000 0048 | ba00 80e5 | 8119 0200 | 008b 7e08 | 49ba 0000 | 0000 0800 | 0000 4903 | fa48 3bba 
  0x00000219016c5f30: e807 0000 | 750d 4883 | 82f0 0700 | 0001 e979 | 0000 0048 | 3bba f807 | 0000 750d | 4883 8200 
  0x00000219016c5f50: 0800 0001 | e963 0000 | 0048 83ba | e807 0000 | 0075 1748 | 89ba e807 | 0000 48c7 | 82f0 0700 
  0x00000219016c5f70: 0001 0000 | 00e9 4200 | 0000 4883 | baf8 0700 | 0000 7517 | 4889 baf8 | 0700 0048 | c782 0008 
  0x00000219016c5f90: 0000 0100 | 0000 e921 | 0000 00e9 | 1c00 0000 

  0x00000219016c5fa0: ;   {metadata(method data for {method} {0x0000021981d849e8} 'awaitAsyncJobs' '(Lkotlin/coroutines/Continuation;)Ljava/lang/Object;' in 'com/dokar/quickjs/QuickJs')}
  0x00000219016c5fa0: 48ba 0080 | e581 1902 | 0000 4883 | aad8 0700 | 0001 e9a4 | 0c00 00e9 | 0000 0000 

  0x00000219016c5fbc: ;   {metadata(method data for {method} {0x0000021981d849e8} 'awaitAsyncJobs' '(Lkotlin/coroutines/Continuation;)Ljava/lang/Object;' in 'com/dokar/quickjs/QuickJs')}
  0x00000219016c5fbc: 488b d649 | b800 80e5 | 8119 0200 | 0049 8380 | 1008 0000 

  0x00000219016c5fd0: ;   {metadata(method data for {method} {0x000002191b4419d8} 'nullOutSpilledVariable' '(Ljava/lang/Object;)Ljava/lang/Object;' in 'kotlin/coroutines/jvm/internal/SpillingKt')}
  0x00000219016c5fd0: 0149 b840 | 828b 8019 | 0200 0041 | 8bb0 cc00 | 0000 83c6 | 0241 89b0 | cc00 0000 | 81e6 feff 
  0x00000219016c5ff0: 1f00 85f6 | 0f84 6a0c | 0000 450f | be47 4045 | 85c0 0f85 | 7d0c 0000 

  0x00000219016c6008: ; implicit exception: dispatches to 0x00000219016c6ca5
  0x00000219016c6008: c740 2000 | 0000 00c7 | 401c 0300 

  0x00000219016c6014: ;   {metadata(method data for {method} {0x0000021981d849e8} 'awaitAsyncJobs' '(Lkotlin/coroutines/Continuation;)Ljava/lang/Object;' in 'com/dokar/quickjs/QuickJs')}
  0x00000219016c6014: 0000 49b8 | 0080 e581 | 1902 0000 | 4983 8020 | 0800 0001 | 4c8b c048 | 8984 2418 | 0100 000f 
  0x00000219016c6034: ;   {static_call}
  0x00000219016c6034: 1f40 00e8 

  0x00000219016c6038: ; ImmutableOopMap {[280]=Oop [288]=Oop [296]=Oop }
                      ;*invokestatic joinAll {reexecute=0 rethrow=0 return_oop=0}
                      ; - com.dokar.quickjs.QuickJs::awaitAsyncJobs@480 (line 385)
  0x00000219016c6038: 4490 eb05 

  0x00000219016c603c: ;   {other}
  0x00000219016c603c: 0f1f 8400 | 2c29 0012 | 488b f048 | 8b9c 2420 | 0100 0048 

  0x00000219016c6050: ;   {metadata(method data for {method} {0x0000021981d849e8} 'awaitAsyncJobs' '(Lkotlin/coroutines/Continuation;)Ljava/lang/Object;' in 'com/dokar/quickjs/QuickJs')}
  0x00000219016c6050: 3bf3 48b8 | 0080 e581 | 1902 0000 | 48c7 c240 | 0800 0074 | 0748 c7c2 | 3008 0000 | 488b 3c10 
  0x00000219016c6070: 488d 7f01 | 4889 3c10 | 0f84 1800 | 0000 488b | 8424 1801 | 0000 488b | 9424 2801 | 0000 488b 
  0x00000219016c6090: fbe9 32e5 | ffff 488b | c348 81c4 | 7001 0000 

  0x00000219016c60a0: ;   {poll_return}
  0x00000219016c60a0: 5d49 3ba7 | 5004 0000 | 0f87 fc0b 

  0x00000219016c60ac: ;   {metadata(method data for {method} {0x0000021981d849e8} 'awaitAsyncJobs' '(Lkotlin/coroutines/Continuation;)Ljava/lang/Object;' in 'com/dokar/quickjs/QuickJs')}
  0x00000219016c60ac: 0000 c348 | b800 80e5 | 8119 0200 | 00ff 80c0 

  0x00000219016c60bc: ;   {oop(a 'kotlin/Unit'{0x0000000689669278})}
  0x00000219016c60bc: 0700 0048 | b878 9266 | 8906 0000 | 0048 81c4 | 7001 0000 

  0x00000219016c60d0: ;   {poll_return}
  0x00000219016c60d0: 5d49 3ba7 | 5004 0000 | 0f87 e20b | 0000 c348 | 8bc7 4881 | c470 0100 

  0x00000219016c60e8: ;   {poll_return}
  0x00000219016c60e8: 005d 493b | a750 0400 | 000f 87df | 0b00 00c3 

  0x00000219016c60f8: ;   {oop(a 'kotlin/coroutines/intrinsics/CoroutineSingletons'{0x00000006898fe440})}
  0x00000219016c60f8: 48b8 40e4 | 8f89 0600 | 0000 4881 | c470 0100 

  0x00000219016c6108: ;   {poll_return}
  0x00000219016c6108: 005d 493b | a750 0400 | 000f 87d5 | 0b00 00c3 | 4889 8424 | c800 0000 | 4885 f675 

  0x00000219016c6124: ;   {metadata(method data for {method} {0x000002191b035e90} 'throwOnFailure' '(Ljava/lang/Object;)V' in 'kotlin/ResultKt')}
  0x00000219016c6124: 1648 b898 | 5629 1c19 | 0200 0080 | 8861 0100 | 0001 e9cc 

  0x00000219016c6138: ;   {metadata('kotlin/Result$Failure')}
  0x00000219016c6138: 0000 0048 | bfd8 1c0d | 0008 0000 | 008b 5608 | 49ba 0000 | 0000 0800 | 0000 4903 | d248 3bfa 
  0x00000219016c6158: 0f85 8d00 

  0x00000219016c615c: ;   {metadata(method data for {method} {0x000002191b035e90} 'throwOnFailure' '(Ljava/lang/Object;)V' in 'kotlin/ResultKt')}
  0x00000219016c615c: 0000 48b8 | 9856 291c | 1902 0000 | 8b7e 0849 | ba00 0000 | 0008 0000 | 0049 03fa | 483b b878 
  0x00000219016c617c: 0100 0075 | 0d48 8380 | 8001 0000 | 01e9 7900 | 0000 483b | b888 0100 | 0075 0d48 | 8380 9001 
  0x00000219016c619c: 0000 01e9 | 6300 0000 | 4883 b878 | 0100 0000 | 7517 4889 | b878 0100 | 0048 c780 | 8001 0000 
  0x00000219016c61bc: 0100 0000 | e942 0000 | 0048 83b8 | 8801 0000 | 0075 1748 | 89b8 8801 | 0000 48c7 | 8090 0100 
  0x00000219016c61dc: 0001 0000 | 00e9 2100 | 0000 e91c 

  0x00000219016c61e8: ;   {metadata(method data for {method} {0x000002191b035e90} 'throwOnFailure' '(Ljava/lang/Object;)V' in 'kotlin/ResultKt')}
  0x00000219016c61e8: 0000 0048 | b898 5629 | 1c19 0200 | 0048 83a8 | 6801 0000 | 01e9 000b | 0000 e900 | 0000 0048 
  0x00000219016c6208: 8bc6 8b40 | 0c48 c1e0 | 0348 3b00 | e94c 0c00 | 0048 8984 | 24c8 0000 | 0048 85f6 

  0x00000219016c6224: ;   {metadata(method data for {method} {0x000002191b035e90} 'throwOnFailure' '(Ljava/lang/Object;)V' in 'kotlin/ResultKt')}
  0x00000219016c6224: 7516 48b9 | 9856 291c | 1902 0000 | 8089 6101 | 0000 01e9 | cd00 0000 

  0x00000219016c623c: ;   {metadata('kotlin/Result$Failure')}
  0x00000219016c623c: 49b8 d81c | 0d00 0800 | 0000 8b56 | 0849 ba00 | 0000 0008 | 0000 0049 | 03d2 4c3b | c20f 858e 
  0x00000219016c625c: ;   {metadata(method data for {method} {0x000002191b035e90} 'throwOnFailure' '(Ljava/lang/Object;)V' in 'kotlin/ResultKt')}
  0x00000219016c625c: 0000 0048 | b998 5629 | 1c19 0200 | 0044 8b46 | 0849 ba00 | 0000 0008 | 0000 004d | 03c2 4c3b 
  0x00000219016c627c: 8178 0100 | 0075 0d48 | 8381 8001 | 0000 01e9 | 7900 0000 | 4c3b 8188 | 0100 0075 | 0d48 8381 
  0x00000219016c629c: 9001 0000 | 01e9 6300 | 0000 4883 | b978 0100 | 0000 7517 | 4c89 8178 | 0100 0048 | c781 8001 
  0x00000219016c62bc: 0000 0100 | 0000 e942 | 0000 0048 | 83b9 8801 | 0000 0075 | 174c 8981 | 8801 0000 | 48c7 8190 
  0x00000219016c62dc: 0100 0001 | 0000 00e9 | 2100 0000 | e91c 0000 

  0x00000219016c62ec: ;   {metadata(method data for {method} {0x000002191b035e90} 'throwOnFailure' '(Ljava/lang/Object;)V' in 'kotlin/ResultKt')}
  0x00000219016c62ec: 0048 b998 | 5629 1c19 | 0200 0048 | 83a9 6801 | 0000 01e9 | 110a 0000 | e900 0000 | 0048 8bc6 
  0x00000219016c630c: ; implicit exception: dispatches to 0x00000219016c6d1e
  0x00000219016c630c: 8b40 0c48 | c1e0 0348 | 3b00 e94a | 0b00 0048 | 8984 24c8 | 0000 0048 | 85f6 7516 

  0x00000219016c6328: ;   {metadata(method data for {method} {0x000002191b035e90} 'throwOnFailure' '(Ljava/lang/Object;)V' in 'kotlin/ResultKt')}
  0x00000219016c6328: 48b9 9856 | 291c 1902 | 0000 8089 | 6101 0000 | 01e9 cd00 

  0x00000219016c633c: ;   {metadata('kotlin/Result$Failure')}
  0x00000219016c633c: 0000 49b8 | d81c 0d00 | 0800 0000 | 8b56 0849 | ba00 0000 | 0008 0000 | 0049 03d2 | 4c3b c20f 
  0x00000219016c635c: 858e 0000 

  0x00000219016c6360: ;   {metadata(method data for {method} {0x000002191b035e90} 'throwOnFailure' '(Ljava/lang/Object;)V' in 'kotlin/ResultKt')}
  0x00000219016c6360: 0048 b998 | 5629 1c19 | 0200 0044 | 8b46 0849 | ba00 0000 | 0008 0000 | 004d 03c2 | 4c3b 8178 
  0x00000219016c6380: 0100 0075 | 0d48 8381 | 8001 0000 | 01e9 7900 | 0000 4c3b | 8188 0100 | 0075 0d48 | 8381 9001 
  0x00000219016c63a0: 0000 01e9 | 6300 0000 | 4883 b978 | 0100 0000 | 7517 4c89 | 8178 0100 | 0048 c781 | 8001 0000 
  0x00000219016c63c0: 0100 0000 | e942 0000 | 0048 83b9 | 8801 0000 | 0075 174c | 8981 8801 | 0000 48c7 | 8190 0100 
  0x00000219016c63e0: 0001 0000 | 00e9 2100 | 0000 e91c 

  0x00000219016c63ec: ;   {metadata(method data for {method} {0x000002191b035e90} 'throwOnFailure' '(Ljava/lang/Object;)V' in 'kotlin/ResultKt')}
  0x00000219016c63ec: 0000 0048 | b998 5629 | 1c19 0200 | 0048 83a9 | 6801 0000 | 01e9 2209 | 0000 e900 | 0000 0048 
  0x00000219016c640c: 8bc6 8b40 | 0c48 c1e0 | 0348 3b00 | e948 0a00 | 0048 8b94 | 24b8 0000 | 0048 85f6 

  0x00000219016c6428: ;   {metadata(method data for {method} {0x000002191b035e90} 'throwOnFailure' '(Ljava/lang/Object;)V' in 'kotlin/ResultKt')}
  0x00000219016c6428: 7517 49b8 | 9856 291c | 1902 0000 | 4180 8861 | 0100 0001 | e9cc 0000 

  0x00000219016c6440: ;   {metadata('kotlin/Result$Failure')}
  0x00000219016c6440: 0048 bbd8 | 1c0d 0008 | 0000 008b | 4e08 49ba | 0000 0000 | 0800 0000 | 4903 ca48 | 3bd9 0f85 
  0x00000219016c6460: 8d00 0000 

  0x00000219016c6464: ;   {metadata(method data for {method} {0x000002191b035e90} 'throwOnFailure' '(Ljava/lang/Object;)V' in 'kotlin/ResultKt')}
  0x00000219016c6464: 49b8 9856 | 291c 1902 | 0000 8b5e | 0849 ba00 | 0000 0008 | 0000 0049 | 03da 493b | 9878 0100 
  0x00000219016c6484: 0075 0d49 | 8380 8001 | 0000 01e9 | 7900 0000 | 493b 9888 | 0100 0075 | 0d49 8380 | 9001 0000 
  0x00000219016c64a4: 01e9 6300 | 0000 4983 | b878 0100 | 0000 7517 | 4989 9878 | 0100 0049 | c780 8001 | 0000 0100 
  0x00000219016c64c4: 0000 e942 | 0000 0049 | 83b8 8801 | 0000 0075 | 1749 8998 | 8801 0000 | 49c7 8090 | 0100 0001 
  0x00000219016c64e4: 0000 00e9 | 2100 0000 | e91c 0000 

  0x00000219016c64f0: ;   {metadata(method data for {method} {0x000002191b035e90} 'throwOnFailure' '(Ljava/lang/Object;)V' in 'kotlin/ResultKt')}
  0x00000219016c64f0: 0049 b898 | 5629 1c19 | 0200 0049 | 83a8 6801 | 0000 01e9 | 3308 0000 | e900 0000 | 0048 8bfe 
  0x00000219016c6510: ; implicit exception: dispatches to 0x00000219016c6d44
  0x00000219016c6510: 8b7f 0c48 | c1e7 0348 | 3b07 488b | c7e9 4309 | 0000 660f | 1f44 0000 

  0x00000219016c6528: ;   {no_reloc}
  0x00000219016c6528: e930 0800 | 0000 0000 | 0000 498b | 87b8 0100 | 0048 8d78 | 2849 3bbf | c801 0000 | 0f87 1d08 
  0x00000219016c6548: 0000 4989 | bfb8 0100 | 0048 c700 | 0100 0000 | 488b ca49 | ba00 0000 | 0008 0000 | 0049 2bca 
  0x00000219016c6568: 8948 0848 | 33c9 8948 | 0c48 33c9 | 4889 4810 | 4889 4818 | 4889 4820 

  0x00000219016c6580: ;   {metadata(method data for {method} {0x0000021981d849e8} 'awaitAsyncJobs' '(Lkotlin/coroutines/Continuation;)Ljava/lang/Object;' in 'com/dokar/quickjs/QuickJs')}
  0x00000219016c6580: 4c8b c048 | ba00 80e5 | 8119 0200 | 0048 8382 | b008 0000 

  0x00000219016c6594: ;   {oop("call to 'resume' before 'invoke' with coroutine"{0x000000068b4112d0})}
  0x00000219016c6594: 0149 b8d0 | 1241 8b06 | 0000 0048 | 8bd0 4889 | 8424 4801 | 0000 0f1f 

  0x00000219016c65ac: ;   {optimized virtual_call}
  0x00000219016c65ac: 4400 00e8 

  0x00000219016c65b0: ; ImmutableOopMap {[328]=Oop }
                      ;*invokespecial <init> {reexecute=0 rethrow=0 return_oop=0}
                      ; - com.dokar.quickjs.QuickJs::awaitAsyncJobs@523 (line 370)
  0x00000219016c65b0: cc84 eb05 

  0x00000219016c65b4: ;   {other}
  0x00000219016c65b4: 0f1f 8400 | a42e 0013 | 488b 8424 | 4801 0000 | e99c 0800 | 0049 8b87 | 0005 0000 | 4d33 d24d 
  0x00000219016c65d4: 8997 0005 | 0000 4d33 | d24d 8997 | 0805 0000 | 4889 8424 | 5001 0000 | 4c8b 8424 | 1001 0000 
  0x00000219016c65f4: 4885 ff0f | 8429 0000 

  0x00000219016c65fc: ;   {metadata('kotlinx/coroutines/sync/MutexImpl')}
  0x00000219016c65fc: 0048 b9f8 | 0815 0008 | 0000 008b | 5f08 49ba | 0000 0000 | 0800 0000 | 4903 da48 | 3b4b 400f 
  0x00000219016c661c: 8553 0700 | 00e9 0000 | 0000 488b | d748 3b07 

  0x00000219016c662c: ;   {metadata(method data for {method} {0x0000021981d849e8} 'awaitAsyncJobs' '(Lkotlin/coroutines/Continuation;)Ljava/lang/Object;' in 'com/dokar/quickjs/QuickJs')}
  0x00000219016c662c: 488b d748 | be00 80e5 | 8119 0200 

  0x00000219016c6638: ;   {metadata('kotlinx/coroutines/sync/MutexImpl')}
  0x00000219016c6638: 0049 baf8 | 0815 0008 | 0000 004c | 8996 4007 | 0000 4883 | 8648 0700 | 0001 488b 

  0x00000219016c6654: ;   {optimized virtual_call}
  0x00000219016c6654: d766 90e8 

  0x00000219016c6658: ; ImmutableOopMap {[336]=Oop }
                      ;*invokeinterface unlock {reexecute=0 rethrow=0 return_oop=0}
                      ; - com.dokar.quickjs.QuickJs::awaitAsyncJobs@435 (line 762)
  0x00000219016c6658: 2484 eb05 

  0x00000219016c665c: ;   {other}
  0x00000219016c665c: 0f1f 8400 | 4c2f 0014 | 488b 8424 | 5001 0000 | e9f4 0700 | 0049 8b87 | 0005 0000 | 4d33 d24d 
  0x00000219016c667c: 8997 0005 | 0000 4d33 | d24d 8997 | 0805 0000 | 4889 8424 | 5801 0000 | 488b b424 | d800 0000 
  0x00000219016c669c: 4885 ff0f | 8429 0000 

  0x00000219016c66a4: ;   {metadata('kotlinx/coroutines/sync/MutexImpl')}
  0x00000219016c66a4: 0048 b9f8 | 0815 0008 | 0000 008b | 5f08 49ba | 0000 0000 | 0800 0000 | 4903 da48 | 3b4b 400f 
  0x00000219016c66c4: 85b5 0600 | 00e9 0000 | 0000 4c8b | c748 3b07 

  0x00000219016c66d4: ;   {metadata(method data for {method} {0x0000021981d849e8} 'awaitAsyncJobs' '(Lkotlin/coroutines/Continuation;)Ljava/lang/Object;' in 'com/dokar/quickjs/QuickJs')}
  0x00000219016c66d4: 4c8b c748 | ba00 80e5 | 8119 0200 

  0x00000219016c66e0: ;   {metadata('kotlinx/coroutines/sync/MutexImpl')}
  0x00000219016c66e0: 0049 baf8 | 0815 0008 | 0000 004c | 8992 b803 | 0000 4883 | 82c0 0300 | 0001 4c8b | c648 8bd7 
  0x00000219016c6700: 0f1f 8000 

  0x00000219016c6704: ;   {optimized virtual_call}
  0x00000219016c6704: 0000 00e8 

  0x00000219016c6708: ; ImmutableOopMap {[344]=Oop }
                      ;*invokeinterface unlock {reexecute=0 rethrow=0 return_oop=0}
                      ; - com.dokar.quickjs.QuickJs::awaitAsyncJobs@228 (line 749)
  0x00000219016c6708: 7483 eb05 

  0x00000219016c670c: ;   {other}
  0x00000219016c670c: 0f1f 8400 | fc2f 0015 | 488b 8424 | 5801 0000 | e944 0700 

  0x00000219016c6720: ;   {metadata({method} {0x0000021981d849e8} 'awaitAsyncJobs' '(Lkotlin/coroutines/Continuation;)Ljava/lang/Object;' in 'com/dokar/quickjs/QuickJs')}
  0x00000219016c6720: 0049 bae0 | 49d8 8119 | 0200 004c | 8954 2408 | 48c7 0424 | ffff ffff 

  0x00000219016c6738: ;   {runtime_call counter_overflow Runtime1 stub}
  0x00000219016c6738: e843 3bf7 

  0x00000219016c673c: ; ImmutableOopMap {rdx=Oop r8=Oop [184]=Oop }
                      ;*synchronization entry
                      ; - com.dokar.quickjs.QuickJs::awaitAsyncJobs@-1
  0x00000219016c673c: 05e9 8cd5 | ffff 4c89 

  0x00000219016c6744: ;   {runtime_call throw_class_cast_exception Runtime1 stub}
  0x00000219016c6744: 0424 e835 

  0x00000219016c6748: ; ImmutableOopMap {rdx=Oop r8=Oop [184]=Oop }
                      ;*checkcast {reexecute=0 rethrow=0 return_oop=0}
                      ; - com.dokar.quickjs.QuickJs::awaitAsyncJobs@8
                      ;   {runtime_call throw_null_pointer_exception Runtime1 stub}
  0x00000219016c6748: 0ef7 05e8 

  0x00000219016c674c: ; ImmutableOopMap {rdx=Oop r8=Oop rsi=Oop [184]=Oop }
                      ;*getfield label {reexecute=1 rethrow=0 return_oop=0}
                      ; - (reexecute) com.dokar.quickjs.QuickJs::awaitAsyncJobs@15
  0x00000219016c674c: 30ea f605 

  0x00000219016c6750: ;   {runtime_call fast_new_instance Runtime1 stub}
  0x00000219016c6750: 488b d2e8 

  0x00000219016c6754: ; ImmutableOopMap {r8=Oop rbx=Oop [184]=Oop }
                      ;*new {reexecute=0 rethrow=0 return_oop=0}
                      ; - com.dokar.quickjs.QuickJs::awaitAsyncJobs@41
  0x00000219016c6754: 28f3 f605 | e918 d8ff 

  0x00000219016c675c: ;   {metadata({method} {0x0000021981df61d8} '<init>' '(Lcom/dokar/quickjs/QuickJs;Lkotlin/coroutines/Continuation;)V' in 'com/dokar/quickjs/QuickJs$awaitAsyncJobs$1')}
  0x00000219016c675c: ff49 bad0 | 61df 8119 | 0200 004c | 8954 2408 | 48c7 0424 | ffff ffff 

  0x00000219016c6774: ;   {runtime_call counter_overflow Runtime1 stub}
  0x00000219016c6774: e807 3bf7 

  0x00000219016c6778: ; ImmutableOopMap {r8=Oop rbx=Oop rax=Oop [184]=Oop }
                      ;*synchronization entry
                      ; - com.dokar.quickjs.QuickJs$awaitAsyncJobs$1::<init>@-1
                      ; - com.dokar.quickjs.QuickJs::awaitAsyncJobs@47
  0x00000219016c6778: 05e9 33d8 | ffff 8b50 | 2848 c1e2 | 0348 83fa | 000f 842f | d8ff ff48 

  0x00000219016c6790: ;   {runtime_call g1_pre_barrier_slow}
  0x00000219016c6790: 8914 24e8 | e840 f705 | e921 d8ff | ff48 83fb | 000f 8436 | d8ff ff48 

  0x00000219016c67a8: ;   {runtime_call g1_post_barrier_slow}
  0x00000219016c67a8: 8904 24e8 | d043 f705 | e928 d8ff 

  0x00000219016c67b4: ;   {metadata({method} {0x000002191af7f208} '<init>' '(Lkotlin/coroutines/Continuation;)V' in 'kotlin/coroutines/jvm/internal/ContinuationImpl')}
  0x00000219016c67b4: ff49 ba00 | f2f7 1a19 | 0200 004c | 8954 2408 | 48c7 0424 | ffff ffff 

  0x00000219016c67cc: ;   {runtime_call counter_overflow Runtime1 stub}
  0x00000219016c67cc: e8af 3af7 

  0x00000219016c67d0: ; ImmutableOopMap {r8=Oop rbx=Oop rax=Oop [184]=Oop }
                      ;*synchronization entry
                      ; - kotlin.coroutines.jvm.internal.ContinuationImpl::<init>@-1 (line 103)
                      ; - com.dokar.quickjs.QuickJs$awaitAsyncJobs$1::<init>@7
                      ; - com.dokar.quickjs.QuickJs::awaitAsyncJobs@47
  0x00000219016c67d0: 05e9 43d8 

  0x00000219016c67d4: ;   {runtime_call throw_null_pointer_exception Runtime1 stub}
  0x00000219016c67d4: ffff e8a5 

  0x00000219016c67d8: ; ImmutableOopMap {r8=Oop [168]=Oop [184]=Oop }
                      ;*invokeinterface getContext {reexecute=0 rethrow=0 return_oop=0}
                      ; - kotlin.coroutines.jvm.internal.ContinuationImpl::<init>@7 (line 103)
                      ; - com.dokar.quickjs.QuickJs$awaitAsyncJobs$1::<init>@7
                      ; - com.dokar.quickjs.QuickJs::awaitAsyncJobs@47
                      ;   {metadata({method} {0x000002191af7f128} '<init>' '(Lkotlin/coroutines/Continuation;Lkotlin/coroutines/CoroutineContext;)V' in 'kotlin/coroutines/jvm/internal/ContinuationImpl')}
  0x00000219016c67d8: e9f6 0549 | ba20 f1f7 | 1a19 0200 | 004c 8954 | 2408 48c7 | 0424 ffff 

  0x00000219016c67f0: ;   {runtime_call counter_overflow Runtime1 stub}
  0x00000219016c67f0: ffff e889 

  0x00000219016c67f4: ; ImmutableOopMap {rax=Oop r8=Oop rdx=Oop [184]=Oop }
                      ;*synchronization entry
                      ; - kotlin.coroutines.jvm.internal.ContinuationImpl::<init>@-1 (line 97)
                      ; - kotlin.coroutines.jvm.internal.ContinuationImpl::<init>@17 (line 103)
                      ; - com.dokar.quickjs.QuickJs$awaitAsyncJobs$1::<init>@7
                      ; - com.dokar.quickjs.QuickJs::awaitAsyncJobs@47
  0x00000219016c67f4: 3af7 05e9 | 84d9 ffff 

  0x00000219016c67fc: ;   {metadata({method} {0x000002191b000228} '<init>' '(Lkotlin/coroutines/Continuation;)V' in 'kotlin/coroutines/jvm/internal/BaseContinuationImpl')}
  0x00000219016c67fc: 49ba 2002 | 001b 1902 | 0000 4c89 | 5424 0848 | c704 24ff 

  0x00000219016c6810: ;   {runtime_call counter_overflow Runtime1 stub}
  0x00000219016c6810: ffff ffe8 

  0x00000219016c6814: ; ImmutableOopMap {rax=Oop r8=Oop rdx=Oop [184]=Oop }
                      ;*synchronization entry
                      ; - kotlin.coroutines.jvm.internal.BaseContinuationImpl::<init>@-1 (line 14)
                      ; - kotlin.coroutines.jvm.internal.ContinuationImpl::<init>@2 (line 97)
                      ; - kotlin.coroutines.jvm.internal.ContinuationImpl::<init>@17 (line 103)
                      ; - com.dokar.quickjs.QuickJs$awaitAsyncJobs$1::<init>@7
                      ; - com.dokar.quickjs.QuickJs::awaitAsyncJobs@47
  0x00000219016c6814: 683a f705 | e99f d9ff 

  0x00000219016c681c: ;   {metadata({method} {0x000002191a000638} '<init>' '()V' in 'java/lang/Object')}
  0x00000219016c681c: ff49 ba30 | 0600 1a19 | 0200 004c | 8954 2408 | 48c7 0424 | ffff ffff 

  0x00000219016c6834: ;   {runtime_call counter_overflow Runtime1 stub}
  0x00000219016c6834: e847 3af7 

  0x00000219016c6838: ; ImmutableOopMap {rax=Oop r8=Oop rdx=Oop [184]=Oop }
                      ;*synchronization entry
                      ; - java.lang.Object::<init>@-1
                      ; - kotlin.coroutines.jvm.internal.BaseContinuationImpl::<init>@1 (line 14)
                      ; - kotlin.coroutines.jvm.internal.ContinuationImpl::<init>@2 (line 97)
                      ; - kotlin.coroutines.jvm.internal.ContinuationImpl::<init>@17 (line 103)
                      ; - com.dokar.quickjs.QuickJs$awaitAsyncJobs$1::<init>@7
                      ; - com.dokar.quickjs.QuickJs::awaitAsyncJobs@47
  0x00000219016c6838: 05e9 bad9 | ffff 418b | 700c 48c1 | e603 4883 | fe00 0f84 | b5d9 ffff | 4889 3424 

  0x00000219016c6854: ;   {runtime_call g1_pre_barrier_slow}
  0x00000219016c6854: e827 40f7 | 05e9 a7d9 | ffff 4883 | fa00 0f84 | bcd9 ffff | 4c89 0424 

  0x00000219016c686c: ;   {runtime_call g1_post_barrier_slow}
  0x00000219016c686c: e80f 43f7 | 05e9 aed9 | ffff 418b | 5010 48c1 | e203 4883 | fa00 0f84 | a9d9 ffff | 4889 1424 
  0x00000219016c688c: ;   {runtime_call g1_pre_barrier_slow}
  0x00000219016c688c: e8ef 3ff7 | 05e9 9bd9 | ffff 4883 | f800 0f84 | b0d9 ffff | 4c89 0424 

  0x00000219016c68a4: ;   {runtime_call g1_post_barrier_slow}
  0x00000219016c68a4: e8d7 42f7 | 05e9 a2d9 

  0x00000219016c68ac: ;   {runtime_call throw_null_pointer_exception Runtime1 stub}
  0x00000219016c68ac: ffff e8cd 

  0x00000219016c68b0: ; ImmutableOopMap {rax=Oop [184]=Oop }
                      ;*getfield result {reexecute=1 rethrow=0 return_oop=0}
                      ; - (reexecute) com.dokar.quickjs.QuickJs::awaitAsyncJobs@54
                      ;   {metadata({method} {0x000002191b00a5d0} 'getCOROUTINE_SUSPENDED' '()Ljava/lang/Object;' in 'kotlin/coroutines/intrinsics/IntrinsicsKt__IntrinsicsKt')}
  0x00000219016c68b0: e8f6 0549 | bac8 a500 | 1b19 0200 | 004c 8954 | 2408 48c7 | 0424 ffff 

  0x00000219016c68c8: ;   {runtime_call counter_overflow Runtime1 stub}
  0x00000219016c68c8: ffff e8b1 

  0x00000219016c68cc: ; ImmutableOopMap {rax=Oop rsi=Oop [184]=Oop }
                      ;*synchronization entry
                      ; - kotlin.coroutines.intrinsics.IntrinsicsKt__IntrinsicsKt::getCOROUTINE_SUSPENDED@-1 (line 57)
                      ; - com.dokar.quickjs.QuickJs::awaitAsyncJobs@59
  0x00000219016c68cc: 39f7 05e9 | e3d9 ffff | 4c89 0424 

  0x00000219016c68d8: ;   {runtime_call throw_class_cast_exception Runtime1 stub}
  0x00000219016c68d8: e8a3 0cf7 

  0x00000219016c68dc: ; ImmutableOopMap {rax=Oop rsi=Oop [184]=Oop }
                      ;*checkcast {reexecute=0 rethrow=0 return_oop=0}
                      ; - com.dokar.quickjs.QuickJs::awaitAsyncJobs@497 (line 370)
                      ;   {metadata({method} {0x000002191b035e90} 'throwOnFailure' '(Ljava/lang/Object;)V' in 'kotlin/ResultKt')}
  0x00000219016c68dc: 0549 ba88 | 5e03 1b19 | 0200 004c | 8954 2408 | 48c7 0424 | ffff ffff 

  0x00000219016c68f4: ;   {runtime_call counter_overflow Runtime1 stub}
  0x00000219016c68f4: e887 39f7 

  0x00000219016c68f8: ; ImmutableOopMap {rax=Oop rsi=Oop [184]=Oop }
                      ;*synchronization entry
                      ; - kotlin.ResultKt::throwOnFailure@-1 (line 132)
                      ; - com.dokar.quickjs.QuickJs::awaitAsyncJobs@503 (line 370)
  0x00000219016c68f8: 05e9 95db 

  0x00000219016c68fc: ;   {metadata({method} {0x0000021981d849e8} 'awaitAsyncJobs' '(Lkotlin/coroutines/Continuation;)Ljava/lang/Object;' in 'com/dokar/quickjs/QuickJs')}
  0x00000219016c68fc: ffff 49ba | e049 d881 | 1902 0000 | 4c89 5424 | 0848 c704 | 24fd 0100 

  0x00000219016c6914: ;   {runtime_call counter_overflow Runtime1 stub}
  0x00000219016c6914: 00e8 6639 

  0x00000219016c6918: ; ImmutableOopMap {rax=Oop rdx=Oop rdi=Oop }
                      ;*goto {reexecute=1 rethrow=0 return_oop=0}
                      ; - (reexecute) com.dokar.quickjs.QuickJs::awaitAsyncJobs@509 (line 385)
  0x00000219016c6918: f705 e9d2 | dcff ff4c 

  0x00000219016c6920: ;   {runtime_call throw_class_cast_exception Runtime1 stub}
  0x00000219016c6920: 8904 24e8 

  0x00000219016c6924: ; ImmutableOopMap {rax=Oop rsi=Oop [184]=Oop }
                      ;*checkcast {reexecute=0 rethrow=0 return_oop=0}
                      ; - com.dokar.quickjs.QuickJs::awaitAsyncJobs@302 (line 370)
  0x00000219016c6924: 580c f705 

  0x00000219016c6928: ;   {metadata({method} {0x000002191b035e90} 'throwOnFailure' '(Ljava/lang/Object;)V' in 'kotlin/ResultKt')}
  0x00000219016c6928: 49ba 885e | 031b 1902 | 0000 4c89 | 5424 0848 | c704 24ff 

  0x00000219016c693c: ;   {runtime_call counter_overflow Runtime1 stub}
  0x00000219016c693c: ffff ffe8 

  0x00000219016c6940: ; ImmutableOopMap {rax=Oop rsi=Oop rdi=Oop [184]=Oop }
                      ;*synchronization entry
                      ; - kotlin.ResultKt::throwOnFailure@-1 (line 132)
                      ; - com.dokar.quickjs.QuickJs::awaitAsyncJobs@308 (line 370)
  0x00000219016c6940: 3c39 f705 | e916 deff | ff4c 8904 

  0x00000219016c694c: ;   {runtime_call throw_class_cast_exception Runtime1 stub}
  0x00000219016c694c: 24e8 2e0c 

  0x00000219016c6950: ; ImmutableOopMap {rax=Oop rsi=Oop [184]=Oop }
                      ;*checkcast {reexecute=0 rethrow=0 return_oop=0}
                      ; - com.dokar.quickjs.QuickJs::awaitAsyncJobs@166 (line 370)
                      ;   {metadata({method} {0x000002191b035e90} 'throwOnFailure' '(Ljava/lang/Object;)V' in 'kotlin/ResultKt')}
  0x00000219016c6950: f705 49ba | 885e 031b | 1902 0000 | 4c89 5424 | 0848 c704 | 24ff ffff 

  0x00000219016c6968: ;   {runtime_call counter_overflow Runtime1 stub}
  0x00000219016c6968: ffe8 1239 

  0x00000219016c696c: ; ImmutableOopMap {rax=Oop rsi=Oop rdi=Oop [184]=Oop }
                      ;*synchronization entry
                      ; - kotlin.ResultKt::throwOnFailure@-1 (line 132)
                      ; - com.dokar.quickjs.QuickJs::awaitAsyncJobs@172 (line 370)
  0x00000219016c696c: f705 e97d 

  0x00000219016c6970: ;   {metadata({method} {0x000002191b035e90} 'throwOnFailure' '(Ljava/lang/Object;)V' in 'kotlin/ResultKt')}
  0x00000219016c6970: e0ff ff49 | ba88 5e03 | 1b19 0200 | 004c 8954 | 2408 48c7 | 0424 ffff 

  0x00000219016c6988: ;   {runtime_call counter_overflow Runtime1 stub}
  0x00000219016c6988: ffff e8f1 

  0x00000219016c698c: ; ImmutableOopMap {rax=Oop rsi=Oop [184]=Oop }
                      ;*synchronization entry
                      ; - kotlin.ResultKt::throwOnFailure@-1 (line 132)
                      ; - com.dokar.quickjs.QuickJs::awaitAsyncJobs@102 (line 370)
  0x00000219016c698c: 38f7 05e9 | d0e1 ffff | 448b 4020 | 49c1 e003 | 4983 f800 | 0f84 fde2 | ffff 4c89 

  0x00000219016c69a8: ;   {runtime_call g1_pre_barrier_slow}
  0x00000219016c69a8: 0424 e8d1 | 3ef7 05e9 | efe2 ffff | 4883 fe00 | 0f84 04e3 | ffff 4889 

  0x00000219016c69c0: ;   {runtime_call g1_post_barrier_slow}
  0x00000219016c69c0: 0424 e8b9 | 41f7 05e9 | f6e2 ffff 

  0x00000219016c69cc: ;   {runtime_call throw_incompatible_class_change_error Runtime1 stub}
  0x00000219016c69cc: e8af 0ef7 

  0x00000219016c69d0: ; ImmutableOopMap {rax=Oop rdx=Oop rsi=Oop [184]=Oop }
                      ;*invokeinterface lock {reexecute=0 rethrow=0 return_oop=0}
                      ; - com.dokar.quickjs.QuickJs::awaitAsyncJobs@138 (line 745)
                      ;   {runtime_call throw_null_pointer_exception Runtime1 stub}
  0x00000219016c69d0: 05e8 aae7 

  0x00000219016c69d4: ; ImmutableOopMap {rax=Oop rdx=Oop rsi=Oop [184]=Oop }
                      ;*invokeinterface lock {reexecute=0 rethrow=0 return_oop=0}
                      ; - com.dokar.quickjs.QuickJs::awaitAsyncJobs@138 (line 745)
                      ;   {metadata({method} {0x000002191ac19cb0} 'lock' '(Ljava/lang/Object;Lkotlin/coroutines/Continuation;)Ljava/lang/Object;' in 'kotlinx/coroutines/sync/MutexImpl')}
  0x00000219016c69d4: f605 49ba | a89c c11a | 1902 0000 | 4c89 5424 | 0848 c704 | 24ff ffff 

  0x00000219016c69ec: ;   {runtime_call counter_overflow Runtime1 stub}
  0x00000219016c69ec: ffe8 8e38 

  0x00000219016c69f0: ; ImmutableOopMap {rax=Oop rdx=Oop rsi=Oop [184]=Oop }
                      ;*synchronization entry
                      ; - kotlinx.coroutines.sync.MutexImpl::lock@-1
                      ; - com.dokar.quickjs.QuickJs::awaitAsyncJobs@138 (line 745)
  0x00000219016c69f0: f705 e960 

  0x00000219016c69f4: ;   {metadata({method} {0x000002191ac19da8} 'lock$suspendImpl' '(Lkotlinx/coroutines/sync/MutexImpl;Ljava/lang/Object;Lkotlin/coroutines/Continuation;)Ljava/lang/Object;' in 'kotlinx/coroutines/sync/MutexImpl')}
  0x00000219016c69f4: e3ff ff49 | baa0 9dc1 | 1a19 0200 | 004c 8954 | 2408 48c7 | 0424 ffff 

  0x00000219016c6a0c: ;   {runtime_call counter_overflow Runtime1 stub}
  0x00000219016c6a0c: ffff e86d 

  0x00000219016c6a10: ; ImmutableOopMap {rax=Oop rdx=Oop rsi=Oop [184]=Oop }
                      ;*synchronization entry
                      ; - kotlinx.coroutines.sync.MutexImpl::lock$suspendImpl@-1 (line 167)
                      ; - kotlinx.coroutines.sync.MutexImpl::lock@3
                      ; - com.dokar.quickjs.QuickJs::awaitAsyncJobs@138 (line 745)
  0x00000219016c6a10: 38f7 05e9 | 7ae3 ffff 

  0x00000219016c6a18: ;   {metadata({method} {0x000002191b00a5d0} 'getCOROUTINE_SUSPENDED' '()Ljava/lang/Object;' in 'kotlin/coroutines/intrinsics/IntrinsicsKt__IntrinsicsKt')}
  0x00000219016c6a18: 49ba c8a5 | 001b 1902 | 0000 4c89 | 5424 0848 | c704 24ff 

  0x00000219016c6a2c: ;   {runtime_call counter_overflow Runtime1 stub}
  0x00000219016c6a2c: ffff ffe8 

  0x00000219016c6a30: ; ImmutableOopMap {rax=Oop [184]=Oop [192]=Oop [200]=Oop }
                      ;*synchronization entry
                      ; - kotlin.coroutines.intrinsics.IntrinsicsKt__IntrinsicsKt::getCOROUTINE_SUSPENDED@-1 (line 57)
                      ; - kotlinx.coroutines.sync.MutexImpl::lock$suspendImpl@19 (line 168)
                      ; - kotlinx.coroutines.sync.MutexImpl::lock@3
                      ; - com.dokar.quickjs.QuickJs::awaitAsyncJobs@138 (line 745)
  0x00000219016c6a30: 4c38 f705 | e959 e4ff 

  0x00000219016c6a38: ;   {metadata({method} {0x0000021981d849e8} 'awaitAsyncJobs' '(Lkotlin/coroutines/Continuation;)Ljava/lang/Object;' in 'com/dokar/quickjs/QuickJs')}
  0x00000219016c6a38: ff49 bae0 | 49d8 8119 | 0200 004c | 8954 2408 | 48c7 0424 | cd00 0000 

  0x00000219016c6a50: ;   {runtime_call counter_overflow Runtime1 stub}
  0x00000219016c6a50: e82b 38f7 

  0x00000219016c6a54: ; ImmutableOopMap {[184]=Oop [200]=Oop [208]=Oop [216]=Oop }
                      ;*ifne {reexecute=1 rethrow=0 return_oop=0}
                      ; - (reexecute) com.dokar.quickjs.QuickJs::awaitAsyncJobs@205 (line 377)
  0x00000219016c6a54: 05e9 a3e5 

  0x00000219016c6a58: ;   {runtime_call throw_incompatible_class_change_error Runtime1 stub}
  0x00000219016c6a58: ffff e821 

  0x00000219016c6a5c: ; ImmutableOopMap {rdi=Oop [184]=Oop [200]=Oop [216]=Oop }
                      ;*invokeinterface unlock {reexecute=0 rethrow=0 return_oop=0}
                      ; - com.dokar.quickjs.QuickJs::awaitAsyncJobs@216 (line 749)
                      ;   {runtime_call throw_null_pointer_exception Runtime1 stub}
  0x00000219016c6a5c: 0ef7 05e8 

  0x00000219016c6a60: ; ImmutableOopMap {rdi=Oop [184]=Oop [200]=Oop [216]=Oop }
                      ;*invokeinterface unlock {reexecute=0 rethrow=0 return_oop=0}
                      ; - com.dokar.quickjs.QuickJs::awaitAsyncJobs@216 (line 749)
  0x00000219016c6a60: 1ce7 f605 

  0x00000219016c6a64: ;   {runtime_call throw_null_pointer_exception Runtime1 stub}
  0x00000219016c6a64: e817 e7f6 

  0x00000219016c6a68: ; ImmutableOopMap {rax=Oop rdx=Oop [240]=Oop }
                      ;*getfield jobsMutex {reexecute=1 rethrow=0 return_oop=0}
                      ; - (reexecute) com.dokar.quickjs.QuickJs::awaitAsyncJobs@239 (line 380)
  0x00000219016c6a68: 0544 8b40 | 2049 c1e0 | 0349 83f8 | 000f 8481 | e6ff ff4c 

  0x00000219016c6a7c: ;   {runtime_call g1_pre_barrier_slow}
  0x00000219016c6a7c: 8904 24e8 | fc3d f705 | e973 e6ff 

  0x00000219016c6a88: ;   {runtime_call throw_null_pointer_exception Runtime1 stub}
  0x00000219016c6a88: ffe8 f2e6 

  0x00000219016c6a8c: ; ImmutableOopMap {rax=Oop rdx=Oop rsi=Oop [240]=Oop }
                      ;*putfield L$0 {reexecute=1 rethrow=0 return_oop=0}
                      ; - (reexecute) com.dokar.quickjs.QuickJs::awaitAsyncJobs@257 (line 756)
  0x00000219016c6a8c: f605 4883 | fe00 0f84 | 83e6 ffff | 4889 0424 

  0x00000219016c6a9c: ;   {runtime_call g1_post_barrier_slow}
  0x00000219016c6a9c: e8df 40f7 | 05e9 75e6 

  0x00000219016c6aa4: ;   {runtime_call throw_incompatible_class_change_error Runtime1 stub}
  0x00000219016c6aa4: ffff e8d5 

  0x00000219016c6aa8: ; ImmutableOopMap {rax=Oop rdx=Oop rsi=Oop [240]=Oop }
                      ;*invokeinterface lock {reexecute=0 rethrow=0 return_oop=0}
                      ; - com.dokar.quickjs.QuickJs::awaitAsyncJobs@273 (line 756)
                      ;   {runtime_call throw_null_pointer_exception Runtime1 stub}
  0x00000219016c6aa8: 0df7 05e8 

  0x00000219016c6aac: ; ImmutableOopMap {rax=Oop rdx=Oop rsi=Oop [240]=Oop }
                      ;*invokeinterface lock {reexecute=0 rethrow=0 return_oop=0}
                      ; - com.dokar.quickjs.QuickJs::awaitAsyncJobs@273 (line 756)
  0x00000219016c6aac: d0e6 f605 

  0x00000219016c6ab0: ;   {metadata({method} {0x000002191ac19cb0} 'lock' '(Ljava/lang/Object;Lkotlin/coroutines/Continuation;)Ljava/lang/Object;' in 'kotlinx/coroutines/sync/MutexImpl')}
  0x00000219016c6ab0: 49ba a89c | c11a 1902 | 0000 4c89 | 5424 0848 | c704 24ff 

  0x00000219016c6ac4: ;   {runtime_call counter_overflow Runtime1 stub}
  0x00000219016c6ac4: ffff ffe8 

  0x00000219016c6ac8: ; ImmutableOopMap {rax=Oop rdx=Oop rsi=Oop [240]=Oop }
                      ;*synchronization entry
                      ; - kotlinx.coroutines.sync.MutexImpl::lock@-1
                      ; - com.dokar.quickjs.QuickJs::awaitAsyncJobs@273 (line 756)
  0x00000219016c6ac8: b437 f705 | e9df e6ff 

  0x00000219016c6ad0: ;   {metadata({method} {0x000002191ac19da8} 'lock$suspendImpl' '(Lkotlinx/coroutines/sync/MutexImpl;Ljava/lang/Object;Lkotlin/coroutines/Continuation;)Ljava/lang/Object;' in 'kotlinx/coroutines/sync/MutexImpl')}
  0x00000219016c6ad0: ff49 baa0 | 9dc1 1a19 | 0200 004c | 8954 2408 | 48c7 0424 | ffff ffff 

  0x00000219016c6ae8: ;   {runtime_call counter_overflow Runtime1 stub}
  0x00000219016c6ae8: e893 37f7 

  0x00000219016c6aec: ; ImmutableOopMap {rax=Oop rdx=Oop rsi=Oop [240]=Oop }
                      ;*synchronization entry
                      ; - kotlinx.coroutines.sync.MutexImpl::lock$suspendImpl@-1 (line 167)
                      ; - kotlinx.coroutines.sync.MutexImpl::lock@3
                      ; - com.dokar.quickjs.QuickJs::awaitAsyncJobs@273 (line 756)
  0x00000219016c6aec: 05e9 f9e6 

  0x00000219016c6af0: ;   {metadata({method} {0x000002191b00a5d0} 'getCOROUTINE_SUSPENDED' '()Ljava/lang/Object;' in 'kotlin/coroutines/intrinsics/IntrinsicsKt__IntrinsicsKt')}
  0x00000219016c6af0: ffff 49ba | c8a5 001b | 1902 0000 | 4c89 5424 | 0848 c704 | 24ff ffff 

  0x00000219016c6b08: ;   {runtime_call counter_overflow Runtime1 stub}
  0x00000219016c6b08: ffe8 7237 

  0x00000219016c6b0c: ; ImmutableOopMap {rax=Oop [224]=Oop [232]=Oop [240]=Oop [248]=Oop }
                      ;*synchronization entry
                      ; - kotlin.coroutines.intrinsics.IntrinsicsKt__IntrinsicsKt::getCOROUTINE_SUSPENDED@-1 (line 57)
                      ; - kotlinx.coroutines.sync.MutexImpl::lock$suspendImpl@19 (line 168)
                      ; - kotlinx.coroutines.sync.MutexImpl::lock@3
                      ; - com.dokar.quickjs.QuickJs::awaitAsyncJobs@273 (line 756)
  0x00000219016c6b0c: f705 e9da 

  0x00000219016c6b10: ;   {runtime_call throw_null_pointer_exception Runtime1 stub}
  0x00000219016c6b10: e7ff ffe8 

  0x00000219016c6b14: ; ImmutableOopMap {rdx=Oop [264]=Oop [272]=Oop [280]=Oop [288]=Oop }
                      ;*getfield asyncJobs {reexecute=1 rethrow=0 return_oop=0}
                      ; - (reexecute) com.dokar.quickjs.QuickJs::awaitAsyncJobs@319 (line 380)
  0x00000219016c6b14: 68e6 f605 | 4889 3424 

  0x00000219016c6b1c: ;   {runtime_call throw_class_cast_exception Runtime1 stub}
  0x00000219016c6b1c: e85f 0af7 

  0x00000219016c6b20: ; ImmutableOopMap {rdx=Oop [264]=Oop [272]=Oop [280]=Oop [288]=Oop }
                      ;*checkcast {reexecute=0 rethrow=0 return_oop=0}
                      ; - com.dokar.quickjs.QuickJs::awaitAsyncJobs@322 (line 380)
  0x00000219016c6b20: 0548 8bd2 

  0x00000219016c6b24: ;   {runtime_call fast_new_instance Runtime1 stub}
  0x00000219016c6b24: e857 eff6 

  0x00000219016c6b28: ; ImmutableOopMap {r9=Oop [264]=Oop [272]=Oop [280]=Oop [288]=Oop [296]=Oop }
                      ;*new {reexecute=0 rethrow=0 return_oop=0}
                      ; - com.dokar.quickjs.QuickJs::awaitAsyncJobs@334 (line 759)
  0x00000219016c6b28: 05e9 f2e9 

  0x00000219016c6b2c: ;   {metadata({method} {0x000002191a11a108} '<init>' '()V' in 'java/util/ArrayList')}
  0x00000219016c6b2c: ffff 49ba | 00a1 111a | 1902 0000 | 4c89 5424 | 0848 c704 | 24ff ffff 

  0x00000219016c6b44: ;   {runtime_call counter_overflow Runtime1 stub}
  0x00000219016c6b44: ffe8 3637 

  0x00000219016c6b48: ; ImmutableOopMap {r9=Oop rax=Oop [256]=Oop [264]=Oop [272]=Oop [280]=Oop [288]=Oop [296]=Oop }
                      ;*synchronization entry
                      ; - java.util.ArrayList::<init>@-1
                      ; - com.dokar.quickjs.QuickJs::awaitAsyncJobs@338 (line 759)
  0x00000219016c6b48: f705 e915 

  0x00000219016c6b4c: ;   {metadata({method} {0x000002191a11e630} '<init>' '()V' in 'java/util/AbstractList')}
  0x00000219016c6b4c: eaff ff49 | ba28 e611 | 1a19 0200 | 004c 8954 | 2408 48c7 | 0424 ffff 

  0x00000219016c6b64: ;   {runtime_call counter_overflow Runtime1 stub}
  0x00000219016c6b64: ffff e815 

  0x00000219016c6b68: ; ImmutableOopMap {r9=Oop rax=Oop [256]=Oop [264]=Oop [272]=Oop [280]=Oop [288]=Oop [296]=Oop }
                      ;*synchronization entry
                      ; - java.util.AbstractList::<init>@-1
                      ; - java.util.ArrayList::<init>@1
                      ; - com.dokar.quickjs.QuickJs::awaitAsyncJobs@338 (line 759)
  0x00000219016c6b68: 37f7 05e9 | 30ea ffff 

  0x00000219016c6b70: ;   {metadata({method} {0x000002191a11fea0} '<init>' '()V' in 'java/util/AbstractCollection')}
  0x00000219016c6b70: 49ba 98fe | 111a 1902 | 0000 4c89 | 5424 0848 | c704 24ff 

  0x00000219016c6b84: ;   {runtime_call counter_overflow Runtime1 stub}
  0x00000219016c6b84: ffff ffe8 

  0x00000219016c6b88: ; ImmutableOopMap {r9=Oop rax=Oop [256]=Oop [264]=Oop [272]=Oop [280]=Oop [288]=Oop [296]=Oop }
                      ;*synchronization entry
                      ; - java.util.AbstractCollection::<init>@-1
                      ; - java.util.AbstractList::<init>@1
                      ; - java.util.ArrayList::<init>@1
                      ; - com.dokar.quickjs.QuickJs::awaitAsyncJobs@338 (line 759)
  0x00000219016c6b88: f436 f705 | e94b eaff 

  0x00000219016c6b90: ;   {metadata({method} {0x000002191a000638} '<init>' '()V' in 'java/lang/Object')}
  0x00000219016c6b90: ff49 ba30 | 0600 1a19 | 0200 004c | 8954 2408 | 48c7 0424 | ffff ffff 

  0x00000219016c6ba8: ;   {runtime_call counter_overflow Runtime1 stub}
  0x00000219016c6ba8: e8d3 36f7 

  0x00000219016c6bac: ; ImmutableOopMap {r9=Oop rax=Oop [256]=Oop [264]=Oop [272]=Oop [280]=Oop [288]=Oop [296]=Oop }
                      ;*synchronization entry
                      ; - java.lang.Object::<init>@-1
                      ; - java.util.AbstractCollection::<init>@1
                      ; - java.util.AbstractList::<init>@1
                      ; - java.util.ArrayList::<init>@1
                      ; - com.dokar.quickjs.QuickJs::awaitAsyncJobs@338 (line 759)
  0x00000219016c6bac: 05e9 66ea | ffff 8b50 | 1448 c1e2 | 0348 83fa | 000f 8462 | eaff ff48 

  0x00000219016c6bc4: ;   {runtime_call g1_pre_barrier_slow}
  0x00000219016c6bc4: 8914 24e8 | b43c f705 | e954 eaff | ff48 83fa | 000f 847a | eaff ff48 

  0x00000219016c6bdc: ;   {runtime_call g1_post_barrier_slow}
  0x00000219016c6bdc: 8904 24e8 | 9c3f f705 | e96c eaff 

  0x00000219016c6be8: ;   {runtime_call throw_null_pointer_exception Runtime1 stub}
  0x00000219016c6be8: ffe8 92e5 

  0x00000219016c6bec: ; ImmutableOopMap {r9=Oop rax=Oop [256]=Oop [264]=Oop [272]=Oop [280]=Oop [288]=Oop [296]=Oop }
                      ;*invokeinterface iterator {reexecute=0 rethrow=0 return_oop=0}
                      ; - com.dokar.quickjs.QuickJs::awaitAsyncJobs@351 (line 760)
  0x00000219016c6bec: f605 4889 

  0x00000219016c6bf0: ;   {runtime_call throw_class_cast_exception Runtime1 stub}
  0x00000219016c6bf0: 0424 e889 

  0x00000219016c6bf4: ; ImmutableOopMap {rax=Oop [256]=Oop [264]=Oop [272]=Oop [280]=Oop [288]=Oop [296]=Oop [304]=Oop }
                      ;*checkcast {reexecute=0 rethrow=0 return_oop=0}
                      ; - com.dokar.quickjs.QuickJs::awaitAsyncJobs@379 (line 760)
                      ;   {runtime_call throw_null_pointer_exception Runtime1 stub}
  0x00000219016c6bf4: 09f7 05e8 

  0x00000219016c6bf8: ; ImmutableOopMap {rax=Oop rdx=Oop [256]=Oop [264]=Oop [272]=Oop [280]=Oop [288]=Oop [296]=Oop [304]=Oop }
                      ;*invokeinterface isActive {reexecute=0 rethrow=0 return_oop=0}
                      ; - com.dokar.quickjs.QuickJs::awaitAsyncJobs@389 (line 380)
  0x00000219016c6bf8: 84e5 f605 

  0x00000219016c6bfc: ;   {metadata({method} {0x0000021981d849e8} 'awaitAsyncJobs' '(Lkotlin/coroutines/Continuation;)Ljava/lang/Object;' in 'com/dokar/quickjs/QuickJs')}
  0x00000219016c6bfc: 49ba e049 | d881 1902 | 0000 4c89 | 5424 0848 | c704 248a 

  0x00000219016c6c10: ;   {runtime_call counter_overflow Runtime1 stub}
  0x00000219016c6c10: 0100 00e8 

  0x00000219016c6c14: ; ImmutableOopMap {[256]=Oop [264]=Oop [272]=Oop [280]=Oop [288]=Oop [296]=Oop [304]=Oop [312]=Oop }
                      ;*ifeq {reexecute=1 rethrow=0 return_oop=0}
                      ; - (reexecute) com.dokar.quickjs.QuickJs::awaitAsyncJobs@394 (line 760)
  0x00000219016c6c14: 6836 f705 | e9c0 edff 

  0x00000219016c6c1c: ;   {metadata({method} {0x0000021981d849e8} 'awaitAsyncJobs' '(Lkotlin/coroutines/Continuation;)Ljava/lang/Object;' in 'com/dokar/quickjs/QuickJs')}
  0x00000219016c6c1c: ff49 bae0 | 49d8 8119 | 0200 004c | 8954 2408 | 48c7 0424 | 9701 0000 

  0x00000219016c6c34: ;   {runtime_call counter_overflow Runtime1 stub}
  0x00000219016c6c34: e847 36f7 

  0x00000219016c6c38: ; ImmutableOopMap {[256]=Oop [264]=Oop [272]=Oop [280]=Oop [288]=Oop [296]=Oop [304]=Oop }
                      ;*goto {reexecute=1 rethrow=0 return_oop=0}
                      ; - (reexecute) com.dokar.quickjs.QuickJs::awaitAsyncJobs@407 (line 760)
  0x00000219016c6c38: 05e9 d7ee 

  0x00000219016c6c3c: ;   {runtime_call throw_null_pointer_exception Runtime1 stub}
  0x00000219016c6c3c: ffff e83d 

  0x00000219016c6c40: ; ImmutableOopMap {rax=Oop [256]=Oop [264]=Oop [272]=Oop [280]=Oop [288]=Oop [296]=Oop [304]=Oop }
                      ;*invokeinterface hasNext {reexecute=0 rethrow=0 return_oop=0}
                      ; - com.dokar.quickjs.QuickJs::awaitAsyncJobs@360 (line 760)
  0x00000219016c6c40: e5f6 0548 

  0x00000219016c6c44: ;   {runtime_call throw_class_cast_exception Runtime1 stub}
  0x00000219016c6c44: 8904 24e8 

  0x00000219016c6c48: ; ImmutableOopMap {[264]=Oop [272]=Oop [280]=Oop [288]=Oop [296]=Oop }
                      ;*checkcast {reexecute=0 rethrow=0 return_oop=0}
                      ; - com.dokar.quickjs.QuickJs::awaitAsyncJobs@412 (line 761)
  0x00000219016c6c48: 3409 f705 

  0x00000219016c6c4c: ;   {runtime_call throw_incompatible_class_change_error Runtime1 stub}
  0x00000219016c6c4c: e82f 0cf7 

  0x00000219016c6c50: ; ImmutableOopMap {rdi=Oop [272]=Oop [280]=Oop [288]=Oop [296]=Oop [320]=Oop }
                      ;*invokeinterface unlock {reexecute=0 rethrow=0 return_oop=0}
                      ; - com.dokar.quickjs.QuickJs::awaitAsyncJobs@422 (line 762)
                      ;   {runtime_call throw_null_pointer_exception Runtime1 stub}
  0x00000219016c6c50: 05e8 2ae5 

  0x00000219016c6c54: ; ImmutableOopMap {rdi=Oop [272]=Oop [280]=Oop [288]=Oop [296]=Oop [320]=Oop }
                      ;*invokeinterface unlock {reexecute=0 rethrow=0 return_oop=0}
                      ; - com.dokar.quickjs.QuickJs::awaitAsyncJobs@422 (line 762)
                      ;   {runtime_call throw_null_pointer_exception Runtime1 stub}
  0x00000219016c6c54: f605 e825 

  0x00000219016c6c58: ; ImmutableOopMap {rsi=Oop [280]=Oop [288]=Oop [296]=Oop [320]=Oop }
                      ;*invokeinterface isEmpty {reexecute=0 rethrow=0 return_oop=0}
                      ; - com.dokar.quickjs.QuickJs::awaitAsyncJobs@448 (line 381)
  0x00000219016c6c58: e5f6 0548 

  0x00000219016c6c5c: ;   {runtime_call throw_class_cast_exception Runtime1 stub}
  0x00000219016c6c5c: 8934 24e8 

  0x00000219016c6c60: ; ImmutableOopMap {rax=Oop [288]=Oop [296]=Oop }
                      ;*checkcast {reexecute=0 rethrow=0 return_oop=0}
                      ; - com.dokar.quickjs.QuickJs::awaitAsyncJobs@460 (line 385)
  0x00000219016c6c60: 1c09 f705 

  0x00000219016c6c64: ;   {metadata({method} {0x000002191b4419d8} 'nullOutSpilledVariable' '(Ljava/lang/Object;)Ljava/lang/Object;' in 'kotlin/coroutines/jvm/internal/SpillingKt')}
  0x00000219016c6c64: 49ba d019 | 441b 1902 | 0000 4c89 | 5424 0848 | c704 24ff 

  0x00000219016c6c78: ;   {runtime_call counter_overflow Runtime1 stub}
  0x00000219016c6c78: ffff ffe8 

  0x00000219016c6c7c: ; ImmutableOopMap {rax=Oop rdx=Oop [288]=Oop [296]=Oop }
                      ;*synchronization entry
                      ; - kotlin.coroutines.jvm.internal.SpillingKt::nullOutSpilledVariable@-1 (line 17)
                      ; - com.dokar.quickjs.QuickJs::awaitAsyncJobs@468 (line 385)
  0x00000219016c6c7c: 0036 f705 | e975 f3ff | ff44 8b40 | 2049 c1e0 | 0349 83f8 | 000f 8471 | f3ff ff4c 

  0x00000219016c6c98: ;   {runtime_call g1_pre_barrier_slow}
  0x00000219016c6c98: 8904 24e8 | e03b f705 | e963 f3ff 

  0x00000219016c6ca4: ;   {runtime_call throw_null_pointer_exception Runtime1 stub}
  0x00000219016c6ca4: ffe8 d6e4 

  0x00000219016c6ca8: ; ImmutableOopMap {rax=Oop rdx=Oop [288]=Oop [296]=Oop }
                      ;*putfield L$0 {reexecute=1 rethrow=0 return_oop=0}
                      ; - (reexecute) com.dokar.quickjs.QuickJs::awaitAsyncJobs@471 (line 385)
                      ;   {internal_word}
  0x00000219016c6ca8: f605 49ba | a160 6c01 | 1902 0000 | 4d89 9768 

  0x00000219016c6cb8: ;   {runtime_call SafepointBlob}
  0x00000219016c6cb8: 0400 00e9 | c0e7 eb05 

  0x00000219016c6cc0: ;   {internal_word}
  0x00000219016c6cc0: 49ba d160 | 6c01 1902 | 0000 4d89 | 9768 0400 

  0x00000219016c6cd0: ;   {runtime_call SafepointBlob}
  0x00000219016c6cd0: 00e9 aae7 

  0x00000219016c6cd4: ;   {internal_word}
  0x00000219016c6cd4: eb05 49ba | ea60 6c01 | 1902 0000 | 4d89 9768 

  0x00000219016c6ce4: ;   {runtime_call SafepointBlob}
  0x00000219016c6ce4: 0400 00e9 | 94e7 eb05 

  0x00000219016c6cec: ;   {internal_word}
  0x00000219016c6cec: 49ba 0a61 | 6c01 1902 | 0000 4d89 | 9768 0400 

  0x00000219016c6cfc: ;   {runtime_call SafepointBlob}
  0x00000219016c6cfc: 00e9 7ee7 | eb05 4889 

  0x00000219016c6d04: ;   {runtime_call throw_class_cast_exception Runtime1 stub}
  0x00000219016c6d04: 3424 e875 

  0x00000219016c6d08: ; ImmutableOopMap {[184]=Oop [200]=Oop }
                      ;*checkcast {reexecute=0 rethrow=0 return_oop=0}
                      ; - kotlin.ResultKt::throwOnFailure@8 (line 132)
                      ; - com.dokar.quickjs.QuickJs::awaitAsyncJobs@102 (line 370)
                      ;   {runtime_call throw_null_pointer_exception Runtime1 stub}
  0x00000219016c6d08: 08f7 05e8 

  0x00000219016c6d0c: ; ImmutableOopMap {[184]=Oop [200]=Oop }
                      ;*getfield exception {reexecute=1 rethrow=0 return_oop=0}
                      ; - (reexecute) kotlin.ResultKt::throwOnFailure@11 (line 132)
                      ; - com.dokar.quickjs.QuickJs::awaitAsyncJobs@102 (line 370)
  0x00000219016c6d0c: 70e4 f605 

  0x00000219016c6d10: ;   {runtime_call throw_null_pointer_exception Runtime1 stub}
  0x00000219016c6d10: e86b e4f6 

  0x00000219016c6d14: ; ImmutableOopMap {rax=Oop [184]=Oop [200]=Oop }
                      ;*athrow {reexecute=1 rethrow=0 return_oop=0}
                      ; - (reexecute) kotlin.ResultKt::throwOnFailure@14 (line 132)
                      ; - com.dokar.quickjs.QuickJs::awaitAsyncJobs@102 (line 370)
  0x00000219016c6d14: 0548 8934 

  0x00000219016c6d18: ;   {runtime_call throw_class_cast_exception Runtime1 stub}
  0x00000219016c6d18: 24e8 6208 

  0x00000219016c6d1c: ; ImmutableOopMap {rdi=Oop rsi=Oop [184]=Oop [200]=Oop }
                      ;*checkcast {reexecute=0 rethrow=0 return_oop=0}
                      ; - kotlin.ResultKt::throwOnFailure@8 (line 132)
                      ; - com.dokar.quickjs.QuickJs::awaitAsyncJobs@172 (line 370)
                      ;   {runtime_call throw_null_pointer_exception Runtime1 stub}
  0x00000219016c6d1c: f705 e85d 

  0x00000219016c6d20: ; ImmutableOopMap {rdi=Oop rsi=Oop [184]=Oop [200]=Oop }
                      ;*getfield exception {reexecute=1 rethrow=0 return_oop=0}
                      ; - (reexecute) kotlin.ResultKt::throwOnFailure@11 (line 132)
                      ; - com.dokar.quickjs.QuickJs::awaitAsyncJobs@172 (line 370)
                      ;   {runtime_call throw_null_pointer_exception Runtime1 stub}
  0x00000219016c6d20: e4f6 05e8 

  0x00000219016c6d24: ; ImmutableOopMap {rdi=Oop rsi=Oop rax=Oop [184]=Oop [200]=Oop }
                      ;*athrow {reexecute=1 rethrow=0 return_oop=0}
                      ; - (reexecute) kotlin.ResultKt::throwOnFailure@14 (line 132)
                      ; - com.dokar.quickjs.QuickJs::awaitAsyncJobs@172 (line 370)
  0x00000219016c6d24: 58e4 f605 | 4889 3424 

  0x00000219016c6d2c: ;   {runtime_call throw_class_cast_exception Runtime1 stub}
  0x00000219016c6d2c: e84f 08f7 

  0x00000219016c6d30: ; ImmutableOopMap {rdi=Oop rsi=Oop [184]=Oop [200]=Oop }
                      ;*checkcast {reexecute=0 rethrow=0 return_oop=0}
                      ; - kotlin.ResultKt::throwOnFailure@8 (line 132)
                      ; - com.dokar.quickjs.QuickJs::awaitAsyncJobs@308 (line 370)
                      ;   {runtime_call throw_null_pointer_exception Runtime1 stub}
  0x00000219016c6d30: 05e8 4ae4 

  0x00000219016c6d34: ; ImmutableOopMap {rdi=Oop rsi=Oop [184]=Oop [200]=Oop }
                      ;*getfield exception {reexecute=1 rethrow=0 return_oop=0}
                      ; - (reexecute) kotlin.ResultKt::throwOnFailure@11 (line 132)
                      ; - com.dokar.quickjs.QuickJs::awaitAsyncJobs@308 (line 370)
                      ;   {runtime_call throw_null_pointer_exception Runtime1 stub}
  0x00000219016c6d34: f605 e845 

  0x00000219016c6d38: ; ImmutableOopMap {rdi=Oop rsi=Oop rax=Oop [184]=Oop [200]=Oop }
                      ;*athrow {reexecute=1 rethrow=0 return_oop=0}
                      ; - (reexecute) kotlin.ResultKt::throwOnFailure@14 (line 132)
                      ; - com.dokar.quickjs.QuickJs::awaitAsyncJobs@308 (line 370)
  0x00000219016c6d38: e4f6 0548 

  0x00000219016c6d3c: ;   {runtime_call throw_class_cast_exception Runtime1 stub}
  0x00000219016c6d3c: 8934 24e8 

  0x00000219016c6d40: ; ImmutableOopMap {rax=Oop rdx=Oop rsi=Oop [184]=Oop }
                      ;*checkcast {reexecute=0 rethrow=0 return_oop=0}
                      ; - kotlin.ResultKt::throwOnFailure@8 (line 132)
                      ; - com.dokar.quickjs.QuickJs::awaitAsyncJobs@503 (line 370)
  0x00000219016c6d40: 3c08 f705 

  0x00000219016c6d44: ;   {runtime_call throw_null_pointer_exception Runtime1 stub}
  0x00000219016c6d44: e837 e4f6 

  0x00000219016c6d48: ; ImmutableOopMap {rax=Oop rdx=Oop rsi=Oop [184]=Oop }
                      ;*getfield exception {reexecute=1 rethrow=0 return_oop=0}
                      ; - (reexecute) kotlin.ResultKt::throwOnFailure@11 (line 132)
                      ; - com.dokar.quickjs.QuickJs::awaitAsyncJobs@503 (line 370)
                      ;   {runtime_call throw_null_pointer_exception Runtime1 stub}
  0x00000219016c6d48: 05e8 32e4 

  0x00000219016c6d4c: ; ImmutableOopMap {rax=Oop rdx=Oop rsi=Oop rdi=Oop [184]=Oop }
                      ;*athrow {reexecute=1 rethrow=0 return_oop=0}
                      ; - (reexecute) kotlin.ResultKt::throwOnFailure@14 (line 132)
                      ; - com.dokar.quickjs.QuickJs::awaitAsyncJobs@503 (line 370)
                      ;   {metadata(nullptr)}
  0x00000219016c6d4c: f605 48ba | 0000 0000 | 0000 0000 | b800 0f05 

  0x00000219016c6d5c: ;   {runtime_call load_klass_patching Runtime1 stub}
  0x00000219016c6d5c: 0ae8 9e24 

  0x00000219016c6d60: ; ImmutableOopMap {}
                      ;*new {reexecute=1 rethrow=0 return_oop=0}
                      ; - (reexecute) com.dokar.quickjs.QuickJs::awaitAsyncJobs@516 (line 370)
  0x00000219016c6d60: f705 e9c1 | f7ff ff48 

  0x00000219016c6d68: ;   {runtime_call fast_new_instance Runtime1 stub}
  0x00000219016c6d68: 8bd2 e811 

  0x00000219016c6d6c: ; ImmutableOopMap {}
                      ;*new {reexecute=0 rethrow=0 return_oop=0}
                      ; - com.dokar.quickjs.QuickJs::awaitAsyncJobs@516 (line 370)
  0x00000219016c6d6c: edf6 05e9 | 0cf8 ffff 

  0x00000219016c6d74: ;   {runtime_call throw_incompatible_class_change_error Runtime1 stub}
  0x00000219016c6d74: e807 0bf7 

  0x00000219016c6d78: ; ImmutableOopMap {rdi=Oop r8=Oop [336]=Oop }
                      ;*invokeinterface unlock {reexecute=0 rethrow=0 return_oop=0}
                      ; - com.dokar.quickjs.QuickJs::awaitAsyncJobs@435 (line 762)
                      ;   {runtime_call throw_null_pointer_exception Runtime1 stub}
  0x00000219016c6d78: 05e8 02e4 

  0x00000219016c6d7c: ; ImmutableOopMap {rdi=Oop r8=Oop [336]=Oop }
                      ;*invokeinterface unlock {reexecute=0 rethrow=0 return_oop=0}
                      ; - com.dokar.quickjs.QuickJs::awaitAsyncJobs@435 (line 762)
                      ;   {runtime_call throw_incompatible_class_change_error Runtime1 stub}
  0x00000219016c6d7c: f605 e8fd 

  0x00000219016c6d80: ; ImmutableOopMap {rdi=Oop rsi=Oop [344]=Oop }
                      ;*invokeinterface unlock {reexecute=0 rethrow=0 return_oop=0}
                      ; - com.dokar.quickjs.QuickJs::awaitAsyncJobs@228 (line 749)
                      ;   {runtime_call throw_null_pointer_exception Runtime1 stub}
  0x00000219016c6d80: 0af7 05e8 

  0x00000219016c6d84: ; ImmutableOopMap {rdi=Oop rsi=Oop [344]=Oop }
                      ;*invokeinterface unlock {reexecute=0 rethrow=0 return_oop=0}
                      ; - com.dokar.quickjs.QuickJs::awaitAsyncJobs@228 (line 749)
  0x00000219016c6d84: f8e3 f605 

  0x00000219016c6d88: ;   {runtime_call throw_null_pointer_exception Runtime1 stub}
  0x00000219016c6d88: e8f3 e3f6 

  0x00000219016c6d8c: ; ImmutableOopMap {rax=Oop rdx=Oop rsi=Oop [240]=Oop }
                      ;*putfield L$0 {reexecute=1 rethrow=0 return_oop=0}
                      ; - (reexecute) com.dokar.quickjs.QuickJs::awaitAsyncJobs@257 (line 756)
                      ;   {runtime_call throw_null_pointer_exception Runtime1 stub}
  0x00000219016c6d8c: 05e8 eee3 

  0x00000219016c6d90: ; ImmutableOopMap {rax=Oop rdx=Oop [288]=Oop [296]=Oop }
                      ;*putfield L$0 {reexecute=1 rethrow=0 return_oop=0}
                      ; - (reexecute) com.dokar.quickjs.QuickJs::awaitAsyncJobs@471 (line 385)
  0x00000219016c6d90: f605 488b | bc24 d000 | 0000 e9d2 | f8ff ff48 | 8bbc 2408 | 0100 00e9 | 1df8 ffff | 488b bc24 
  0x00000219016c6db0: 0801 0000 | e910 f8ff | ff48 8bbc | 2408 0100 | 00e9 03f8 | ffff 488b | bc24 0801 | 0000 e9f6 
  0x00000219016c6dd0: f7ff ff48 | 8bbc 2408 | 0100 00e9 | e9f7 ffff | 488b bc24 | 0801 0000 | e9dc f7ff | ff48 8bbc 
  0x00000219016c6df0: 2408 0100 | 00e9 cff7 | ffff 488b | bc24 0801 | 0000 e9c2 | f7ff ff48 | 8bbc 2408 | 0100 00e9 
  0x00000219016c6e10: b5f7 ffff | 488b bc24 | 0801 0000 | e9a8 f7ff | ff48 8bbc | 2408 0100 | 00e9 9bf7 | ffff 488b 
  0x00000219016c6e30: bc24 0801 | 0000 e98e | f7ff ff48 | 8bbc 2408 | 0100 00e9 | 81f7 ffff | 498b 8700 | 0500 0049 
  0x00000219016c6e50: c787 0005 | 0000 0000 | 0000 49c7 | 8708 0500 | 0000 0000 | 0048 81c4 | 7001 0000 

  0x00000219016c6e6c: ;   {runtime_call unwind_exception Runtime1 stub}
  0x00000219016c6e6c: 5de9 0ed4 | f605 f4f4 | f4f4 f4f4 
[Stub Code]
  0x00000219016c6e78: ;   {no_reloc}
  0x00000219016c6e78: 0f1f 4400 

  0x00000219016c6e7c: ;   {static_stub}
  0x00000219016c6e7c: 0048 bb00 | 0000 0000 

  0x00000219016c6e84: ;   {runtime_call nmethod}
  0x00000219016c6e84: 0000 00e9 | fbff ffff 

  0x00000219016c6e8c: ;   {static_stub}
  0x00000219016c6e8c: 9048 bb00 | 0000 0000 

  0x00000219016c6e94: ;   {runtime_call nmethod}
  0x00000219016c6e94: 0000 00e9 | fbff ffff 

  0x00000219016c6e9c: ;   {static_stub}
  0x00000219016c6e9c: 9048 bb00 | 0000 0000 

  0x00000219016c6ea4: ;   {runtime_call nmethod}
  0x00000219016c6ea4: 0000 00e9 | fbff ffff 

  0x00000219016c6eac: ;   {static_stub}
  0x00000219016c6eac: 9048 bb00 | 0000 0000 

  0x00000219016c6eb4: ;   {runtime_call nmethod}
  0x00000219016c6eb4: 0000 00e9 | fbff ffff 

  0x00000219016c6ebc: ;   {static_stub}
  0x00000219016c6ebc: 9048 bb00 | 0000 0000 

  0x00000219016c6ec4: ;   {runtime_call nmethod}
  0x00000219016c6ec4: 0000 00e9 | fbff ffff 

  0x00000219016c6ecc: ;   {static_stub}
  0x00000219016c6ecc: 9048 bb00 | 0000 0000 

  0x00000219016c6ed4: ;   {runtime_call nmethod}
  0x00000219016c6ed4: 0000 00e9 | fbff ffff 

  0x00000219016c6edc: ;   {static_stub}
  0x00000219016c6edc: 9048 bb00 | 0000 0000 

  0x00000219016c6ee4: ;   {runtime_call nmethod}
  0x00000219016c6ee4: 0000 00e9 | fbff ffff 

  0x00000219016c6eec: ;   {static_stub}
  0x00000219016c6eec: 9048 bb00 | 0000 0000 

  0x00000219016c6ef4: ;   {runtime_call nmethod}
  0x00000219016c6ef4: 0000 00e9 | fbff ffff 

  0x00000219016c6efc: ;   {static_stub}
  0x00000219016c6efc: 9048 bb00 | 0000 0000 

  0x00000219016c6f04: ;   {runtime_call nmethod}
  0x00000219016c6f04: 0000 00e9 | fbff ffff 

  0x00000219016c6f0c: ;   {static_stub}
  0x00000219016c6f0c: 9048 bb00 | 0000 0000 

  0x00000219016c6f14: ;   {runtime_call nmethod}
  0x00000219016c6f14: 0000 00e9 | fbff ffff 

  0x00000219016c6f1c: ;   {static_stub}
  0x00000219016c6f1c: 9048 bb00 | 0000 0000 

  0x00000219016c6f24: ;   {runtime_call nmethod}
  0x00000219016c6f24: 0000 00e9 | fbff ffff 

  0x00000219016c6f2c: ;   {static_stub}
  0x00000219016c6f2c: 9048 bb00 | 0000 0000 

  0x00000219016c6f34: ;   {runtime_call nmethod}
  0x00000219016c6f34: 0000 00e9 | fbff ffff 

  0x00000219016c6f3c: ;   {static_stub}
  0x00000219016c6f3c: 9048 bb00 | 0000 0000 

  0x00000219016c6f44: ;   {runtime_call nmethod}
  0x00000219016c6f44: 0000 00e9 | fbff ffff 

  0x00000219016c6f4c: ;   {static_stub}
  0x00000219016c6f4c: 48bb 0000 | 0000 0000 

  0x00000219016c6f54: ;   {runtime_call nmethod}
  0x00000219016c6f54: 0000 e9fb 

  0x00000219016c6f58: ;   {static_stub}
  0x00000219016c6f58: ffff ff48 | bb00 0000 | 0000 0000 

  0x00000219016c6f64: ;   {runtime_call nmethod}
  0x00000219016c6f64: 00e9 fbff 

  0x00000219016c6f68: ;   {static_stub}
  0x00000219016c6f68: ffff 48bb | 0000 0000 | 0000 0000 

  0x00000219016c6f74: ;   {runtime_call nmethod}
  0x00000219016c6f74: e9fb ffff 

  0x00000219016c6f78: ;   {static_stub}
  0x00000219016c6f78: ff48 bb00 | 0000 0000 

  0x00000219016c6f80: ;   {runtime_call nmethod}
  0x00000219016c6f80: 0000 00e9 | fbff ffff 
[Exception Handler]
  0x00000219016c6f88: ;   {runtime_call handle_exception_from_callee Runtime1 stub}
  0x00000219016c6f88: e8f3 fff6 

  0x00000219016c6f8c: ;   {external_word}
  0x00000219016c6f8c: 0548 b9d0 | 61ad 77fe | 7f00 0048 

  0x00000219016c6f98: ;   {runtime_call}
  0x00000219016c6f98: 83e4 f048 | b890 db7b | 77fe 7f00 | 00ff d0f4 
[Deopt Handler Code]
  0x00000219016c6fa8: ;   {section_word}
  0x00000219016c6fa8: 49ba a86f | 6c01 1902 | 0000 4152 

  0x00000219016c6fb4: ;   {runtime_call DeoptimizationBlob}
  0x00000219016c6fb4: e967 d7eb | 05f4 f4f4 | f4f4 f4f4 
[/MachCode]


Compiled method (c1) 1453494 21665   !   3       com.dokar.quickjs.QuickJs::evalAndAwait (1031 bytes)
 total in heap  [0x0000021901584b90,0x000002190158bf00] = 29552
 relocation     [0x0000021901584cf0,0x00000219015852a0] = 1456
 main code      [0x00000219015852a0,0x000002190158a2a8] = 20488
 stub code      [0x000002190158a2a8,0x000002190158a3f8] = 336
 oops           [0x000002190158a3f8,0x000002190158a408] = 16
 metadata       [0x000002190158a408,0x000002190158a498] = 144
 scopes data    [0x000002190158a498,0x000002190158b1b8] = 3360
 scopes pcs     [0x000002190158b1b8,0x000002190158b998] = 2016
 dependencies   [0x000002190158b998,0x000002190158b9c8] = 48
 handler table  [0x000002190158b9c8,0x000002190158be18] = 1104
 nul chk table  [0x000002190158be18,0x000002190158bf00] = 232

[Constant Pool (empty)]

[MachCode]
[Entry Point]
  # {method} {0x0000021981d83dc0} 'evalAndAwait' '(Lkotlin/jvm/functions/Function1;Lkotlin/coroutines/Continuation;)Ljava/lang/Object;' in 'com/dokar/quickjs/QuickJs'
  # this:     rdx:rdx   = 'com/dokar/quickjs/QuickJs'
  # parm0:    r8:r8     = 'kotlin/jvm/functions/Function1'
  # parm1:    r9:r9     = 'kotlin/coroutines/Continuation'
  #           [sp+0x1f0]  (sp of caller)
  0x00000219015852a0: 448b 5208 | 49bb 0000 | 0000 0800 | 0000 4d03 | d34c 3bd0 

  0x00000219015852b4: ;   {runtime_call ic_miss_stub}
  0x00000219015852b4: 0f85 c694 | ff05 660f | 1f44 0000 
[Verified Entry Point]
  0x00000219015852c0: 8984 2400 | 80ff ff55 | 4881 ece0 | 0100 0090 | 4181 7f20 | 1300 0000 

  0x00000219015852d8: ;   {runtime_call StubRoutines (final stubs)}
  0x00000219015852d8: 7405 e801 | 60fe 0548 | 8994 24b8 | 0000 004c | 8984 24c0 

  0x00000219015852ec: ;   {metadata(method data for {method} {0x0000021981d83dc0} 'evalAndAwait' '(Lkotlin/jvm/functions/Function1;Lkotlin/coroutines/Continuation;)Ljava/lang/Object;' in 'com/dokar/quickjs/QuickJs')}
  0x00000219015852ec: 0000 0048 | be48 89e5 | 8119 0200 | 008b becc | 0000 0083 | c702 89be | cc00 0000 | 81e7 fe07 
  0x000002190158530c: 0000 85ff | 0f84 fb40 | 0000 4d85 

  0x0000021901585318: ;   {metadata(method data for {method} {0x0000021981d83dc0} 'evalAndAwait' '(Lkotlin/jvm/functions/Function1;Lkotlin/coroutines/Continuation;)Ljava/lang/Object;' in 'com/dokar/quickjs/QuickJs')}
  0x0000021901585318: c975 1648 | b848 89e5 | 8119 0200 | 0080 8809 | 0100 0001 | e9ce 0000 

  0x0000021901585330: ;   {metadata('com/dokar/quickjs/QuickJs$evalAndAwait$1')}
  0x0000021901585330: 0048 b960 | b8c6 0008 | 0000 0041 | 8b79 0849 | ba00 0000 | 0008 0000 | 0049 03fa | 483b cf0f 
  0x0000021901585350: 858e 0000 

  0x0000021901585354: ;   {metadata(method data for {method} {0x0000021981d83dc0} 'evalAndAwait' '(Lkotlin/jvm/functions/Function1;Lkotlin/coroutines/Continuation;)Ljava/lang/Object;' in 'com/dokar/quickjs/QuickJs')}
  0x0000021901585354: 0048 b848 | 89e5 8119 | 0200 0041 | 8b49 0849 | ba00 0000 | 0008 0000 | 0049 03ca | 483b 8820 
  0x0000021901585374: 0100 0075 | 0d48 8380 | 2801 0000 | 01e9 7e00 | 0000 483b | 8830 0100 | 0075 0d48 | 8380 3801 
  0x0000021901585394: 0000 01e9 | 6800 0000 | 4883 b820 | 0100 0000 | 7517 4889 | 8820 0100 | 0048 c780 | 2801 0000 
  0x00000219015853b4: 0100 0000 | e947 0000 | 0048 83b8 | 3001 0000 | 0075 1748 | 8988 3001 | 0000 48c7 | 8038 0100 
  0x00000219015853d4: 0001 0000 | 00e9 2600 | 0000 e921 

  0x00000219015853e0: ;   {metadata(method data for {method} {0x0000021981d83dc0} 'evalAndAwait' '(Lkotlin/jvm/functions/Function1;Lkotlin/coroutines/Continuation;)Ljava/lang/Object;' in 'com/dokar/quickjs/QuickJs')}
  0x00000219015853e0: 0000 0048 | b848 89e5 | 8119 0200 | 0048 83a8 | 1001 0000 | 01e9 0500 | 0000 e905 | 0000 0048 
  0x0000021901585400: 33f6 eb07 | 48c7 c601 | 0000 0085 

  0x000002190158540c: ;   {metadata(method data for {method} {0x0000021981d83dc0} 'evalAndAwait' '(Lkotlin/jvm/functions/Function1;Lkotlin/coroutines/Continuation;)Ljava/lang/Object;' in 'com/dokar/quickjs/QuickJs')}
  0x000002190158540c: f648 be48 | 89e5 8119 | 0200 0048 | c7c7 4801 | 0000 7407 | 48c7 c758 | 0100 0048 | 8b04 3e48 
  0x000002190158542c: 8d40 0148 | 8904 3e0f | 8425 0100 | 004d 85c9 

  0x000002190158543c: ;   {metadata(method data for {method} {0x0000021981d83dc0} 'evalAndAwait' '(Lkotlin/jvm/functions/Function1;Lkotlin/coroutines/Continuation;)Ljava/lang/Object;' in 'com/dokar/quickjs/QuickJs')}
  0x000002190158543c: 7516 48b8 | 4889 e581 | 1902 0000 | 8088 6101 | 0000 01e9 | ce00 0000 

  0x0000021901585454: ;   {metadata('com/dokar/quickjs/QuickJs$evalAndAwait$1')}
  0x0000021901585454: 48b9 60b8 | c600 0800 | 0000 418b | 7908 49ba | 0000 0000 | 0800 0000 | 4903 fa48 | 3bcf 0f85 
  0x0000021901585474: 8e00 0000 

  0x0000021901585478: ;   {metadata(method data for {method} {0x0000021981d83dc0} 'evalAndAwait' '(Lkotlin/jvm/functions/Function1;Lkotlin/coroutines/Continuation;)Ljava/lang/Object;' in 'com/dokar/quickjs/QuickJs')}
  0x0000021901585478: 48b8 4889 | e581 1902 | 0000 418b | 4908 49ba | 0000 0000 | 0800 0000 | 4903 ca48 | 3b88 7801 
  0x0000021901585498: 0000 750d | 4883 8080 | 0100 0001 | e979 0000 | 0048 3b88 | 8801 0000 | 750d 4883 | 8090 0100 
  0x00000219015854b8: 0001 e963 | 0000 0048 | 83b8 7801 | 0000 0075 | 1748 8988 | 7801 0000 | 48c7 8080 | 0100 0001 
  0x00000219015854d8: 0000 00e9 | 4200 0000 | 4883 b888 | 0100 0000 | 7517 4889 | 8888 0100 | 0048 c780 | 9001 0000 
  0x00000219015854f8: 0100 0000 | e921 0000 | 00e9 1c00 

  0x0000021901585504: ;   {metadata(method data for {method} {0x0000021981d83dc0} 'evalAndAwait' '(Lkotlin/jvm/functions/Function1;Lkotlin/coroutines/Continuation;)Ljava/lang/Object;' in 'com/dokar/quickjs/QuickJs')}
  0x0000021901585504: 0000 48b8 | 4889 e581 | 1902 0000 | 4883 a868 | 0100 0001 | e915 3f00 | 00e9 0000 | 0000 498b 
  0x0000021901585524: f18b 7e28 | 488b c725 | 0000 0080 

  0x0000021901585530: ;   {metadata(method data for {method} {0x0000021981d83dc0} 'evalAndAwait' '(Lkotlin/jvm/functions/Function1;Lkotlin/coroutines/Continuation;)Ljava/lang/Object;' in 'com/dokar/quickjs/QuickJs')}
  0x0000021901585530: 85c0 48b8 | 4889 e581 | 1902 0000 | 48c7 c1b0 | 0100 0075 | 0748 c7c1 | a001 0000 | 488b 1c08 
  0x0000021901585550: 488d 5b01 | 4889 1c08 | 0f85 4103 | 0000 488b 

  0x0000021901585560: ;   {metadata('com/dokar/quickjs/QuickJs$evalAndAwait$1')}
  0x0000021901585560: da48 ba60 | b8c6 0008 | 0000 0049 | 8b87 b801 | 0000 488d | 7848 493b | bfc8 0100 | 000f 87bd 
  0x0000021901585580: 3e00 0049 | 89bf b801 | 0000 48c7 | 0001 0000 | 0048 8bca | 49ba 0000 | 0000 0800 | 0000 492b 
  0x00000219015855a0: ca89 4808 | 4833 c989 | 480c 4833 | c948 c7c7 | 0700 0000 | 4889 4cf8 | 0848 ffcf | 75f6 488b 
  0x00000219015855c0: ;   {metadata(method data for {method} {0x0000021981d83dc0} 'evalAndAwait' '(Lkotlin/jvm/functions/Function1;Lkotlin/coroutines/Continuation;)Ljava/lang/Object;' in 'com/dokar/quickjs/QuickJs')}
  0x00000219015855c0: d048 be48 | 89e5 8119 | 0200 0048 | 8386 d801 

  0x00000219015855d0: ;   {metadata(method data for {method} {0x0000021981df5040} '<init>' '(Lcom/dokar/quickjs/QuickJs;Lkotlin/coroutines/Continuation;)V' in 'com/dokar/quickjs/QuickJs$evalAndAwait$1')}
  0x00000219015855d0: 0000 0148 | ba48 95e5 | 8119 0200 | 008b b2cc | 0000 0083 | c602 89b2 | cc00 0000 | 81e6 feff 
  0x00000219015855f0: 1f00 85f6 | 0f84 533e | 0000 410f | be57 4085 | d20f 8567 | 3e00 004c | 8bd3 49c1 | ea03 4489 
  0x0000021901585610: 5040 488b | d048 33d3 | 48c1 ea16 | 4883 fa00 | 0f85 673e | 0000 488b 

  0x0000021901585628: ;   {metadata(method data for {method} {0x0000021981df5040} '<init>' '(Lcom/dokar/quickjs/QuickJs;Lkotlin/coroutines/Continuation;)V' in 'com/dokar/quickjs/QuickJs$evalAndAwait$1')}
  0x0000021901585628: d048 be48 | 95e5 8119 | 0200 0048 | 8386 1001 

  0x0000021901585638: ;   {metadata(method data for {method} {0x000002191af7f208} '<init>' '(Lkotlin/coroutines/Continuation;)V' in 'kotlin/coroutines/jvm/internal/ContinuationImpl')}
  0x0000021901585638: 0000 0148 | ba70 4b0d | 1c19 0200 | 008b b2cc | 0000 0083 | c602 89b2 | cc00 0000 | 81e6 feff 
  0x0000021901585658: 1f00 85f6 | 0f84 433e | 0000 4d85 

  0x0000021901585664: ;   {metadata(method data for {method} {0x000002191af7f208} '<init>' '(Lkotlin/coroutines/Continuation;)V' in 'kotlin/coroutines/jvm/internal/ContinuationImpl')}
  0x0000021901585664: c948 ba70 | 4b0d 1c19 | 0200 0048 | c7c6 1001 | 0000 7407 | 48c7 c620 | 0100 0048 | 8b3c 3248 
  0x0000021901585684: 8d7f 0148 | 893c 3248 | 8984 24a8 | 0000 000f | 84d0 0000 | 0049 3b01 

  0x000002190158569c: ;   {metadata(method data for {method} {0x000002191af7f208} '<init>' '(Lkotlin/coroutines/Continuation;)V' in 'kotlin/coroutines/jvm/internal/ContinuationImpl')}
  0x000002190158569c: 498b f148 | bf70 4b0d | 1c19 0200 | 008b 7608 | 49ba 0000 | 0000 0800 | 0000 4903 | f248 3bb7 
  0x00000219015856bc: 4001 0000 | 750d 4883 | 8748 0100 | 0001 e960 | 0000 0048 | 3bb7 5001 | 0000 750d | 4883 8758 
  0x00000219015856dc: 0100 0001 | e94a 0000 | 0048 83bf | 4001 0000 | 0075 1748 | 89b7 4001 | 0000 48c7 | 8748 0100 
  0x00000219015856fc: 0001 0000 | 00e9 2900 | 0000 4883 | bf50 0100 | 0000 7517 | 4889 b750 | 0100 0048 | c787 5801 
  0x000002190158571c: 0000 0100 | 0000 e908 | 0000 0048 | 8387 3001 | 0000 0149 | 8bd1 4c89 | 8c24 b000 | 0000 6666 
  0x000002190158573c: 9048 b870 | f2c5 0008 

  0x0000021901585744: ;   {virtual_call}
  0x0000021901585744: 0000 00e8 

  0x0000021901585748: ; ImmutableOopMap {[168]=Oop [176]=Oop [184]=Oop [192]=Oop }
                      ;*invokeinterface getContext {reexecute=0 rethrow=0 return_oop=0}
                      ; - kotlin.coroutines.jvm.internal.ContinuationImpl::<init>@7 (line 103)
                      ; - com.dokar.quickjs.QuickJs$evalAndAwait$1::<init>@7
                      ; - com.dokar.quickjs.QuickJs::evalAndAwait@47
  0x0000021901585748: 5409 8c06 

  0x000002190158574c: ;   {other}
  0x000002190158574c: 0f1f 8400 | bc0b 0000 

  0x0000021901585754: ;   {metadata(method data for {method} {0x000002191af7f208} '<init>' '(Lkotlin/coroutines/Continuation;)V' in 'kotlin/coroutines/jvm/internal/ContinuationImpl')}
  0x0000021901585754: 48ba 704b | 0d1c 1902 | 0000 ff82 | 6801 0000 | e912 0000 | 004c 898c | 24b0 0000 

  0x0000021901585770: ;   {oop(nullptr)}
  0x0000021901585770: 0048 b800 | 0000 0000 | 0000 0048 | 8b94 24a8 | 0000 004c | 8b8c 24b0 | 0000 0048 

  0x000002190158578c: ;   {metadata(method data for {method} {0x000002191af7f208} '<init>' '(Lkotlin/coroutines/Continuation;)V' in 'kotlin/coroutines/jvm/internal/ContinuationImpl')}
  0x000002190158578c: 8bf2 48bf | 704b 0d1c | 1902 0000 | 4883 8780 | 0100 0001 

  0x00000219015857a0: ;   {metadata(method data for {method} {0x000002191af7f128} '<init>' '(Lkotlin/coroutines/Continuation;Lkotlin/coroutines/CoroutineContext;)V' in 'kotlin/coroutines/jvm/internal/ContinuationImpl')}
  0x00000219015857a0: 48be e045 | 0d1c 1902 | 0000 8bbe | cc00 0000 | 83c7 0289 | becc 0000 | 0081 e7fe | ff1f 0085 
  0x00000219015857c0: ff0f 8404 | 3d00 0048 

  0x00000219015857c8: ;   {metadata(method data for {method} {0x000002191af7f128} '<init>' '(Lkotlin/coroutines/Continuation;Lkotlin/coroutines/CoroutineContext;)V' in 'kotlin/coroutines/jvm/internal/ContinuationImpl')}
  0x00000219015857c8: 8bf2 48bf | e045 0d1c | 1902 0000 | 4883 8710 | 0100 0001 

  0x00000219015857dc: ;   {metadata(method data for {method} {0x000002191b000228} '<init>' '(Lkotlin/coroutines/Continuation;)V' in 'kotlin/coroutines/jvm/internal/BaseContinuationImpl')}
  0x00000219015857dc: 48be 4047 | 0d1c 1902 | 0000 8bbe | cc00 0000 | 83c7 0289 | becc 0000 | 0081 e7fe | ff1f 0085 
  0x00000219015857fc: ff0f 84e9 | 3c00 0048 

  0x0000021901585804: ;   {metadata(method data for {method} {0x000002191b000228} '<init>' '(Lkotlin/coroutines/Continuation;)V' in 'kotlin/coroutines/jvm/internal/BaseContinuationImpl')}
  0x0000021901585804: 8bf2 48bf | 4047 0d1c | 1902 0000 | 4883 8710 | 0100 0001 

  0x0000021901585818: ;   {metadata(method data for {method} {0x000002191a000638} '<init>' '()V' in 'java/lang/Object')}
  0x0000021901585818: 48be 28f6 | 281a 1902 | 0000 8bbe | cc00 0000 | 83c7 0289 | becc 0000 | 0081 e7fe | ff1f 0085 
  0x0000021901585838: ff0f 84ce | 3c00 0041 | 0fbe 7740 | 85f6 0f85 | e23c 0000 | 4d8b d149 | c1ea 0344 | 8952 0c48 
  0x0000021901585858: 8bf2 4933 | f148 c1ee | 1648 83fe | 000f 85e2 | 3c00 0041 | 0fbe 7740 | 85f6 0f85 | ed3c 0000 
  0x0000021901585878: 4c8b d049 | c1ea 0344 | 8952 1048 | 8bf2 4833 | f048 c1ee | 1648 83fe | 000f 85ed | 3c00 0048 
  0x0000021901585898: 8bc2 e91c | 0000 0081 | ef00 0000 | 8089 7e28 

  0x00000219015858a8: ;   {metadata(method data for {method} {0x0000021981d83dc0} 'evalAndAwait' '(Lkotlin/jvm/functions/Function1;Lkotlin/coroutines/Continuation;)Ljava/lang/Object;' in 'com/dokar/quickjs/QuickJs')}
  0x00000219015858a8: 48ba 4889 | e581 1902 | 0000 ff82 | c001 0000 | 488b c68b | 703c 48c1 

  0x00000219015858c0: ;   {metadata(method data for {method} {0x0000021981d83dc0} 'evalAndAwait' '(Lkotlin/jvm/functions/Function1;Lkotlin/coroutines/Continuation;)Ljava/lang/Object;' in 'com/dokar/quickjs/QuickJs')}
  0x00000219015858c0: e603 48ba | 4889 e581 | 1902 0000 | 4883 82e8 | 0100 0001 

  0x00000219015858d4: ;   {metadata(method data for {method} {0x000002191b00a5d0} 'getCOROUTINE_SUSPENDED' '()Ljava/lang/Object;' in 'kotlin/coroutines/intrinsics/IntrinsicsKt__IntrinsicsKt')}
  0x00000219015858d4: 48ba 4851 | 0d1c 1902 | 0000 8bba | cc00 0000 | 83c7 0289 | bacc 0000 | 0081 e7fe | ff1f 0085 
  0x00000219015858f4: ff0f 84a6 | 3c00 008b 

  0x00000219015858fc: ;   {metadata(method data for {method} {0x0000021981d83dc0} 'evalAndAwait' '(Lkotlin/jvm/functions/Function1;Lkotlin/coroutines/Continuation;)Ljava/lang/Object;' in 'com/dokar/quickjs/QuickJs')}
  0x00000219015858fc: 5028 48bf | 4889 e581 | 1902 0000 | 48c7 c300 | 0200 0085 | d248 8bcb | 48c7 c310 | 0200 0048 
  0x000002190158591c: 0f45 d983 | fa01 488b | cb48 c7c3 | 2002 0000 | 480f 45d9 | 83fa 0248 | 8bcb 48c7 | c330 0200 
  0x000002190158593c: 0048 0f45 | d983 fa03 | 488b cb48 | c7c3 4002 | 0000 480f | 45d9 83fa | 0448 8bcb | 48c7 c350 
  0x000002190158595c: 0200 0048 | 0f45 d983 | fa05 488b | cb48 c7c3 | 6002 0000 | 480f 45d9 | 83fa 0648 | 8bcb 48c7 
  0x000002190158597c: c370 0200 | 0048 0f45 | d948 8b0c | 1f49 c7c2 | 0100 0000 | 4903 ca48 | 890c 1f85 | d20f 84f1 
  0x000002190158599c: 1a00 0083 | fa01 0f84 | 7c18 0000 | 83fa 020f | 84d8 1400 | 0083 fa03 | 0f84 0c0f | 0000 83fa 
  0x00000219015859bc: 040f 8448 | 0900 0083 | fa05 0f84 | 9805 0000 | 83fa 060f | 858e 3700 | 008b 5020 | 8b50 1c8b 
  0x00000219015859dc: 5018 8b50 | 3848 c1e2 | 0348 85d2 

  0x00000219015859e8: ;   {metadata(method data for {method} {0x0000021981d83dc0} 'evalAndAwait' '(Lkotlin/jvm/functions/Function1;Lkotlin/coroutines/Continuation;)Ljava/lang/Object;' in 'com/dokar/quickjs/QuickJs')}
  0x00000219015859e8: 7516 48bb | 4889 e581 | 1902 0000 | 808b 7108 | 0000 01e9 | cc00 0000 

  0x0000021901585a00: ;   {metadata('com/dokar/quickjs/QuickJs$evalAndAwait$1')}
  0x0000021901585a00: 48b9 60b8 | c600 0800 | 0000 8b7a | 0849 ba00 | 0000 0008 | 0000 0049 | 03fa 483b | cf0f 858d 
  0x0000021901585a20: ;   {metadata(method data for {method} {0x0000021981d83dc0} 'evalAndAwait' '(Lkotlin/jvm/functions/Function1;Lkotlin/coroutines/Continuation;)Ljava/lang/Object;' in 'com/dokar/quickjs/QuickJs')}
  0x0000021901585a20: 0000 0048 | bb48 89e5 | 8119 0200 | 008b 4a08 | 49ba 0000 | 0000 0800 | 0000 4903 | ca48 3b8b 
  0x0000021901585a40: 8808 0000 | 750d 4883 | 8390 0800 | 0001 e979 | 0000 0048 | 3b8b 9808 | 0000 750d | 4883 83a0 
  0x0000021901585a60: 0800 0001 | e963 0000 | 0048 83bb | 8808 0000 | 0075 1748 | 898b 8808 | 0000 48c7 | 8390 0800 
  0x0000021901585a80: 0001 0000 | 00e9 4200 | 0000 4883 | bb98 0800 | 0000 7517 | 4889 8b98 | 0800 0048 | c783 a008 
  0x0000021901585aa0: 0000 0100 | 0000 e921 | 0000 00e9 | 1c00 0000 

  0x0000021901585ab0: ;   {metadata(method data for {method} {0x0000021981d83dc0} 'evalAndAwait' '(Lkotlin/jvm/functions/Function1;Lkotlin/coroutines/Continuation;)Ljava/lang/Object;' in 'com/dokar/quickjs/QuickJs')}
  0x0000021901585ab0: 48bb 4889 | e581 1902 | 0000 4883 | ab78 0800 | 0001 e9fb | 3a00 00e9 | 0000 0000 | 8b50 3448 
  0x0000021901585ad0: c1e2 0348 | 85d2 7516 

  0x0000021901585ad8: ;   {metadata(method data for {method} {0x0000021981d83dc0} 'evalAndAwait' '(Lkotlin/jvm/functions/Function1;Lkotlin/coroutines/Continuation;)Ljava/lang/Object;' in 'com/dokar/quickjs/QuickJs')}
  0x0000021901585ad8: 48bb 4889 | e581 1902 | 0000 808b | a908 0000 | 01e9 e700 

  0x0000021901585aec: ;   {metadata('kotlinx/coroutines/sync/Mutex')}
  0x0000021901585aec: 0000 48b9 | 8804 1500 | 0800 0000 | 8b5a 0849 | ba00 0000 | 0008 0000 | 0049 03da | 483b 4b20 
  0x0000021901585b0c: 0f84 1a00 | 0000 483b | d90f 8411 | 0000 0053 

  0x0000021901585b1c: ;   {runtime_call slow_subtype_check Runtime1 stub}
  0x0000021901585b1c: 51e8 5e20 | 0b06 5b5b | 85db 0f84 | 8d00 0000 

  0x0000021901585b2c: ;   {metadata(method data for {method} {0x0000021981d83dc0} 'evalAndAwait' '(Lkotlin/jvm/functions/Function1;Lkotlin/coroutines/Continuation;)Ljava/lang/Object;' in 'com/dokar/quickjs/QuickJs')}
  0x0000021901585b2c: 48bb 4889 | e581 1902 | 0000 8b4a | 0849 ba00 | 0000 0008 | 0000 0049 | 03ca 483b | 8bc0 0800 
  0x0000021901585b4c: 0075 0d48 | 8383 c808 | 0000 01e9 | 7900 0000 | 483b 8bd0 | 0800 0075 | 0d48 8383 | d808 0000 
  0x0000021901585b6c: 01e9 6300 | 0000 4883 | bbc0 0800 | 0000 7517 | 4889 8bc0 | 0800 0048 | c783 c808 | 0000 0100 
  0x0000021901585b8c: 0000 e942 | 0000 0048 | 83bb d008 | 0000 0075 | 1748 898b | d008 0000 | 48c7 83d8 | 0800 0001 
  0x0000021901585bac: 0000 00e9 | 2100 0000 | e91c 0000 

  0x0000021901585bb8: ;   {metadata(method data for {method} {0x0000021981d83dc0} 'evalAndAwait' '(Lkotlin/jvm/functions/Function1;Lkotlin/coroutines/Continuation;)Ljava/lang/Object;' in 'com/dokar/quickjs/QuickJs')}
  0x0000021901585bb8: 0048 bb48 | 89e5 8119 | 0200 0048 | 83ab b008 | 0000 01e9 | fb39 0000 | e900 0000 | 0048 8bfa 
  0x0000021901585bd8: 8b50 3048 | c1e2 0348 | 85d2 7516 

  0x0000021901585be4: ;   {metadata(method data for {method} {0x0000021981d83dc0} 'evalAndAwait' '(Lkotlin/jvm/functions/Function1;Lkotlin/coroutines/Continuation;)Ljava/lang/Object;' in 'com/dokar/quickjs/QuickJs')}
  0x0000021901585be4: 48b9 4889 | e581 1902 | 0000 8089 | e108 0000 | 01e9 e900 

  0x0000021901585bf8: ;   {metadata('kotlinx/coroutines/sync/Mutex')}
  0x0000021901585bf8: 0000 49b8 | 8804 1500 | 0800 0000 | 8b4a 0849 | ba00 0000 | 0008 0000 | 0049 03ca | 4c3b 4120 
  0x0000021901585c18: 0f84 1b00 | 0000 493b | c80f 8412 | 0000 0051 

  0x0000021901585c28: ;   {runtime_call slow_subtype_check Runtime1 stub}
  0x0000021901585c28: 4150 e851 | 1f0b 0659 | 5985 c90f | 848e 0000 

  0x0000021901585c38: ;   {metadata(method data for {method} {0x0000021981d83dc0} 'evalAndAwait' '(Lkotlin/jvm/functions/Function1;Lkotlin/coroutines/Continuation;)Ljava/lang/Object;' in 'com/dokar/quickjs/QuickJs')}
  0x0000021901585c38: 0048 b948 | 89e5 8119 | 0200 0044 | 8b42 0849 | ba00 0000 | 0008 0000 | 004d 03c2 | 4c3b 81f8 
  0x0000021901585c58: 0800 0075 | 0d48 8381 | 0009 0000 | 01e9 7900 | 0000 4c3b | 8108 0900 | 0075 0d48 | 8381 1009 
  0x0000021901585c78: 0000 01e9 | 6300 0000 | 4883 b9f8 | 0800 0000 | 7517 4c89 | 81f8 0800 | 0048 c781 | 0009 0000 
  0x0000021901585c98: 0100 0000 | e942 0000 | 0048 83b9 | 0809 0000 | 0075 174c | 8981 0809 | 0000 48c7 | 8110 0900 
  0x0000021901585cb8: 0001 0000 | 00e9 2100 | 0000 e91c 

  0x0000021901585cc4: ;   {metadata(method data for {method} {0x0000021981d83dc0} 'evalAndAwait' '(Lkotlin/jvm/functions/Function1;Lkotlin/coroutines/Continuation;)Ljava/lang/Object;' in 'com/dokar/quickjs/QuickJs')}
  0x0000021901585cc4: 0000 0048 | b948 89e5 | 8119 0200 | 0048 83a9 | e808 0000 | 01e9 f638 | 0000 e900 | 0000 0048 
  0x0000021901585ce4: 8bda 8b50 | 2c48 c1e2 | 0348 85d2 

  0x0000021901585cf0: ;   {metadata(method data for {method} {0x0000021981d83dc0} 'evalAndAwait' '(Lkotlin/jvm/functions/Function1;Lkotlin/coroutines/Continuation;)Ljava/lang/Object;' in 'com/dokar/quickjs/QuickJs')}
  0x0000021901585cf0: 7516 48b9 | 4889 e581 | 1902 0000 | 8089 1909 | 0000 01e9 | e900 0000 

  0x0000021901585d08: ;   {metadata('kotlin/jvm/functions/Function1')}
  0x0000021901585d08: 49b8 7894 | 0c00 0800 | 0000 8b4a | 0849 ba00 | 0000 0008 | 0000 0049 | 03ca 4c3b | 4120 0f84 
  0x0000021901585d28: 1b00 0000 | 493b c80f | 8412 0000 | 0051 4150 

  0x0000021901585d38: ;   {runtime_call slow_subtype_check Runtime1 stub}
  0x0000021901585d38: e843 1e0b | 0659 5985 | c90f 848e 

  0x0000021901585d44: ;   {metadata(method data for {method} {0x0000021981d83dc0} 'evalAndAwait' '(Lkotlin/jvm/functions/Function1;Lkotlin/coroutines/Continuation;)Ljava/lang/Object;' in 'com/dokar/quickjs/QuickJs')}
  0x0000021901585d44: 0000 0048 | b948 89e5 | 8119 0200 | 0044 8b42 | 0849 ba00 | 0000 0008 | 0000 004d | 03c2 4c3b 
  0x0000021901585d64: 8130 0900 | 0075 0d48 | 8381 3809 | 0000 01e9 | 7900 0000 | 4c3b 8140 | 0900 0075 | 0d48 8381 
  0x0000021901585d84: 4809 0000 | 01e9 6300 | 0000 4883 | b930 0900 | 0000 7517 | 4c89 8130 | 0900 0048 | c781 3809 
  0x0000021901585da4: 0000 0100 | 0000 e942 | 0000 0048 | 83b9 4009 | 0000 0075 | 174c 8981 | 4009 0000 | 48c7 8148 
  0x0000021901585dc4: 0900 0001 | 0000 00e9 | 2100 0000 | e91c 0000 

  0x0000021901585dd4: ;   {metadata(method data for {method} {0x0000021981d83dc0} 'evalAndAwait' '(Lkotlin/jvm/functions/Function1;Lkotlin/coroutines/Continuation;)Ljava/lang/Object;' in 'com/dokar/quickjs/QuickJs')}
  0x0000021901585dd4: 0048 b948 | 89e5 8119 | 0200 0048 | 83a9 2009 | 0000 01e9 | f137 0000 | e900 0000 

  0x0000021901585df0: ;   {metadata(method data for {method} {0x0000021981d83dc0} 'evalAndAwait' '(Lkotlin/jvm/functions/Function1;Lkotlin/coroutines/Continuation;)Ljava/lang/Object;' in 'com/dokar/quickjs/QuickJs')}
  0x0000021901585df0: 0048 ba48 | 89e5 8119 | 0200 0048 | 8382 5809 

  0x0000021901585e00: ;   {metadata(method data for {method} {0x000002191b035e90} 'throwOnFailure' '(Ljava/lang/Object;)V' in 'kotlin/ResultKt')}
  0x0000021901585e00: 0000 0148 | ba98 5629 | 1c19 0200 | 008b 82cc | 0000 0083 | c002 8982 | cc00 0000 | 25fe ff1f 
  0x0000021901585e20: 0085 c00f | 84bd 3700 | 0048 85f6 

  0x0000021901585e2c: ;   {metadata(method data for {method} {0x000002191b035e90} 'throwOnFailure' '(Ljava/lang/Object;)V' in 'kotlin/ResultKt')}
  0x0000021901585e2c: 7516 48b9 | 9856 291c | 1902 0000 | 8089 0901 | 0000 01e9 | cd00 0000 

  0x0000021901585e44: ;   {metadata('kotlin/Result$Failure')}
  0x0000021901585e44: 49b8 d81c | 0d00 0800 | 0000 8b46 | 0849 ba00 | 0000 0008 | 0000 0049 | 03c2 4c3b | c00f 858e 
  0x0000021901585e64: ;   {metadata(method data for {method} {0x000002191b035e90} 'throwOnFailure' '(Ljava/lang/Object;)V' in 'kotlin/ResultKt')}
  0x0000021901585e64: 0000 0048 | b998 5629 | 1c19 0200 | 0044 8b46 | 0849 ba00 | 0000 0008 | 0000 004d | 03c2 4c3b 
  0x0000021901585e84: 8120 0100 | 0075 0d48 | 8381 2801 | 0000 01e9 | 7e00 0000 | 4c3b 8130 | 0100 0075 | 0d48 8381 
  0x0000021901585ea4: 3801 0000 | 01e9 6800 | 0000 4883 | b920 0100 | 0000 7517 | 4c89 8120 | 0100 0048 | c781 2801 
  0x0000021901585ec4: 0000 0100 | 0000 e947 | 0000 0048 | 83b9 3001 | 0000 0075 | 174c 8981 | 3001 0000 | 48c7 8138 
  0x0000021901585ee4: 0100 0001 | 0000 00e9 | 2600 0000 | e921 0000 

  0x0000021901585ef4: ;   {metadata(method data for {method} {0x000002191b035e90} 'throwOnFailure' '(Ljava/lang/Object;)V' in 'kotlin/ResultKt')}
  0x0000021901585ef4: 0048 b998 | 5629 1c19 | 0200 0048 | 83a9 1001 | 0000 01e9 | 0500 0000 | e905 0000 | 0048 33d2 
  0x0000021901585f14: eb07 48c7 | c201 0000 

  0x0000021901585f1c: ;   {metadata(method data for {method} {0x000002191b035e90} 'throwOnFailure' '(Ljava/lang/Object;)V' in 'kotlin/ResultKt')}
  0x0000021901585f1c: 0085 d248 | ba98 5629 | 1c19 0200 | 0048 c7c0 | 5801 0000 | 7507 48c7 | c048 0100 | 0048 8b0c 
  0x0000021901585f3c: 0248 8d49 | 0148 890c | 020f 850a 

  0x0000021901585f48: ;   {oop(nullptr)}
  0x0000021901585f48: 3100 0048 | be00 0000 | 0000 0000 

  0x0000021901585f54: ;   {oop(nullptr)}
  0x0000021901585f54: 0048 b800 | 0000 0000 | 0000 00e9 | bd26 0000 | 8b78 1c8b | 5818 8b50 | 3048 c1e2 | 0348 85d2 
  0x0000021901585f74: ;   {metadata(method data for {method} {0x0000021981d83dc0} 'evalAndAwait' '(Lkotlin/jvm/functions/Function1;Lkotlin/coroutines/Continuation;)Ljava/lang/Object;' in 'com/dokar/quickjs/QuickJs')}
  0x0000021901585f74: 7517 49b8 | 4889 e581 | 1902 0000 | 4180 8879 | 0700 0001 | e9ee 0000 

  0x0000021901585f8c: ;   {metadata('kotlinx/coroutines/sync/Mutex')}
  0x0000021901585f8c: 0049 b988 | 0415 0008 | 0000 0044 | 8b42 0849 | ba00 0000 | 0008 0000 | 004d 03c2 | 4d3b 4820 
  0x0000021901585fac: 0f84 1f00 | 0000 4d3b | c10f 8416 | 0000 0041 

  0x0000021901585fbc: ;   {runtime_call slow_subtype_check Runtime1 stub}
  0x0000021901585fbc: 5041 51e8 | bc1b 0b06 | 4158 4158 | 4585 c00f | 848e 0000 

  0x0000021901585fd0: ;   {metadata(method data for {method} {0x0000021981d83dc0} 'evalAndAwait' '(Lkotlin/jvm/functions/Function1;Lkotlin/coroutines/Continuation;)Ljava/lang/Object;' in 'com/dokar/quickjs/QuickJs')}
  0x0000021901585fd0: 0049 b848 | 89e5 8119 | 0200 0044 | 8b4a 0849 | ba00 0000 | 0008 0000 | 004d 03ca | 4d3b 8890 
  0x0000021901585ff0: 0700 0075 | 0d49 8380 | 9807 0000 | 01e9 7900 | 0000 4d3b | 88a0 0700 | 0075 0d49 | 8380 a807 
  0x0000021901586010: 0000 01e9 | 6300 0000 | 4983 b890 | 0700 0000 | 7517 4d89 | 8890 0700 | 0049 c780 | 9807 0000 
  0x0000021901586030: 0100 0000 | e942 0000 | 0049 83b8 | a007 0000 | 0075 174d | 8988 a007 | 0000 49c7 | 80a8 0700 
  0x0000021901586050: 0001 0000 | 00e9 2100 | 0000 e91c 

  0x000002190158605c: ;   {metadata(method data for {method} {0x0000021981d83dc0} 'evalAndAwait' '(Lkotlin/jvm/functions/Function1;Lkotlin/coroutines/Continuation;)Ljava/lang/Object;' in 'com/dokar/quickjs/QuickJs')}
  0x000002190158605c: 0000 0049 | b848 89e5 | 8119 0200 | 0049 83a8 | 8007 0000 | 01e9 9135 | 0000 e900 | 0000 0048 
  0x000002190158607c: 8bca 8b50 | 2c48 c1e2 | 0348 85d2 

  0x0000021901586088: ;   {metadata(method data for {method} {0x0000021981d83dc0} 'evalAndAwait' '(Lkotlin/jvm/functions/Function1;Lkotlin/coroutines/Continuation;)Ljava/lang/Object;' in 'com/dokar/quickjs/QuickJs')}
  0x0000021901586088: 7517 49b9 | 4889 e581 | 1902 0000 | 4180 89b1 | 0700 0001 | e9ee 0000 

  0x00000219015860a0: ;   {metadata('kotlin/jvm/functions/Function1')}
  0x00000219015860a0: 0049 bb78 | 940c 0008 | 0000 0044 | 8b4a 0849 | ba00 0000 | 0008 0000 | 004d 03ca | 4d3b 5920 
  0x00000219015860c0: 0f84 1f00 | 0000 4d3b | cb0f 8416 | 0000 0041 

  0x00000219015860d0: ;   {runtime_call slow_subtype_check Runtime1 stub}
  0x00000219015860d0: 5141 53e8 | a81a 0b06 | 4159 4159 | 4585 c90f | 848e 0000 

  0x00000219015860e4: ;   {metadata(method data for {method} {0x0000021981d83dc0} 'evalAndAwait' '(Lkotlin/jvm/functions/Function1;Lkotlin/coroutines/Continuation;)Ljava/lang/Object;' in 'com/dokar/quickjs/QuickJs')}
  0x00000219015860e4: 0049 b948 | 89e5 8119 | 0200 0044 | 8b5a 0849 | ba00 0000 | 0008 0000 | 004d 03da | 4d3b 99c8 
  0x0000021901586104: 0700 0075 | 0d49 8381 | d007 0000 | 01e9 7900 | 0000 4d3b | 99d8 0700 | 0075 0d49 | 8381 e007 
  0x0000021901586124: 0000 01e9 | 6300 0000 | 4983 b9c8 | 0700 0000 | 7517 4d89 | 99c8 0700 | 0049 c781 | d007 0000 
  0x0000021901586144: 0100 0000 | e942 0000 | 0049 83b9 | d807 0000 | 0075 174d | 8999 d807 | 0000 49c7 | 81e0 0700 
  0x0000021901586164: 0001 0000 | 00e9 2100 | 0000 e91c 

  0x0000021901586170: ;   {metadata(method data for {method} {0x0000021981d83dc0} 'evalAndAwait' '(Lkotlin/jvm/functions/Function1;Lkotlin/coroutines/Continuation;)Ljava/lang/Object;' in 'com/dokar/quickjs/QuickJs')}
  0x0000021901586170: 0000 0049 | b948 89e5 | 8119 0200 | 0049 83a9 | b807 0000 | 01e9 8634 | 0000 e900 | 0000 004c 
  0x0000021901586190: ;   {metadata(method data for {method} {0x0000021981d83dc0} 'evalAndAwait' '(Lkotlin/jvm/functions/Function1;Lkotlin/coroutines/Continuation;)Ljava/lang/Object;' in 'com/dokar/quickjs/QuickJs')}
  0x0000021901586190: 8bc2 48ba | 4889 e581 | 1902 0000 | 4883 82f0 | 0700 0001 

  0x00000219015861a4: ;   {metadata(method data for {method} {0x000002191b035e90} 'throwOnFailure' '(Ljava/lang/Object;)V' in 'kotlin/ResultKt')}
  0x00000219015861a4: 48ba 9856 | 291c 1902 | 0000 448b | 8acc 0000 | 0041 83c1 | 0244 898a | cc00 0000 | 4181 e1fe 
  0x00000219015861c4: ff1f 0045 | 85c9 0f84 | 4934 0000 | 4885 f675 

  0x00000219015861d4: ;   {metadata(method data for {method} {0x000002191b035e90} 'throwOnFailure' '(Ljava/lang/Object;)V' in 'kotlin/ResultKt')}
  0x00000219015861d4: 1749 bb98 | 5629 1c19 | 0200 0041 | 808b 0901 | 0000 01e9 | ce00 0000 

  0x00000219015861ec: ;   {metadata('kotlin/Result$Failure')}
  0x00000219015861ec: 49bd d81c | 0d00 0800 | 0000 448b | 4e08 49ba | 0000 0000 | 0800 0000 | 4d03 ca4d | 3be9 0f85 
  0x000002190158620c: 8e00 0000 

  0x0000021901586210: ;   {metadata(method data for {method} {0x000002191b035e90} 'throwOnFailure' '(Ljava/lang/Object;)V' in 'kotlin/ResultKt')}
  0x0000021901586210: 49bb 9856 | 291c 1902 | 0000 448b | 6e08 49ba | 0000 0000 | 0800 0000 | 4d03 ea4d | 3bab 2001 
  0x0000021901586230: 0000 750d | 4983 8328 | 0100 0001 | e97e 0000 | 004d 3bab | 3001 0000 | 750d 4983 | 8338 0100 
  0x0000021901586250: 0001 e968 | 0000 0049 | 83bb 2001 | 0000 0075 | 174d 89ab | 2001 0000 | 49c7 8328 | 0100 0001 
  0x0000021901586270: 0000 00e9 | 4700 0000 | 4983 bb30 | 0100 0000 | 7517 4d89 | ab30 0100 | 0049 c783 | 3801 0000 
  0x0000021901586290: 0100 0000 | e926 0000 | 00e9 2100 

  0x000002190158629c: ;   {metadata(method data for {method} {0x000002191b035e90} 'throwOnFailure' '(Ljava/lang/Object;)V' in 'kotlin/ResultKt')}
  0x000002190158629c: 0000 49bb | 9856 291c | 1902 0000 | 4983 ab10 | 0100 0001 | e905 0000 | 00e9 0500 | 0000 4833 
  0x00000219015862bc: d2eb 0748 | c7c2 0100 | 0000 85d2 

  0x00000219015862c8: ;   {metadata(method data for {method} {0x000002191b035e90} 'throwOnFailure' '(Ljava/lang/Object;)V' in 'kotlin/ResultKt')}
  0x00000219015862c8: 48ba 9856 | 291c 1902 | 0000 49c7 | c158 0100 | 0075 0749 | c7c1 4801 | 0000 4e8b | 1c0a 4d8d 
  0x00000219015862e8: 5b01 4e89 | 1c0a 0f85 | 582c 0000 

  0x00000219015862f4: ;   {oop(nullptr)}
  0x00000219015862f4: 49b9 0000 | 0000 0000 | 0000 4c89 | 8c24 6801 | 0000 e97c | 1f00 008b | 5024 8b50 | 208b 781c 
  0x0000021901586314: 8b58 188b | 5038 48c1 | e203 4885 

  0x0000021901586320: ;   {metadata(method data for {method} {0x0000021981d83dc0} 'evalAndAwait' '(Lkotlin/jvm/functions/Function1;Lkotlin/coroutines/Continuation;)Ljava/lang/Object;' in 'com/dokar/quickjs/QuickJs')}
  0x0000021901586320: d275 1749 | b848 89e5 | 8119 0200 | 0041 8088 | c105 0000 | 01e9 cd00 

  0x0000021901586338: ;   {metadata('com/dokar/quickjs/QuickJs$evalAndAwait$1')}
  0x0000021901586338: 0000 49b9 | 60b8 c600 | 0800 0000 | 8b4a 0849 | ba00 0000 | 0008 0000 | 0049 03ca | 4c3b c90f 
  0x0000021901586358: 858e 0000 

  0x000002190158635c: ;   {metadata(method data for {method} {0x0000021981d83dc0} 'evalAndAwait' '(Lkotlin/jvm/functions/Function1;Lkotlin/coroutines/Continuation;)Ljava/lang/Object;' in 'com/dokar/quickjs/QuickJs')}
  0x000002190158635c: 0049 b848 | 89e5 8119 | 0200 0044 | 8b4a 0849 | ba00 0000 | 0008 0000 | 004d 03ca | 4d3b 88d8 
  0x000002190158637c: 0500 0075 | 0d49 8380 | e005 0000 | 01e9 7900 | 0000 4d3b | 88e8 0500 | 0075 0d49 | 8380 f005 
  0x000002190158639c: 0000 01e9 | 6300 0000 | 4983 b8d8 | 0500 0000 | 7517 4d89 | 88d8 0500 | 0049 c780 | e005 0000 
  0x00000219015863bc: 0100 0000 | e942 0000 | 0049 83b8 | e805 0000 | 0075 174d | 8988 e805 | 0000 49c7 | 80f0 0500 
  0x00000219015863dc: 0001 0000 | 00e9 2100 | 0000 e91c 

  0x00000219015863e8: ;   {metadata(method data for {method} {0x0000021981d83dc0} 'evalAndAwait' '(Lkotlin/jvm/functions/Function1;Lkotlin/coroutines/Continuation;)Ljava/lang/Object;' in 'com/dokar/quickjs/QuickJs')}
  0x00000219015863e8: 0000 0049 | b848 89e5 | 8119 0200 | 0049 83a8 | c805 0000 | 01e9 3832 | 0000 e900 | 0000 008b 
  0x0000021901586408: 5034 48c1 | e203 4885 

  0x0000021901586410: ;   {metadata(method data for {method} {0x0000021981d83dc0} 'evalAndAwait' '(Lkotlin/jvm/functions/Function1;Lkotlin/coroutines/Continuation;)Ljava/lang/Object;' in 'com/dokar/quickjs/QuickJs')}
  0x0000021901586410: d275 1749 | b848 89e5 | 8119 0200 | 0041 8088 | f905 0000 | 01e9 ee00 

  0x0000021901586428: ;   {metadata('kotlinx/coroutines/sync/Mutex')}
  0x0000021901586428: 0000 49b9 | 8804 1500 | 0800 0000 | 448b 4208 | 49ba 0000 | 0000 0800 | 0000 4d03 | c24d 3b48 
  0x0000021901586448: 200f 841f | 0000 004d | 3bc1 0f84 | 1600 0000 | 4150 4151 

  0x000002190158645c: ;   {runtime_call slow_subtype_check Runtime1 stub}
  0x000002190158645c: e81f 170b | 0641 5841 | 5845 85c0 | 0f84 8e00 

  0x000002190158646c: ;   {metadata(method data for {method} {0x0000021981d83dc0} 'evalAndAwait' '(Lkotlin/jvm/functions/Function1;Lkotlin/coroutines/Continuation;)Ljava/lang/Object;' in 'com/dokar/quickjs/QuickJs')}
  0x000002190158646c: 0000 49b8 | 4889 e581 | 1902 0000 | 448b 4a08 | 49ba 0000 | 0000 0800 | 0000 4d03 | ca4d 3b88 
  0x000002190158648c: 1006 0000 | 750d 4983 | 8018 0600 | 0001 e979 | 0000 004d | 3b88 2006 | 0000 750d | 4983 8028 
  0x00000219015864ac: 0600 0001 | e963 0000 | 0049 83b8 | 1006 0000 | 0075 174d | 8988 1006 | 0000 49c7 | 8018 0600 
  0x00000219015864cc: 0001 0000 | 00e9 4200 | 0000 4983 | b820 0600 | 0000 7517 | 4d89 8820 | 0600 0049 | c780 2806 
  0x00000219015864ec: 0000 0100 | 0000 e921 | 0000 00e9 | 1c00 0000 

  0x00000219015864fc: ;   {metadata(method data for {method} {0x0000021981d83dc0} 'evalAndAwait' '(Lkotlin/jvm/functions/Function1;Lkotlin/coroutines/Continuation;)Ljava/lang/Object;' in 'com/dokar/quickjs/QuickJs')}
  0x00000219015864fc: 49b8 4889 | e581 1902 | 0000 4983 | a800 0600 | 0001 e930 | 3100 00e9 | 0000 0000 | 488b ca8b 
  0x000002190158651c: 5030 48c1 | e203 4885 

  0x0000021901586524: ;   {metadata(method data for {method} {0x0000021981d83dc0} 'evalAndAwait' '(Lkotlin/jvm/functions/Function1;Lkotlin/coroutines/Continuation;)Ljava/lang/Object;' in 'com/dokar/quickjs/QuickJs')}
  0x0000021901586524: d275 1749 | b948 89e5 | 8119 0200 | 0041 8089 | 3106 0000 | 01e9 ee00 

  0x000002190158653c: ;   {metadata('kotlinx/coroutines/sync/Mutex')}
  0x000002190158653c: 0000 49bb | 8804 1500 | 0800 0000 | 448b 4a08 | 49ba 0000 | 0000 0800 | 0000 4d03 | ca4d 3b59 
  0x000002190158655c: 200f 841f | 0000 004d | 3bcb 0f84 | 1600 0000 | 4151 4153 

  0x0000021901586570: ;   {runtime_call slow_subtype_check Runtime1 stub}
  0x0000021901586570: e80b 160b | 0641 5941 | 5945 85c9 | 0f84 8e00 

  0x0000021901586580: ;   {metadata(method data for {method} {0x0000021981d83dc0} 'evalAndAwait' '(Lkotlin/jvm/functions/Function1;Lkotlin/coroutines/Continuation;)Ljava/lang/Object;' in 'com/dokar/quickjs/QuickJs')}
  0x0000021901586580: 0000 49b9 | 4889 e581 | 1902 0000 | 448b 5a08 | 49ba 0000 | 0000 0800 | 0000 4d03 | da4d 3b99 
  0x00000219015865a0: 4806 0000 | 750d 4983 | 8150 0600 | 0001 e979 | 0000 004d | 3b99 5806 | 0000 750d | 4983 8160 
  0x00000219015865c0: 0600 0001 | e963 0000 | 0049 83b9 | 4806 0000 | 0075 174d | 8999 4806 | 0000 49c7 | 8150 0600 
  0x00000219015865e0: 0001 0000 | 00e9 4200 | 0000 4983 | b958 0600 | 0000 7517 | 4d89 9958 | 0600 0049 | c781 6006 
  0x0000021901586600: 0000 0100 | 0000 e921 | 0000 00e9 | 1c00 0000 

  0x0000021901586610: ;   {metadata(method data for {method} {0x0000021981d83dc0} 'evalAndAwait' '(Lkotlin/jvm/functions/Function1;Lkotlin/coroutines/Continuation;)Ljava/lang/Object;' in 'com/dokar/quickjs/QuickJs')}
  0x0000021901586610: 49b9 4889 | e581 1902 | 0000 4983 | a938 0600 | 0001 e925 | 3000 00e9 | 0000 0000 | 4c8b c28b 
  0x0000021901586630: 502c 48c1 | e203 4885 

  0x0000021901586638: ;   {metadata(method data for {method} {0x0000021981d83dc0} 'evalAndAwait' '(Lkotlin/jvm/functions/Function1;Lkotlin/coroutines/Continuation;)Ljava/lang/Object;' in 'com/dokar/quickjs/QuickJs')}
  0x0000021901586638: d275 1749 | bb48 89e5 | 8119 0200 | 0041 808b | 6906 0000 | 01e9 ee00 

  0x0000021901586650: ;   {metadata('kotlin/jvm/functions/Function1')}
  0x0000021901586650: 0000 49bd | 7894 0c00 | 0800 0000 | 448b 5a08 | 49ba 0000 | 0000 0800 | 0000 4d03 | da4d 3b6b 
  0x0000021901586670: 200f 841f | 0000 004d | 3bdd 0f84 | 1600 0000 | 4153 4155 

  0x0000021901586684: ;   {runtime_call slow_subtype_check Runtime1 stub}
  0x0000021901586684: e8f7 140b | 0641 5b41 | 5b45 85db | 0f84 8e00 

  0x0000021901586694: ;   {metadata(method data for {method} {0x0000021981d83dc0} 'evalAndAwait' '(Lkotlin/jvm/functions/Function1;Lkotlin/coroutines/Continuation;)Ljava/lang/Object;' in 'com/dokar/quickjs/QuickJs')}
  0x0000021901586694: 0000 49bb | 4889 e581 | 1902 0000 | 448b 6a08 | 49ba 0000 | 0000 0800 | 0000 4d03 | ea4d 3bab 
  0x00000219015866b4: 8006 0000 | 750d 4983 | 8388 0600 | 0001 e979 | 0000 004d | 3bab 9006 | 0000 750d | 4983 8398 
  0x00000219015866d4: 0600 0001 | e963 0000 | 0049 83bb | 8006 0000 | 0075 174d | 89ab 8006 | 0000 49c7 | 8388 0600 
  0x00000219015866f4: 0001 0000 | 00e9 4200 | 0000 4983 | bb90 0600 | 0000 7517 | 4d89 ab90 | 0600 0049 | c783 9806 
  0x0000021901586714: 0000 0100 | 0000 e921 | 0000 00e9 | 1c00 0000 

  0x0000021901586724: ;   {metadata(method data for {method} {0x0000021981d83dc0} 'evalAndAwait' '(Lkotlin/jvm/functions/Function1;Lkotlin/coroutines/Continuation;)Ljava/lang/Object;' in 'com/dokar/quickjs/QuickJs')}
  0x0000021901586724: 49bb 4889 | e581 1902 | 0000 4983 | ab70 0600 | 0001 e91a | 2f00 00e9 | 0000 0000 

  0x0000021901586740: ;   {metadata(method data for {method} {0x0000021981d83dc0} 'evalAndAwait' '(Lkotlin/jvm/functions/Function1;Lkotlin/coroutines/Continuation;)Ljava/lang/Object;' in 'com/dokar/quickjs/QuickJs')}
  0x0000021901586740: 4c8b ca48 | ba48 89e5 | 8119 0200 | 0048 8382 | a806 0000 

  0x0000021901586754: ;   {metadata(method data for {method} {0x000002191b035e90} 'throwOnFailure' '(Ljava/lang/Object;)V' in 'kotlin/ResultKt')}
  0x0000021901586754: 0148 ba98 | 5629 1c19 | 0200 0044 | 8b9a cc00 | 0000 4183 | c302 4489 | 9acc 0000 | 0041 81e3 
  0x0000021901586774: feff 1f00 | 4585 db0f | 84dd 2e00 | 0048 85f6 

  0x0000021901586784: ;   {metadata(method data for {method} {0x000002191b035e90} 'throwOnFailure' '(Ljava/lang/Object;)V' in 'kotlin/ResultKt')}
  0x0000021901586784: 7517 49bd | 9856 291c | 1902 0000 | 4180 8d09 | 0100 0001 | e9ce 0000 

  0x000002190158679c: ;   {metadata('kotlin/Result$Failure')}
  0x000002190158679c: 0049 bed8 | 1c0d 0008 | 0000 0044 | 8b5e 0849 | ba00 0000 | 0008 0000 | 004d 03da | 4d3b f30f 
  0x00000219015867bc: 858e 0000 

  0x00000219015867c0: ;   {metadata(method data for {method} {0x000002191b035e90} 'throwOnFailure' '(Ljava/lang/Object;)V' in 'kotlin/ResultKt')}
  0x00000219015867c0: 0049 bd98 | 5629 1c19 | 0200 0044 | 8b76 0849 | ba00 0000 | 0008 0000 | 004d 03f2 | 4d3b b520 
  0x00000219015867e0: 0100 0075 | 0d49 8385 | 2801 0000 | 01e9 7e00 | 0000 4d3b | b530 0100 | 0075 0d49 | 8385 3801 
  0x0000021901586800: 0000 01e9 | 6800 0000 | 4983 bd20 | 0100 0000 | 7517 4d89 | b520 0100 | 0049 c785 | 2801 0000 
  0x0000021901586820: 0100 0000 | e947 0000 | 0049 83bd | 3001 0000 | 0075 174d | 89b5 3001 | 0000 49c7 | 8538 0100 
  0x0000021901586840: 0001 0000 | 00e9 2600 | 0000 e921 

  0x000002190158684c: ;   {metadata(method data for {method} {0x000002191b035e90} 'throwOnFailure' '(Ljava/lang/Object;)V' in 'kotlin/ResultKt')}
  0x000002190158684c: 0000 0049 | bd98 5629 | 1c19 0200 | 0049 83ad | 1001 0000 | 01e9 0500 | 0000 e905 | 0000 0048 
  0x000002190158686c: 33d2 eb07 | 48c7 c201 | 0000 0085 

  0x0000021901586878: ;   {metadata(method data for {method} {0x000002191b035e90} 'throwOnFailure' '(Ljava/lang/Object;)V' in 'kotlin/ResultKt')}
  0x0000021901586878: d248 ba98 | 5629 1c19 | 0200 0049 | c7c3 5801 | 0000 7507 | 49c7 c348 | 0100 004e | 8b2c 1a4d 
  0x0000021901586898: 8d6d 014e | 892c 1a0f | 8599 2500 

  0x00000219015868a4: ;   {oop(nullptr)}
  0x00000219015868a4: 0048 ba00 | 0000 0000 

  0x00000219015868ac: ;   {oop(nullptr)}
  0x00000219015868ac: 0000 0049 | bb00 0000 | 0000 0000 | 0048 8984 | 24c8 0000 | 00e9 7b17 | 0000 8b78 | 208b 581c 
  0x00000219015868cc: 8b48 188b | 5038 48c1 | e203 4885 

  0x00000219015868d8: ;   {metadata(method data for {method} {0x0000021981d83dc0} 'evalAndAwait' '(Lkotlin/jvm/functions/Function1;Lkotlin/coroutines/Continuation;)Ljava/lang/Object;' in 'com/dokar/quickjs/QuickJs')}
  0x00000219015868d8: d275 1749 | b948 89e5 | 8119 0200 | 0041 8089 | 5904 0000 | 01e9 ce00 

  0x00000219015868f0: ;   {metadata('com/dokar/quickjs/QuickJs$evalAndAwait$1')}
  0x00000219015868f0: 0000 49bb | 60b8 c600 | 0800 0000 | 448b 4208 | 49ba 0000 | 0000 0800 | 0000 4d03 | c24d 3bd8 
  0x0000021901586910: 0f85 8e00 

  0x0000021901586914: ;   {metadata(method data for {method} {0x0000021981d83dc0} 'evalAndAwait' '(Lkotlin/jvm/functions/Function1;Lkotlin/coroutines/Continuation;)Ljava/lang/Object;' in 'com/dokar/quickjs/QuickJs')}
  0x0000021901586914: 0000 49b9 | 4889 e581 | 1902 0000 | 448b 5a08 | 49ba 0000 | 0000 0800 | 0000 4d03 | da4d 3b99 
  0x0000021901586934: 7004 0000 | 750d 4983 | 8178 0400 | 0001 e979 | 0000 004d | 3b99 8004 | 0000 750d | 4983 8188 
  0x0000021901586954: 0400 0001 | e963 0000 | 0049 83b9 | 7004 0000 | 0075 174d | 8999 7004 | 0000 49c7 | 8178 0400 
  0x0000021901586974: 0001 0000 | 00e9 4200 | 0000 4983 | b980 0400 | 0000 7517 | 4d89 9980 | 0400 0049 | c781 8804 
  0x0000021901586994: 0000 0100 | 0000 e921 | 0000 00e9 | 1c00 0000 

  0x00000219015869a4: ;   {metadata(method data for {method} {0x0000021981d83dc0} 'evalAndAwait' '(Lkotlin/jvm/functions/Function1;Lkotlin/coroutines/Continuation;)Ljava/lang/Object;' in 'com/dokar/quickjs/QuickJs')}
  0x00000219015869a4: 49b9 4889 | e581 1902 | 0000 4983 | a960 0400 | 0001 e9c4 | 2c00 00e9 | 0000 0000 | 4c8b c28b 
  0x00000219015869c4: 5034 48c1 | e203 4885 

  0x00000219015869cc: ;   {metadata(method data for {method} {0x0000021981d83dc0} 'evalAndAwait' '(Lkotlin/jvm/functions/Function1;Lkotlin/coroutines/Continuation;)Ljava/lang/Object;' in 'com/dokar/quickjs/QuickJs')}
  0x00000219015869cc: d275 1749 | bb48 89e5 | 8119 0200 | 0041 808b | 9104 0000 | 01e9 ee00 

  0x00000219015869e4: ;   {metadata('kotlinx/coroutines/sync/Mutex')}
  0x00000219015869e4: 0000 49bd | 8804 1500 | 0800 0000 | 448b 5a08 | 49ba 0000 | 0000 0800 | 0000 4d03 | da4d 3b6b 
  0x0000021901586a04: 200f 841f | 0000 004d | 3bdd 0f84 | 1600 0000 | 4153 4155 

  0x0000021901586a18: ;   {runtime_call slow_subtype_check Runtime1 stub}
  0x0000021901586a18: e863 110b | 0641 5b41 | 5b45 85db | 0f84 8e00 

  0x0000021901586a28: ;   {metadata(method data for {method} {0x0000021981d83dc0} 'evalAndAwait' '(Lkotlin/jvm/functions/Function1;Lkotlin/coroutines/Continuation;)Ljava/lang/Object;' in 'com/dokar/quickjs/QuickJs')}
  0x0000021901586a28: 0000 49bb | 4889 e581 | 1902 0000 | 448b 6a08 | 49ba 0000 | 0000 0800 | 0000 4d03 | ea4d 3bab 
  0x0000021901586a48: a804 0000 | 750d 4983 | 83b0 0400 | 0001 e979 | 0000 004d | 3bab b804 | 0000 750d | 4983 83c0 
  0x0000021901586a68: 0400 0001 | e963 0000 | 0049 83bb | a804 0000 | 0075 174d | 89ab a804 | 0000 49c7 | 83b0 0400 
  0x0000021901586a88: 0001 0000 | 00e9 4200 | 0000 4983 | bbb8 0400 | 0000 7517 | 4d89 abb8 | 0400 0049 | c783 c004 
  0x0000021901586aa8: 0000 0100 | 0000 e921 | 0000 00e9 | 1c00 0000 

  0x0000021901586ab8: ;   {metadata(method data for {method} {0x0000021981d83dc0} 'evalAndAwait' '(Lkotlin/jvm/functions/Function1;Lkotlin/coroutines/Continuation;)Ljava/lang/Object;' in 'com/dokar/quickjs/QuickJs')}
  0x0000021901586ab8: 49bb 4889 | e581 1902 | 0000 4983 | ab98 0400 | 0001 e9b9 | 2b00 00e9 | 0000 0000 | 4c8b ca8b 
  0x0000021901586ad8: 5030 48c1 | e203 4885 

  0x0000021901586ae0: ;   {metadata(method data for {method} {0x0000021981d83dc0} 'evalAndAwait' '(Lkotlin/jvm/functions/Function1;Lkotlin/coroutines/Continuation;)Ljava/lang/Object;' in 'com/dokar/quickjs/QuickJs')}
  0x0000021901586ae0: d275 1749 | bd48 89e5 | 8119 0200 | 0041 808d | c904 0000 | 01e9 ee00 

  0x0000021901586af8: ;   {metadata('kotlinx/coroutines/sync/Mutex')}
  0x0000021901586af8: 0000 49be | 8804 1500 | 0800 0000 | 448b 6a08 | 49ba 0000 | 0000 0800 | 0000 4d03 | ea4d 3b75 
  0x0000021901586b18: 200f 841f | 0000 004d | 3bee 0f84 | 1600 0000 | 4155 4156 

  0x0000021901586b2c: ;   {runtime_call slow_subtype_check Runtime1 stub}
  0x0000021901586b2c: e84f 100b | 0641 5d41 | 5d45 85ed | 0f84 8e00 

  0x0000021901586b3c: ;   {metadata(method data for {method} {0x0000021981d83dc0} 'evalAndAwait' '(Lkotlin/jvm/functions/Function1;Lkotlin/coroutines/Continuation;)Ljava/lang/Object;' in 'com/dokar/quickjs/QuickJs')}
  0x0000021901586b3c: 0000 49bd | 4889 e581 | 1902 0000 | 448b 7208 | 49ba 0000 | 0000 0800 | 0000 4d03 | f24d 3bb5 
  0x0000021901586b5c: e004 0000 | 750d 4983 | 85e8 0400 | 0001 e979 | 0000 004d | 3bb5 f004 | 0000 750d | 4983 85f8 
  0x0000021901586b7c: 0400 0001 | e963 0000 | 0049 83bd | e004 0000 | 0075 174d | 89b5 e004 | 0000 49c7 | 85e8 0400 
  0x0000021901586b9c: 0001 0000 | 00e9 4200 | 0000 4983 | bdf0 0400 | 0000 7517 | 4d89 b5f0 | 0400 0049 | c785 f804 
  0x0000021901586bbc: 0000 0100 | 0000 e921 | 0000 00e9 | 1c00 0000 

  0x0000021901586bcc: ;   {metadata(method data for {method} {0x0000021981d83dc0} 'evalAndAwait' '(Lkotlin/jvm/functions/Function1;Lkotlin/coroutines/Continuation;)Ljava/lang/Object;' in 'com/dokar/quickjs/QuickJs')}
  0x0000021901586bcc: 49bd 4889 | e581 1902 | 0000 4983 | add0 0400 | 0001 e9ae | 2a00 00e9 | 0000 0000 | 4c8b da8b 
  0x0000021901586bec: 502c 48c1 | e203 4889 | 8424 c800 | 0000 4885 

  0x0000021901586bfc: ;   {metadata(method data for {method} {0x0000021981d83dc0} 'evalAndAwait' '(Lkotlin/jvm/functions/Function1;Lkotlin/coroutines/Continuation;)Ljava/lang/Object;' in 'com/dokar/quickjs/QuickJs')}
  0x0000021901586bfc: d275 1749 | be48 89e5 | 8119 0200 | 0041 808e | 0105 0000 | 01e9 ec00 

  0x0000021901586c14: ;   {metadata('kotlin/jvm/functions/Function1')}
  0x0000021901586c14: 0000 48b8 | 7894 0c00 | 0800 0000 | 448b 7208 | 49ba 0000 | 0000 0800 | 0000 4d03 | f249 3b46 
  0x0000021901586c34: 200f 841e | 0000 004c | 3bf0 0f84 | 1500 0000 

  0x0000021901586c44: ;   {runtime_call slow_subtype_check Runtime1 stub}
  0x0000021901586c44: 4156 50e8 | 340f 0b06 | 415e 415e | 4585 f60f | 848d 0000 

  0x0000021901586c58: ;   {metadata(method data for {method} {0x0000021981d83dc0} 'evalAndAwait' '(Lkotlin/jvm/functions/Function1;Lkotlin/coroutines/Continuation;)Ljava/lang/Object;' in 'com/dokar/quickjs/QuickJs')}
  0x0000021901586c58: 0049 be48 | 89e5 8119 | 0200 008b | 4208 49ba | 0000 0000 | 0800 0000 | 4903 c249 | 3b86 1805 
  0x0000021901586c78: 0000 750d | 4983 8620 | 0500 0001 | e979 0000 | 0049 3b86 | 2805 0000 | 750d 4983 | 8630 0500 
  0x0000021901586c98: 0001 e963 | 0000 0049 | 83be 1805 | 0000 0075 | 1749 8986 | 1805 0000 | 49c7 8620 | 0500 0001 
  0x0000021901586cb8: 0000 00e9 | 4200 0000 | 4983 be28 | 0500 0000 | 7517 4989 | 8628 0500 | 0049 c786 | 3005 0000 
  0x0000021901586cd8: 0100 0000 | e921 0000 | 00e9 1c00 

  0x0000021901586ce4: ;   {metadata(method data for {method} {0x0000021981d83dc0} 'evalAndAwait' '(Lkotlin/jvm/functions/Function1;Lkotlin/coroutines/Continuation;)Ljava/lang/Object;' in 'com/dokar/quickjs/QuickJs')}
  0x0000021901586ce4: 0000 49be | 4889 e581 | 1902 0000 | 4983 ae08 | 0500 0001 | e99d 2900 | 00e9 0000 | 0000 4c8b 
  0x0000021901586d04: ea4c 89ac | 24d0 0000 

  0x0000021901586d0c: ;   {metadata(method data for {method} {0x0000021981d83dc0} 'evalAndAwait' '(Lkotlin/jvm/functions/Function1;Lkotlin/coroutines/Continuation;)Ljava/lang/Object;' in 'com/dokar/quickjs/QuickJs')}
  0x0000021901586d0c: 0048 ba48 | 89e5 8119 | 0200 0048 | 8382 4005 

  0x0000021901586d1c: ;   {metadata(method data for {method} {0x000002191b035e90} 'throwOnFailure' '(Ljava/lang/Object;)V' in 'kotlin/ResultKt')}
  0x0000021901586d1c: 0000 0148 | ba98 5629 | 1c19 0200 | 008b 82cc | 0000 0083 | c002 8982 | cc00 0000 | 25fe ff1f 
  0x0000021901586d3c: 0085 c00f | 845e 2900 | 0048 85f6 

  0x0000021901586d48: ;   {metadata(method data for {method} {0x000002191b035e90} 'throwOnFailure' '(Ljava/lang/Object;)V' in 'kotlin/ResultKt')}
  0x0000021901586d48: 7517 49be | 9856 291c | 1902 0000 | 4180 8e09 | 0100 0001 | e9cd 0000 

  0x0000021901586d60: ;   {metadata('kotlin/Result$Failure')}
  0x0000021901586d60: 0049 bdd8 | 1c0d 0008 | 0000 008b | 4608 49ba | 0000 0000 | 0800 0000 | 4903 c24c | 3be8 0f85 
  0x0000021901586d80: 8e00 0000 

  0x0000021901586d84: ;   {metadata(method data for {method} {0x000002191b035e90} 'throwOnFailure' '(Ljava/lang/Object;)V' in 'kotlin/ResultKt')}
  0x0000021901586d84: 49be 9856 | 291c 1902 | 0000 448b | 6e08 49ba | 0000 0000 | 0800 0000 | 4d03 ea4d | 3bae 2001 
  0x0000021901586da4: 0000 750d | 4983 8628 | 0100 0001 | e97e 0000 | 004d 3bae | 3001 0000 | 750d 4983 | 8638 0100 
  0x0000021901586dc4: 0001 e968 | 0000 0049 | 83be 2001 | 0000 0075 | 174d 89ae | 2001 0000 | 49c7 8628 | 0100 0001 
  0x0000021901586de4: 0000 00e9 | 4700 0000 | 4983 be30 | 0100 0000 | 7517 4d89 | ae30 0100 | 0049 c786 | 3801 0000 
  0x0000021901586e04: 0100 0000 | e926 0000 | 00e9 2100 

  0x0000021901586e10: ;   {metadata(method data for {method} {0x000002191b035e90} 'throwOnFailure' '(Ljava/lang/Object;)V' in 'kotlin/ResultKt')}
  0x0000021901586e10: 0000 49be | 9856 291c | 1902 0000 | 4983 ae10 | 0100 0001 | e905 0000 | 00e9 0500 | 0000 4833 
  0x0000021901586e30: d2eb 0748 | c7c2 0100 | 0000 85d2 

  0x0000021901586e3c: ;   {metadata(method data for {method} {0x000002191b035e90} 'throwOnFailure' '(Ljava/lang/Object;)V' in 'kotlin/ResultKt')}
  0x0000021901586e3c: 48ba 9856 | 291c 1902 | 0000 48c7 | c058 0100 | 0075 0748 | c7c0 4801 | 0000 4c8b | 2c02 4d8d 
  0x0000021901586e5c: 6d01 4c89 | 2c02 0f85 | c21e 0000 | 4c8b ac24 | d000 0000 

  0x0000021901586e70: ;   {oop(nullptr)}
  0x0000021901586e70: 48be 0000 | 0000 0000 

  0x0000021901586e78: ;   {oop(nullptr)}
  0x0000021901586e78: 0000 48b8 | 0000 0000 | 0000 0000 | e926 0f00 | 008b 7818 | 8b50 3048 | c1e2 0348 | 85d2 7516 
  0x0000021901586e98: ;   {metadata(method data for {method} {0x0000021981d83dc0} 'evalAndAwait' '(Lkotlin/jvm/functions/Function1;Lkotlin/coroutines/Continuation;)Ljava/lang/Object;' in 'com/dokar/quickjs/QuickJs')}
  0x0000021901586e98: 48b9 4889 | e581 1902 | 0000 8089 | 7103 0000 | 01e9 e900 

  0x0000021901586eac: ;   {metadata('kotlinx/coroutines/sync/Mutex')}
  0x0000021901586eac: 0000 49b8 | 8804 1500 | 0800 0000 | 8b4a 0849 | ba00 0000 | 0008 0000 | 0049 03ca | 4c3b 4120 
  0x0000021901586ecc: 0f84 1b00 | 0000 493b | c80f 8412 | 0000 0051 

  0x0000021901586edc: ;   {runtime_call slow_subtype_check Runtime1 stub}
  0x0000021901586edc: 4150 e89d | 0c0b 0659 | 5985 c90f | 848e 0000 

  0x0000021901586eec: ;   {metadata(method data for {method} {0x0000021981d83dc0} 'evalAndAwait' '(Lkotlin/jvm/functions/Function1;Lkotlin/coroutines/Continuation;)Ljava/lang/Object;' in 'com/dokar/quickjs/QuickJs')}
  0x0000021901586eec: 0048 b948 | 89e5 8119 | 0200 0044 | 8b42 0849 | ba00 0000 | 0008 0000 | 004d 03c2 | 4c3b 8188 
  0x0000021901586f0c: 0300 0075 | 0d48 8381 | 9003 0000 | 01e9 7900 | 0000 4c3b | 8198 0300 | 0075 0d48 | 8381 a003 
  0x0000021901586f2c: 0000 01e9 | 6300 0000 | 4883 b988 | 0300 0000 | 7517 4c89 | 8188 0300 | 0048 c781 | 9003 0000 
  0x0000021901586f4c: 0100 0000 | e942 0000 | 0048 83b9 | 9803 0000 | 0075 174c | 8981 9803 | 0000 48c7 | 81a0 0300 
  0x0000021901586f6c: 0001 0000 | 00e9 2100 | 0000 e91c 

  0x0000021901586f78: ;   {metadata(method data for {method} {0x0000021981d83dc0} 'evalAndAwait' '(Lkotlin/jvm/functions/Function1;Lkotlin/coroutines/Continuation;)Ljava/lang/Object;' in 'com/dokar/quickjs/QuickJs')}
  0x0000021901586f78: 0000 0048 | b948 89e5 | 8119 0200 | 0048 83a9 | 7803 0000 | 01e9 3227 | 0000 e900 | 0000 0048 
  0x0000021901586f98: 8bda 8b50 | 2c48 c1e2 | 0348 85d2 

  0x0000021901586fa4: ;   {metadata(method data for {method} {0x0000021981d83dc0} 'evalAndAwait' '(Lkotlin/jvm/functions/Function1;Lkotlin/coroutines/Continuation;)Ljava/lang/Object;' in 'com/dokar/quickjs/QuickJs')}
  0x0000021901586fa4: 7517 49b8 | 4889 e581 | 1902 0000 | 4180 88a9 | 0300 0001 | e9ee 0000 

  0x0000021901586fbc: ;   {metadata('kotlin/jvm/functions/Function1')}
  0x0000021901586fbc: 0049 b978 | 940c 0008 | 0000 0044 | 8b42 0849 | ba00 0000 | 0008 0000 | 004d 03c2 | 4d3b 4820 
  0x0000021901586fdc: 0f84 1f00 | 0000 4d3b | c10f 8416 | 0000 0041 

  0x0000021901586fec: ;   {runtime_call slow_subtype_check Runtime1 stub}
  0x0000021901586fec: 5041 51e8 | 8c0b 0b06 | 4158 4158 | 4585 c00f | 848e 0000 

  0x0000021901587000: ;   {metadata(method data for {method} {0x0000021981d83dc0} 'evalAndAwait' '(Lkotlin/jvm/functions/Function1;Lkotlin/coroutines/Continuation;)Ljava/lang/Object;' in 'com/dokar/quickjs/QuickJs')}
  0x0000021901587000: 0049 b848 | 89e5 8119 | 0200 0044 | 8b4a 0849 | ba00 0000 | 0008 0000 | 004d 03ca | 4d3b 88c0 
  0x0000021901587020: 0300 0075 | 0d49 8380 | c803 0000 | 01e9 7900 | 0000 4d3b | 88d0 0300 | 0075 0d49 | 8380 d803 
  0x0000021901587040: 0000 01e9 | 6300 0000 | 4983 b8c0 | 0300 0000 | 7517 4d89 | 88c0 0300 | 0049 c780 | c803 0000 
  0x0000021901587060: 0100 0000 | e942 0000 | 0049 83b8 | d003 0000 | 0075 174d | 8988 d003 | 0000 49c7 | 80d8 0300 
  0x0000021901587080: 0001 0000 | 00e9 2100 | 0000 e91c 

  0x000002190158708c: ;   {metadata(method data for {method} {0x0000021981d83dc0} 'evalAndAwait' '(Lkotlin/jvm/functions/Function1;Lkotlin/coroutines/Continuation;)Ljava/lang/Object;' in 'com/dokar/quickjs/QuickJs')}
  0x000002190158708c: 0000 0049 | b848 89e5 | 8119 0200 | 0049 83a8 | b003 0000 | 01e9 2726 | 0000 e900 

  0x00000219015870a8: ;   {metadata(method data for {method} {0x0000021981d83dc0} 'evalAndAwait' '(Lkotlin/jvm/functions/Function1;Lkotlin/coroutines/Continuation;)Ljava/lang/Object;' in 'com/dokar/quickjs/QuickJs')}
  0x00000219015870a8: 0000 0048 | b948 89e5 | 8119 0200 | 0048 8381 | e803 0000 

  0x00000219015870bc: ;   {metadata(method data for {method} {0x000002191b035e90} 'throwOnFailure' '(Ljava/lang/Object;)V' in 'kotlin/ResultKt')}
  0x00000219015870bc: 0148 b998 | 5629 1c19 | 0200 0044 | 8b81 cc00 | 0000 4183 | c002 4489 | 81cc 0000 | 0041 81e0 
  0x00000219015870dc: feff 1f00 | 4585 c00f | 84ed 2500 | 0048 85f6 

  0x00000219015870ec: ;   {metadata(method data for {method} {0x000002191b035e90} 'throwOnFailure' '(Ljava/lang/Object;)V' in 'kotlin/ResultKt')}
  0x00000219015870ec: 7517 49b9 | 9856 291c | 1902 0000 | 4180 8909 | 0100 0001 | e9ce 0000 

  0x0000021901587104: ;   {metadata('kotlin/Result$Failure')}
  0x0000021901587104: 0049 bbd8 | 1c0d 0008 | 0000 0044 | 8b46 0849 | ba00 0000 | 0008 0000 | 004d 03c2 | 4d3b d80f 
  0x0000021901587124: 858e 0000 

  0x0000021901587128: ;   {metadata(method data for {method} {0x000002191b035e90} 'throwOnFailure' '(Ljava/lang/Object;)V' in 'kotlin/ResultKt')}
  0x0000021901587128: 0049 b998 | 5629 1c19 | 0200 0044 | 8b5e 0849 | ba00 0000 | 0008 0000 | 004d 03da | 4d3b 9920 
  0x0000021901587148: 0100 0075 | 0d49 8381 | 2801 0000 | 01e9 7e00 | 0000 4d3b | 9930 0100 | 0075 0d49 | 8381 3801 
  0x0000021901587168: 0000 01e9 | 6800 0000 | 4983 b920 | 0100 0000 | 7517 4d89 | 9920 0100 | 0049 c781 | 2801 0000 
  0x0000021901587188: 0100 0000 | e947 0000 | 0049 83b9 | 3001 0000 | 0075 174d | 8999 3001 | 0000 49c7 | 8138 0100 
  0x00000219015871a8: 0001 0000 | 00e9 2600 | 0000 e921 

  0x00000219015871b4: ;   {metadata(method data for {method} {0x000002191b035e90} 'throwOnFailure' '(Ljava/lang/Object;)V' in 'kotlin/ResultKt')}
  0x00000219015871b4: 0000 0049 | b998 5629 | 1c19 0200 | 0049 83a9 | 1001 0000 | 01e9 0500 | 0000 e905 | 0000 0048 
  0x00000219015871d4: 33c9 eb07 | 48c7 c101 | 0000 0085 

  0x00000219015871e0: ;   {metadata(method data for {method} {0x000002191b035e90} 'throwOnFailure' '(Ljava/lang/Object;)V' in 'kotlin/ResultKt')}
  0x00000219015871e0: c948 b998 | 5629 1c19 | 0200 0049 | c7c0 5801 | 0000 7507 | 49c7 c048 | 0100 004e | 8b0c 014d 
  0x0000021901587200: 8d49 014e | 890c 010f | 8512 1a00 

  0x000002190158720c: ;   {oop(nullptr)}
  0x000002190158720c: 0048 be00 | 0000 0000 | 0000 0048 | 8984 24c8 | 0000 00e9 | cc07 0000 | 8b50 2c48 | c1e2 0348 
  0x000002190158722c: 85d2 7516 

  0x0000021901587230: ;   {metadata(method data for {method} {0x0000021981d83dc0} 'evalAndAwait' '(Lkotlin/jvm/functions/Function1;Lkotlin/coroutines/Continuation;)Ljava/lang/Object;' in 'com/dokar/quickjs/QuickJs')}
  0x0000021901587230: 48bb 4889 | e581 1902 | 0000 808b | d102 0000 | 01e9 e700 

  0x0000021901587244: ;   {metadata('kotlin/jvm/functions/Function1')}
  0x0000021901587244: 0000 48b9 | 7894 0c00 | 0800 0000 | 8b5a 0849 | ba00 0000 | 0008 0000 | 0049 03da | 483b 4b20 
  0x0000021901587264: 0f84 1a00 | 0000 483b | d90f 8411 | 0000 0053 

  0x0000021901587274: ;   {runtime_call slow_subtype_check Runtime1 stub}
  0x0000021901587274: 51e8 0609 | 0b06 5b5b | 85db 0f84 | 8d00 0000 

  0x0000021901587284: ;   {metadata(method data for {method} {0x0000021981d83dc0} 'evalAndAwait' '(Lkotlin/jvm/functions/Function1;Lkotlin/coroutines/Continuation;)Ljava/lang/Object;' in 'com/dokar/quickjs/QuickJs')}
  0x0000021901587284: 48bb 4889 | e581 1902 | 0000 8b4a | 0849 ba00 | 0000 0008 | 0000 0049 | 03ca 483b | 8be8 0200 
  0x00000219015872a4: 0075 0d48 | 8383 f002 | 0000 01e9 | 7900 0000 | 483b 8bf8 | 0200 0075 | 0d48 8383 | 0003 0000 
  0x00000219015872c4: 01e9 6300 | 0000 4883 | bbe8 0200 | 0000 7517 | 4889 8be8 | 0200 0048 | c783 f002 | 0000 0100 
  0x00000219015872e4: 0000 e942 | 0000 0048 | 83bb f802 | 0000 0075 | 1748 898b | f802 0000 | 48c7 8300 | 0300 0001 
  0x0000021901587304: 0000 00e9 | 2100 0000 | e91c 0000 

  0x0000021901587310: ;   {metadata(method data for {method} {0x0000021981d83dc0} 'evalAndAwait' '(Lkotlin/jvm/functions/Function1;Lkotlin/coroutines/Continuation;)Ljava/lang/Object;' in 'com/dokar/quickjs/QuickJs')}
  0x0000021901587310: 0048 bb48 | 89e5 8119 | 0200 0048 | 83ab d802 | 0000 01e9 | cf23 0000 | e900 0000 | 0048 8bfa 
  0x0000021901587330: ;   {metadata(method data for {method} {0x0000021981d83dc0} 'evalAndAwait' '(Lkotlin/jvm/functions/Function1;Lkotlin/coroutines/Continuation;)Ljava/lang/Object;' in 'com/dokar/quickjs/QuickJs')}
  0x0000021901587330: 48ba 4889 | e581 1902 | 0000 4883 | 8210 0300 

  0x0000021901587340: ;   {metadata(method data for {method} {0x000002191b035e90} 'throwOnFailure' '(Ljava/lang/Object;)V' in 'kotlin/ResultKt')}
  0x0000021901587340: 0001 48ba | 9856 291c | 1902 0000 | 8b9a cc00 | 0000 83c3 | 0289 9acc | 0000 0081 | e3fe ff1f 
  0x0000021901587360: 0085 db0f | 8497 2300 | 0048 85f6 

  0x000002190158736c: ;   {metadata(method data for {method} {0x000002191b035e90} 'throwOnFailure' '(Ljava/lang/Object;)V' in 'kotlin/ResultKt')}
  0x000002190158736c: 7516 48b9 | 9856 291c | 1902 0000 | 8089 0901 | 0000 01e9 | cd00 0000 

  0x0000021901587384: ;   {metadata('kotlin/Result$Failure')}
  0x0000021901587384: 49b8 d81c | 0d00 0800 | 0000 8b5e | 0849 ba00 | 0000 0008 | 0000 0049 | 03da 4c3b | c30f 858e 
  0x00000219015873a4: ;   {metadata(method data for {method} {0x000002191b035e90} 'throwOnFailure' '(Ljava/lang/Object;)V' in 'kotlin/ResultKt')}
  0x00000219015873a4: 0000 0048 | b998 5629 | 1c19 0200 | 0044 8b46 | 0849 ba00 | 0000 0008 | 0000 004d | 03c2 4c3b 
  0x00000219015873c4: 8120 0100 | 0075 0d48 | 8381 2801 | 0000 01e9 | 7e00 0000 | 4c3b 8130 | 0100 0075 | 0d48 8381 
  0x00000219015873e4: 3801 0000 | 01e9 6800 | 0000 4883 | b920 0100 | 0000 7517 | 4c89 8120 | 0100 0048 | c781 2801 
  0x0000021901587404: 0000 0100 | 0000 e947 | 0000 0048 | 83b9 3001 | 0000 0075 | 174c 8981 | 3001 0000 | 48c7 8138 
  0x0000021901587424: 0100 0001 | 0000 00e9 | 2600 0000 | e921 0000 

  0x0000021901587434: ;   {metadata(method data for {method} {0x000002191b035e90} 'throwOnFailure' '(Ljava/lang/Object;)V' in 'kotlin/ResultKt')}
  0x0000021901587434: 0048 b998 | 5629 1c19 | 0200 0048 | 83a9 1001 | 0000 01e9 | 0500 0000 | e905 0000 | 0048 33d2 
  0x0000021901587454: eb07 48c7 | c201 0000 

  0x000002190158745c: ;   {metadata(method data for {method} {0x000002191b035e90} 'throwOnFailure' '(Ljava/lang/Object;)V' in 'kotlin/ResultKt')}
  0x000002190158745c: 0085 d248 | ba98 5629 | 1c19 0200 | 0048 c7c3 | 4801 0000 | 7407 48c7 | c358 0100 | 0048 8b0c 
  0x000002190158747c: 1a48 8d49 | 0148 890c | 1a0f 847d | 0200 00e9 | 8516 0000 

  0x0000021901587490: ;   {metadata(method data for {method} {0x0000021981d83dc0} 'evalAndAwait' '(Lkotlin/jvm/functions/Function1;Lkotlin/coroutines/Continuation;)Ljava/lang/Object;' in 'com/dokar/quickjs/QuickJs')}
  0x0000021901587490: 48ba 4889 | e581 1902 | 0000 4883 | 8288 0200 

  0x00000219015874a0: ;   {metadata(method data for {method} {0x000002191b035e90} 'throwOnFailure' '(Ljava/lang/Object;)V' in 'kotlin/ResultKt')}
  0x00000219015874a0: 0001 48ba | 9856 291c | 1902 0000 | 8bba cc00 | 0000 83c7 | 0289 bacc | 0000 0081 | e7fe ff1f 
  0x00000219015874c0: 0085 ff0f | 8458 2200 | 0048 85f6 

  0x00000219015874cc: ;   {metadata(method data for {method} {0x000002191b035e90} 'throwOnFailure' '(Ljava/lang/Object;)V' in 'kotlin/ResultKt')}
  0x00000219015874cc: 7516 48bb | 9856 291c | 1902 0000 | 808b 0901 | 0000 01e9 | cc00 0000 

  0x00000219015874e4: ;   {metadata('kotlin/Result$Failure')}
  0x00000219015874e4: 48b9 d81c | 0d00 0800 | 0000 8b7e | 0849 ba00 | 0000 0008 | 0000 0049 | 03fa 483b | cf0f 858d 
  0x0000021901587504: ;   {metadata(method data for {method} {0x000002191b035e90} 'throwOnFailure' '(Ljava/lang/Object;)V' in 'kotlin/ResultKt')}
  0x0000021901587504: 0000 0048 | bb98 5629 | 1c19 0200 | 008b 4e08 | 49ba 0000 | 0000 0800 | 0000 4903 | ca48 3b8b 
  0x0000021901587524: 2001 0000 | 750d 4883 | 8328 0100 | 0001 e97e | 0000 0048 | 3b8b 3001 | 0000 750d | 4883 8338 
  0x0000021901587544: 0100 0001 | e968 0000 | 0048 83bb | 2001 0000 | 0075 1748 | 898b 2001 | 0000 48c7 | 8328 0100 
  0x0000021901587564: 0001 0000 | 00e9 4700 | 0000 4883 | bb30 0100 | 0000 7517 | 4889 8b30 | 0100 0048 | c783 3801 
  0x0000021901587584: 0000 0100 | 0000 e926 | 0000 00e9 | 2100 0000 

  0x0000021901587594: ;   {metadata(method data for {method} {0x000002191b035e90} 'throwOnFailure' '(Ljava/lang/Object;)V' in 'kotlin/ResultKt')}
  0x0000021901587594: 48bb 9856 | 291c 1902 | 0000 4883 | ab10 0100 | 0001 e905 | 0000 00e9 | 0500 0000 | 4833 d2eb 
  0x00000219015875b4: 0748 c7c2 | 0100 0000 

  0x00000219015875bc: ;   {metadata(method data for {method} {0x000002191b035e90} 'throwOnFailure' '(Ljava/lang/Object;)V' in 'kotlin/ResultKt')}
  0x00000219015875bc: 85d2 48ba | 9856 291c | 1902 0000 | 48c7 c758 | 0100 0075 | 0748 c7c7 | 4801 0000 | 488b 1c3a 
  0x00000219015875dc: 488d 5b01 | 4889 1c3a | 4889 8424 | c800 0000 | 0f85 1a14 | 0000 488b | 9424 b800 | 0000 488b 
  0x00000219015875fc: ;   {metadata(method data for {method} {0x0000021981d83dc0} 'evalAndAwait' '(Lkotlin/jvm/functions/Function1;Lkotlin/coroutines/Continuation;)Ljava/lang/Object;' in 'com/dokar/quickjs/QuickJs')}
  0x00000219015875fc: f248 bf48 | 89e5 8119 | 0200 0048 | 8387 9802 | 0000 0148 | 8bf2 488b 

  0x0000021901587614: ;   {optimized virtual_call}
  0x0000021901587614: d666 90e8 

  0x0000021901587618: ; ImmutableOopMap {[184]=Oop [192]=Oop [200]=Oop }
                      ;*invokespecial ensureNotClosed {reexecute=0 rethrow=0 return_oop=0}
                      ; - com.dokar.quickjs.QuickJs::evalAndAwait@118 (line 324)
  0x0000021901587618: e474 bdfe 

  0x000002190158761c: ;   {other}
  0x000002190158761c: 0f1f 8400 | 8c2a 0001 | 450f be47 | 4045 85c0 | 488b 9424 | b800 0000 | 0f85 0821 | 0000 c742 
  0x000002190158763c: 4800 0000 | 0045 0fbe | 4740 4585 | c048 8b84 | 24c8 0000 | 000f 850b | 2100 004c | 8b84 24c0 
  0x000002190158765c: 0000 004d | 8bd0 49c1 | ea03 4489 | 502c 488b | f049 33f0 | 48c1 ee16 | 4883 fe00 | 0f85 0421 
  0x000002190158767c: 0000 c740 | 2801 0000 | 0048 8bf2 

  0x0000021901587688: ;   {metadata(method data for {method} {0x0000021981d83dc0} 'evalAndAwait' '(Lkotlin/jvm/functions/Function1;Lkotlin/coroutines/Continuation;)Ljava/lang/Object;' in 'com/dokar/quickjs/QuickJs')}
  0x0000021901587688: 48bf 4889 | e581 1902 | 0000 4883 | 87a8 0200 | 0001 4c8b | c048 8bfa | 488b d748 | 8984 24c8 
  0x00000219015876a8: 0000 000f 

  0x00000219015876ac: ;   {optimized virtual_call}
  0x00000219015876ac: 1f40 00e8 

  0x00000219015876b0: ; ImmutableOopMap {[184]=Oop [192]=Oop [200]=Oop }
                      ;*invokespecial loadModules {reexecute=0 rethrow=0 return_oop=0}
                      ; - com.dokar.quickjs.QuickJs::evalAndAwait@141 (line 326)
  0x00000219015876b0: b72c 0000 

  0x00000219015876b4: ;   {other}
  0x00000219015876b4: 0f1f 8400 | 242b 0002 

  0x00000219015876bc: ;   {oop(a 'kotlin/coroutines/intrinsics/CoroutineSingletons'{0x00000006898fe440})}
  0x00000219015876bc: 49b8 40e4 | 8f89 0600 | 0000 493b 

  0x00000219015876c8: ;   {metadata(method data for {method} {0x0000021981d83dc0} 'evalAndAwait' '(Lkotlin/jvm/functions/Function1;Lkotlin/coroutines/Continuation;)Ljava/lang/Object;' in 'com/dokar/quickjs/QuickJs')}
  0x00000219015876c8: c049 b848 | 89e5 8119 | 0200 0048 | c7c2 c802 | 0000 7407 | 48c7 c2b8 | 0200 0049 | 8b34 1048 
  0x00000219015876e8: 8d76 0149 | 8934 100f | 8420 1200 | 0048 8bbc | 24c0 0000 | 0048 8bf0 | 488b 8424 | c800 0000 
  0x0000021901587708: 488b 9424 | b800 0000 | 8b72 5848 | c1e6 0345 | 0fbe 4740 | 4585 c00f | 8575 2000 | 004c 8bd7 
  0x0000021901587728: 49c1 ea03 | 4489 502c | 4c8b c04c | 33c7 49c1 | e816 4983 | f800 0f85 | 7620 0000 | 450f be47 
  0x0000021901587748: 4045 85c0 | 0f85 8020 | 0000 4c8b | d649 c1ea | 0344 8950 | 304c 8bc0 | 4c33 c649 | c1e8 1649 
  0x0000021901587768: 83f8 000f | 8581 2000 | 00c7 4018 | 0000 0000 | c740 2802 | 0000 0048 | 85f6 0f84 | 2900 0000 
  0x0000021901587788: ;   {metadata('kotlinx/coroutines/sync/MutexImpl')}
  0x0000021901587788: 49b9 f808 | 1500 0800 | 0000 8b4e | 0849 ba00 | 0000 0008 | 0000 0049 | 03ca 4c3b | 4940 0f85 
  0x00000219015877a8: 5e20 0000 | e900 0000 | 004c 8bc6 

  0x00000219015877b4: ; implicit exception: dispatches to 0x000002190158980f
  0x00000219015877b4: 483b 064c 

  0x00000219015877b8: ;   {metadata(method data for {method} {0x0000021981d83dc0} 'evalAndAwait' '(Lkotlin/jvm/functions/Function1;Lkotlin/coroutines/Continuation;)Ljava/lang/Object;' in 'com/dokar/quickjs/QuickJs')}
  0x00000219015877b8: 8bc6 48bb | 4889 e581 | 1902 0000 

  0x00000219015877c4: ;   {metadata('kotlinx/coroutines/sync/MutexImpl')}
  0x00000219015877c4: 49ba f808 | 1500 0800 | 0000 4c89 | 9330 0300 | 0048 8383 | 3803 0000 

  0x00000219015877dc: ;   {metadata(method data for {method} {0x000002191ac19cb0} 'lock' '(Ljava/lang/Object;Lkotlin/coroutines/Continuation;)Ljava/lang/Object;' in 'kotlinx/coroutines/sync/MutexImpl')}
  0x00000219015877dc: 0149 b848 | f695 8019 | 0200 0041 | 8b98 cc00 | 0000 83c3 | 0241 8998 | cc00 0000 | 81e3 feff 
  0x00000219015877fc: 1f00 85db | 0f84 0e20 

  0x0000021901587804: ;   {metadata(method data for {method} {0x000002191ac19cb0} 'lock' '(Ljava/lang/Object;Lkotlin/coroutines/Continuation;)Ljava/lang/Object;' in 'kotlinx/coroutines/sync/MutexImpl')}
  0x0000021901587804: 0000 49b8 | 48f6 9580 | 1902 0000 | 4983 8010 | 0100 0001 

  0x0000021901587818: ;   {metadata(method data for {method} {0x000002191ac19da8} 'lock$suspendImpl' '(Lkotlinx/coroutines/sync/MutexImpl;Ljava/lang/Object;Lkotlin/coroutines/Continuation;)Ljava/lang/Object;' in 'kotlinx/coroutines/sync/MutexImpl')}
  0x0000021901587818: 49b8 b8f7 | 9580 1902 | 0000 418b | 98cc 0000 | 0083 c302 | 4189 98cc | 0000 0081 | e3fe ff1f 
  0x0000021901587838: 0085 db0f | 84f4 1f00 | 004c 8bc6 

  0x0000021901587844: ;   {metadata(method data for {method} {0x000002191ac19da8} 'lock$suspendImpl' '(Lkotlinx/coroutines/sync/MutexImpl;Ljava/lang/Object;Lkotlin/coroutines/Continuation;)Ljava/lang/Object;' in 'kotlinx/coroutines/sync/MutexImpl')}
  0x0000021901587844: 48bb b8f7 | 9580 1902 | 0000 4883 | 8328 0100 

  0x0000021901587854: ;   {oop(nullptr)}
  0x0000021901587854: 0001 49b8 | 0000 0000 | 0000 0000 | 488b d648 | 89bc 24e0 | 0000 0048 | 8984 24c8 | 0000 0048 
  0x0000021901587874: 89b4 24d8 | 0000 000f 

  0x000002190158787c: ;   {optimized virtual_call}
  0x000002190158787c: 1f40 00e8 

  0x0000021901587880: ; ImmutableOopMap {[184]=Oop [200]=Oop [216]=Oop [224]=Oop }
                      ;*invokevirtual tryLock {reexecute=0 rethrow=0 return_oop=0}
                      ; - kotlinx.coroutines.sync.MutexImpl::lock$suspendImpl@2 (line 167)
                      ; - kotlinx.coroutines.sync.MutexImpl::lock@3
                      ; - com.dokar.quickjs.QuickJs::evalAndAwait@214 (line 698)
  0x0000021901587880: bc46 5d06 

  0x0000021901587884: ;   {other}
  0x0000021901587884: 0f1f 8400 | f42c 0003 

  0x000002190158788c: ;   {metadata(method data for {method} {0x000002191ac19da8} 'lock$suspendImpl' '(Lkotlinx/coroutines/sync/MutexImpl;Ljava/lang/Object;Lkotlin/coroutines/Continuation;)Ljava/lang/Object;' in 'kotlinx/coroutines/sync/MutexImpl')}
  0x000002190158788c: 85c0 49b8 | b8f7 9580 | 1902 0000 | 49c7 c148 | 0100 0074 | 0749 c7c1 | 5801 0000 | 4b8b 1408 
  0x00000219015878ac: 488d 5201 | 4b89 1408 | 0f84 0f00 

  0x00000219015878b8: ;   {oop(a 'kotlin/Unit'{0x0000000689669278})}
  0x00000219015878b8: 0000 48be | 7892 6689 | 0600 0000 | e9c9 0000 | 0048 8bb4 | 24d8 0000 

  0x00000219015878d0: ;   {metadata(method data for {method} {0x000002191ac19da8} 'lock$suspendImpl' '(Lkotlinx/coroutines/sync/MutexImpl;Ljava/lang/Object;Lkotlin/coroutines/Continuation;)Ljava/lang/Object;' in 'kotlinx/coroutines/sync/MutexImpl')}
  0x00000219015878d0: 0049 b8b8 | f795 8019 | 0200 0049 | 8380 6801 

  0x00000219015878e0: ;   {oop(nullptr)}
  0x00000219015878e0: 0000 0149 | b800 0000 | 0000 0000 | 004c 8b8c | 24c8 0000 | 0048 8b94 | 24d8 0000 

  0x00000219015878fc: ;   {optimized virtual_call}
  0x00000219015878fc: 0066 90e8 

  0x0000021901587900: ; ImmutableOopMap {[184]=Oop [200]=Oop [216]=Oop [224]=Oop }
                      ;*invokespecial lockSuspend {reexecute=0 rethrow=0 return_oop=0}
                      ; - kotlinx.coroutines.sync.MutexImpl::lock$suspendImpl@15 (line 168)
                      ; - kotlinx.coroutines.sync.MutexImpl::lock@3
                      ; - com.dokar.quickjs.QuickJs::evalAndAwait@214 (line 698)
  0x0000021901587900: 7c71 ff05 

  0x0000021901587904: ;   {other}
  0x0000021901587904: 0f1f 8400 | 742d 0004 

  0x000002190158790c: ;   {metadata(method data for {method} {0x000002191ac19da8} 'lock$suspendImpl' '(Lkotlinx/coroutines/sync/MutexImpl;Ljava/lang/Object;Lkotlin/coroutines/Continuation;)Ljava/lang/Object;' in 'kotlinx/coroutines/sync/MutexImpl')}
  0x000002190158790c: 49b8 b8f7 | 9580 1902 | 0000 4983 | 8078 0100 

  0x000002190158791c: ;   {metadata(method data for {method} {0x000002191b00a5d0} 'getCOROUTINE_SUSPENDED' '()Ljava/lang/Object;' in 'kotlin/coroutines/intrinsics/IntrinsicsKt__IntrinsicsKt')}
  0x000002190158791c: 0001 49b8 | 4851 0d1c | 1902 0000 | 418b 90cc | 0000 0083 | c202 4189 | 90cc 0000 | 0081 e2fe 
  0x000002190158793c: ff1f 0085 | d20f 840f 

  0x0000021901587944: ;   {oop(a 'kotlin/coroutines/intrinsics/CoroutineSingletons'{0x00000006898fe440})}
  0x0000021901587944: 1f00 0049 | b840 e48f | 8906 0000 | 0049 3bc0 

  0x0000021901587954: ;   {metadata(method data for {method} {0x000002191ac19da8} 'lock$suspendImpl' '(Lkotlinx/coroutines/sync/MutexImpl;Ljava/lang/Object;Lkotlin/coroutines/Continuation;)Ljava/lang/Object;' in 'kotlinx/coroutines/sync/MutexImpl')}
  0x0000021901587954: 49b8 b8f7 | 9580 1902 | 0000 48c7 | c288 0100 | 0075 0748 | c7c2 9801 | 0000 498b | 3410 488d 
  0x0000021901587974: 7601 4989 | 3410 0f85 | 0800 0000 | 488b f0e9 | 0a00 0000 

  0x0000021901587988: ;   {oop(a 'kotlin/Unit'{0x0000000689669278})}
  0x0000021901587988: 48be 7892 | 6689 0600 

  0x0000021901587990: ;   {oop(a 'kotlin/coroutines/intrinsics/CoroutineSingletons'{0x00000006898fe440})}
  0x0000021901587990: 0000 49b8 | 40e4 8f89 | 0600 0000 

  0x000002190158799c: ;   {metadata(method data for {method} {0x0000021981d83dc0} 'evalAndAwait' '(Lkotlin/jvm/functions/Function1;Lkotlin/coroutines/Continuation;)Ljava/lang/Object;' in 'com/dokar/quickjs/QuickJs')}
  0x000002190158799c: 493b f049 | b848 89e5 | 8119 0200 | 0048 c7c2 | 6803 0000 | 7407 48c7 | c258 0300 | 0049 8b3c 
  0x00000219015879bc: 1048 8d7f | 0149 893c | 100f 842a | 0f00 004c | 8b84 24d8 | 0000 0048 | 8bbc 24e0 | 0000 0049 
  0x00000219015879dc: 8bd8 488b | d7bf 0000 

  0x00000219015879e4: ;   {oop(nullptr)}
  0x00000219015879e4: 0000 48be | 0000 0000 | 0000 0000 | 4889 b424 | f800 0000 | 488b 8424 | c800 0000 | 488b b424 
  0x0000021901587a04: b800 0000 | 448b 4e54 | 49c1 e103 | 450f be47 | 4045 85c0 | 0f85 591e | 0000 4c8b | d249 c1ea 
  0x0000021901587a24: 0344 8950 | 2c4c 8bc0 | 4c33 c249 | c1e8 1649 | 83f8 000f | 855a 1e00 | 0045 0fbe | 4740 4585 
  0x0000021901587a44: c00f 8564 | 1e00 004c | 8bd3 49c1 | ea03 4489 | 5030 4c8b | c04c 33c3 | 49c1 e816 | 4983 f800 
  0x0000021901587a64: 0f85 651e | 0000 450f | be47 4045 | 85c0 0f85 | 6f1e 0000 | 4d8b d149 | c1ea 0344 | 8950 344c 
  0x0000021901587a84: 8bc0 4d33 | c149 c1e8 | 1649 83f8 | 000f 8570 

  0x0000021901587a94: ;   {metadata(method data for {method} {0x0000021981d83dc0} 'evalAndAwait' '(Lkotlin/jvm/functions/Function1;Lkotlin/coroutines/Continuation;)Ljava/lang/Object;' in 'com/dokar/quickjs/QuickJs')}
  0x0000021901587a94: 1e00 0049 | b848 89e5 | 8119 0200 | 0049 8380 | f803 0000 

  0x0000021901587aa8: ;   {metadata(method data for {method} {0x000002191b4419d8} 'nullOutSpilledVariable' '(Ljava/lang/Object;)Ljava/lang/Object;' in 'kotlin/coroutines/jvm/internal/SpillingKt')}
  0x0000021901587aa8: 0149 b840 | 828b 8019 | 0200 0045 | 8b98 cc00 | 0000 4183 | c302 4589 | 98cc 0000 | 0041 81e3 
  0x0000021901587ac8: feff 1f00 | 4585 db0f | 844a 1e00 | 0045 0fbe | 4740 4585 | c00f 855d | 1e00 00c7 | 4038 0000 
  0x0000021901587ae8: 0000 8978 | 18c7 401c | 0000 0000 | c740 2000 | 0000 00c7 | 4028 0300 | 0000 4d85 | c90f 842a 
  0x0000021901587b08: ;   {metadata('kotlinx/coroutines/sync/MutexImpl')}
  0x0000021901587b08: 0000 0049 | bef8 0815 | 0008 0000 | 0045 8b69 | 0849 ba00 | 0000 0008 | 0000 004d | 03ea 4d3b 
  0x0000021901587b28: 7540 0f85 | 301e 0000 | e900 0000 | 004d 8bc1 

  0x0000021901587b38: ; implicit exception: dispatches to 0x0000021901589965
  0x0000021901587b38: 493b 014d 

  0x0000021901587b3c: ;   {metadata(method data for {method} {0x0000021981d83dc0} 'evalAndAwait' '(Lkotlin/jvm/functions/Function1;Lkotlin/coroutines/Continuation;)Ljava/lang/Object;' in 'com/dokar/quickjs/QuickJs')}
  0x0000021901587b3c: 8bc1 49bb | 4889 e581 | 1902 0000 

  0x0000021901587b48: ;   {metadata('kotlinx/coroutines/sync/MutexImpl')}
  0x0000021901587b48: 49ba f808 | 1500 0800 | 0000 4d89 | 9318 0400 | 0049 8383 | 2004 0000 

  0x0000021901587b60: ;   {metadata(method data for {method} {0x000002191ac19cb0} 'lock' '(Ljava/lang/Object;Lkotlin/coroutines/Continuation;)Ljava/lang/Object;' in 'kotlinx/coroutines/sync/MutexImpl')}
  0x0000021901587b60: 0149 b848 | f695 8019 | 0200 0045 | 8b98 cc00 | 0000 4183 | c302 4589 | 98cc 0000 | 0041 81e3 
  0x0000021901587b80: feff 1f00 | 4585 db0f | 84dd 1d00 

  0x0000021901587b8c: ;   {metadata(method data for {method} {0x000002191ac19cb0} 'lock' '(Ljava/lang/Object;Lkotlin/coroutines/Continuation;)Ljava/lang/Object;' in 'kotlinx/coroutines/sync/MutexImpl')}
  0x0000021901587b8c: 0049 b848 | f695 8019 | 0200 0049 | 8380 1001 

  0x0000021901587b9c: ;   {metadata(method data for {method} {0x000002191ac19da8} 'lock$suspendImpl' '(Lkotlinx/coroutines/sync/MutexImpl;Ljava/lang/Object;Lkotlin/coroutines/Continuation;)Ljava/lang/Object;' in 'kotlinx/coroutines/sync/MutexImpl')}
  0x0000021901587b9c: 0000 0149 | b8b8 f795 | 8019 0200 | 0045 8b98 | cc00 0000 | 4183 c302 | 4589 98cc | 0000 0041 
  0x0000021901587bbc: 81e3 feff | 1f00 4585 | db0f 84c0 | 1d00 004d 

  0x0000021901587bcc: ;   {metadata(method data for {method} {0x000002191ac19da8} 'lock$suspendImpl' '(Lkotlinx/coroutines/sync/MutexImpl;Ljava/lang/Object;Lkotlin/coroutines/Continuation;)Ljava/lang/Object;' in 'kotlinx/coroutines/sync/MutexImpl')}
  0x0000021901587bcc: 8bc1 49bb | b8f7 9580 | 1902 0000 | 4983 8328 | 0100 0001 

  0x0000021901587be0: ;   {oop(nullptr)}
  0x0000021901587be0: 49b8 0000 | 0000 0000 | 0000 4889 | 9424 0801 | 0000 498b | d148 899c | 2400 0100 | 0089 bc24 
  0x0000021901587c00: f000 0000 | 4889 8424 | c800 0000 | 4c89 8c24 | e800 0000 

  0x0000021901587c14: ;   {optimized virtual_call}
  0x0000021901587c14: 6666 90e8 

  0x0000021901587c18: ; ImmutableOopMap {[184]=Oop [200]=Oop [232]=Oop [248]=Oop [256]=Oop [264]=Oop }
                      ;*invokevirtual tryLock {reexecute=0 rethrow=0 return_oop=0}
                      ; - kotlinx.coroutines.sync.MutexImpl::lock$suspendImpl@2 (line 167)
                      ; - kotlinx.coroutines.sync.MutexImpl::lock@3
                      ; - com.dokar.quickjs.QuickJs::evalAndAwait@348 (line 706)
  0x0000021901587c18: 2443 5d06 

  0x0000021901587c1c: ;   {other}
  0x0000021901587c1c: 0f1f 8400 | 8c30 0005 

  0x0000021901587c24: ;   {metadata(method data for {method} {0x000002191ac19da8} 'lock$suspendImpl' '(Lkotlinx/coroutines/sync/MutexImpl;Ljava/lang/Object;Lkotlin/coroutines/Continuation;)Ljava/lang/Object;' in 'kotlinx/coroutines/sync/MutexImpl')}
  0x0000021901587c24: 85c0 49b8 | b8f7 9580 | 1902 0000 | 49c7 c148 | 0100 0074 | 0749 c7c1 | 5801 0000 | 4b8b 1408 
  0x0000021901587c44: 488d 5201 | 4b89 1408 | 0f84 0f00 

  0x0000021901587c50: ;   {oop(a 'kotlin/Unit'{0x0000000689669278})}
  0x0000021901587c50: 0000 48be | 7892 6689 | 0600 0000 | e9c9 0000 | 004c 8b8c | 24e8 0000 

  0x0000021901587c68: ;   {metadata(method data for {method} {0x000002191ac19da8} 'lock$suspendImpl' '(Lkotlinx/coroutines/sync/MutexImpl;Ljava/lang/Object;Lkotlin/coroutines/Continuation;)Ljava/lang/Object;' in 'kotlinx/coroutines/sync/MutexImpl')}
  0x0000021901587c68: 0049 b8b8 | f795 8019 | 0200 0049 | 8380 6801 

  0x0000021901587c78: ;   {oop(nullptr)}
  0x0000021901587c78: 0000 0149 | b800 0000 | 0000 0000 | 004c 8b8c | 24c8 0000 | 0048 8b94 | 24e8 0000 

  0x0000021901587c94: ;   {optimized virtual_call}
  0x0000021901587c94: 0066 90e8 

  0x0000021901587c98: ; ImmutableOopMap {[184]=Oop [200]=Oop [232]=Oop [248]=Oop [256]=Oop [264]=Oop }
                      ;*invokespecial lockSuspend {reexecute=0 rethrow=0 return_oop=0}
                      ; - kotlinx.coroutines.sync.MutexImpl::lock$suspendImpl@15 (line 168)
                      ; - kotlinx.coroutines.sync.MutexImpl::lock@3
                      ; - com.dokar.quickjs.QuickJs::evalAndAwait@348 (line 706)
  0x0000021901587c98: e46d ff05 

  0x0000021901587c9c: ;   {other}
  0x0000021901587c9c: 0f1f 8400 | 0c31 0006 

  0x0000021901587ca4: ;   {metadata(method data for {method} {0x000002191ac19da8} 'lock$suspendImpl' '(Lkotlinx/coroutines/sync/MutexImpl;Ljava/lang/Object;Lkotlin/coroutines/Continuation;)Ljava/lang/Object;' in 'kotlinx/coroutines/sync/MutexImpl')}
  0x0000021901587ca4: 49b8 b8f7 | 9580 1902 | 0000 4983 | 8078 0100 

  0x0000021901587cb4: ;   {metadata(method data for {method} {0x000002191b00a5d0} 'getCOROUTINE_SUSPENDED' '()Ljava/lang/Object;' in 'kotlin/coroutines/intrinsics/IntrinsicsKt__IntrinsicsKt')}
  0x0000021901587cb4: 0001 49b8 | 4851 0d1c | 1902 0000 | 418b 90cc | 0000 0083 | c202 4189 | 90cc 0000 | 0081 e2fe 
  0x0000021901587cd4: ff1f 0085 | d20f 84cd 

  0x0000021901587cdc: ;   {oop(a 'kotlin/coroutines/intrinsics/CoroutineSingletons'{0x00000006898fe440})}
  0x0000021901587cdc: 1c00 0049 | b840 e48f | 8906 0000 | 0049 3bc0 

  0x0000021901587cec: ;   {metadata(method data for {method} {0x000002191ac19da8} 'lock$suspendImpl' '(Lkotlinx/coroutines/sync/MutexImpl;Ljava/lang/Object;Lkotlin/coroutines/Continuation;)Ljava/lang/Object;' in 'kotlinx/coroutines/sync/MutexImpl')}
  0x0000021901587cec: 49b8 b8f7 | 9580 1902 | 0000 48c7 | c288 0100 | 0075 0748 | c7c2 9801 | 0000 498b | 3410 488d 
  0x0000021901587d0c: 7601 4989 | 3410 0f85 | 0800 0000 | 488b f0e9 | 0a00 0000 

  0x0000021901587d20: ;   {oop(a 'kotlin/Unit'{0x0000000689669278})}
  0x0000021901587d20: 48be 7892 | 6689 0600 

  0x0000021901587d28: ;   {oop(a 'kotlin/coroutines/intrinsics/CoroutineSingletons'{0x00000006898fe440})}
  0x0000021901587d28: 0000 49b8 | 40e4 8f89 | 0600 0000 

  0x0000021901587d34: ;   {metadata(method data for {method} {0x0000021981d83dc0} 'evalAndAwait' '(Lkotlin/jvm/functions/Function1;Lkotlin/coroutines/Continuation;)Ljava/lang/Object;' in 'com/dokar/quickjs/QuickJs')}
  0x0000021901587d34: 493b f049 | b848 89e5 | 8119 0200 | 0048 c7c2 | 5004 0000 | 7407 48c7 | c240 0400 | 0049 8b3c 
  0x0000021901587d54: 1048 8d7f | 0149 893c | 100f 8472 | 0b00 004c | 8b8c 24e8 | 0000 008b | bc24 f000 | 0000 488b 
  0x0000021901587d74: 9424 f800 | 0000 488b | 9c24 0001 | 0000 4c8b | ac24 0801 | 0000 4c8b | 8424 c800 | 0000 488b 
  0x0000021901587d94: cf48 8bc2 | 4c8b dbbf | 0000 0000 

  0x0000021901587da0: ;   {oop(nullptr)}
  0x0000021901587da0: 48be 0000 | 0000 0000 | 0000 bb00 | 0000 0048 | 89b4 2410 | 0100 0048 | 8984 2428 | 0100 0048 
  0x0000021901587dc0: 8b84 24c8 

  0x0000021901587dc4: ;   {metadata(method data for {method} {0x0000021981d83dc0} 'evalAndAwait' '(Lkotlin/jvm/functions/Function1;Lkotlin/coroutines/Continuation;)Ljava/lang/Object;' in 'com/dokar/quickjs/QuickJs')}
  0x0000021901587dc4: 0000 0048 | ba48 89e5 | 8119 0200 | 0048 8382 | 5005 0000 

  0x0000021901587dd8: ;   {metadata(method data for {method} {0x000002191b4419d8} 'nullOutSpilledVariable' '(Ljava/lang/Object;)Ljava/lang/Object;' in 'kotlin/coroutines/jvm/internal/SpillingKt')}
  0x0000021901587dd8: 0148 ba40 | 828b 8019 | 0200 008b | b2cc 0000 | 0083 c602 | 89b2 cc00 | 0000 81e6 | feff 1f00 
  0x0000021901587df8: 85f6 0f84 | cd1b 0000 | 450f be47 | 4045 85c0 | 0f85 e01b | 0000 c740 | 2c00 0000 | 0045 0fbe 
  0x0000021901587e18: 4740 4585 | c00f 85eb | 1b00 004d | 8bd3 49c1 | ea03 4489 | 5030 4c8b | c04d 33c3 | 49c1 e816 
  0x0000021901587e38: 4983 f800 | 0f85 ec1b | 0000 450f | be47 4045 | 85c0 0f85 | f61b 0000 | 4d8b d149 | c1ea 0344 
  0x0000021901587e58: 8950 344c | 8bc0 4d33 | c149 c1e8 | 1649 83f8 | 000f 85f7 

  0x0000021901587e6c: ;   {metadata(method data for {method} {0x0000021981d83dc0} 'evalAndAwait' '(Lkotlin/jvm/functions/Function1;Lkotlin/coroutines/Continuation;)Ljava/lang/Object;' in 'com/dokar/quickjs/QuickJs')}
  0x0000021901587e6c: 1b00 0049 | b848 89e5 | 8119 0200 | 0049 8380 | 6005 0000 

  0x0000021901587e80: ;   {metadata(method data for {method} {0x000002191b4419d8} 'nullOutSpilledVariable' '(Ljava/lang/Object;)Ljava/lang/Object;' in 'kotlin/coroutines/jvm/internal/SpillingKt')}
  0x0000021901587e80: 0149 b840 | 828b 8019 | 0200 0041 | 8b90 cc00 | 0000 83c2 | 0241 8990 | cc00 0000 | 81e2 feff 
  0x0000021901587ea0: 1f00 85d2 | 0f84 d41b | 0000 450f | be47 4045 | 85c0 0f85 | e71b 0000 | c740 3800 | 0000 0089 
  0x0000021901587ec0: 4818 8958 | 1c89 7820 | c740 2400 | 0000 00c7 | 4028 0400 | 0000 493b | 4500 4d8b 

  0x0000021901587edc: ;   {metadata(method data for {method} {0x0000021981d83dc0} 'evalAndAwait' '(Lkotlin/jvm/functions/Function1;Lkotlin/coroutines/Continuation;)Ljava/lang/Object;' in 'com/dokar/quickjs/QuickJs')}
  0x0000021901587edc: c548 ba48 | 89e5 8119 | 0200 0045 | 8b40 0849 | ba00 0000 | 0008 0000 | 004d 03c2 | 4c3b 8280 
  0x0000021901587efc: 0500 0075 | 0d48 8382 | 8805 0000 | 01e9 6000 | 0000 4c3b | 8290 0500 | 0075 0d48 | 8382 9805 
  0x0000021901587f1c: 0000 01e9 | 4a00 0000 | 4883 ba80 | 0500 0000 | 7517 4c89 | 8280 0500 | 0048 c782 | 8805 0000 
  0x0000021901587f3c: 0100 0000 | e929 0000 | 0048 83ba | 9005 0000 | 0075 174c | 8982 9005 | 0000 48c7 | 8298 0500 
  0x0000021901587f5c: 0001 0000 | 00e9 0800 | 0000 4883 | 8270 0500 | 0001 4c8b | c049 8bd5 | 4889 8424 | c800 0000 
  0x0000021901587f7c: 4c89 ac24 | 3801 0000 | 4c89 9c24 | 3001 0000 | 898c 2420 | 0100 0089 | 9c24 f400 | 0000 4c89 
  0x0000021901587f9c: 8c24 1801 | 0000 6666 | 9048 b8ff | ffff ffff 

  0x0000021901587fac: ;   {virtual_call}
  0x0000021901587fac: ffff ffe8 

  0x0000021901587fb0: ; ImmutableOopMap {[184]=Oop [200]=Oop [272]=Oop [280]=Oop [296]=Oop [304]=Oop [312]=Oop }
                      ;*invokeinterface invoke {reexecute=0 rethrow=0 return_oop=0}
                      ; - com.dokar.quickjs.QuickJs::evalAndAwait@511 (line 328)
  0x0000021901587fb0: 6c3e ff05 

  0x0000021901587fb4: ;   {other}
  0x0000021901587fb4: 0f1f 8400 | 2434 0007 

  0x0000021901587fbc: ;   {oop(a 'kotlin/coroutines/intrinsics/CoroutineSingletons'{0x00000006898fe440})}
  0x0000021901587fbc: 49b8 40e4 | 8f89 0600 | 0000 493b 

  0x0000021901587fc8: ;   {metadata(method data for {method} {0x0000021981d83dc0} 'evalAndAwait' '(Lkotlin/jvm/functions/Function1;Lkotlin/coroutines/Continuation;)Ljava/lang/Object;' in 'com/dokar/quickjs/QuickJs')}
  0x0000021901587fc8: c049 b848 | 89e5 8119 | 0200 0048 | c7c2 b805 | 0000 7407 | 48c7 c2a8 | 0500 0049 | 8b34 1048 
  0x0000021901587fe8: 8d76 0149 | 8934 100f | 84c0 0800 | 0048 8bb4 | 2410 0100 | 004c 8b8c | 2418 0100 | 008b 9c24 
  0x0000021901588008: f400 0000 | 448b 8424 | 2001 0000 | 4c8b 9c24 | 2801 0000 | 4c8b ac24 | 3001 0000 | 4c8b b424 
  0x0000021901588028: 3801 0000 | 488b d649 | 8bc9 488b | fb49 8bd8 | 4d8b c54d | 8bce 488b | f089 bc24 | 4801 0000 
  0x0000021901588048: 899c 2424 | 0100 004c | 899c 2450 | 0100 004c | 8984 2440 | 0100 004c | 898c 2458 | 0100 0048 
  0x0000021901588068: 85c9 0f84 | 2a00 0000 

  0x0000021901588070: ;   {metadata('kotlinx/coroutines/sync/MutexImpl')}
  0x0000021901588070: 49be f808 | 1500 0800 | 0000 448b | 6908 49ba | 0000 0000 | 0800 0000 | 4d03 ea4d | 3b75 400f 
  0x0000021901588090: 852f 1a00 | 00e9 0000 | 0000 488b | f148 3b01 

  0x00000219015880a0: ;   {metadata(method data for {method} {0x0000021981d83dc0} 'evalAndAwait' '(Lkotlin/jvm/functions/Function1;Lkotlin/coroutines/Continuation;)Ljava/lang/Object;' in 'com/dokar/quickjs/QuickJs')}
  0x00000219015880a0: 488b f148 | b848 89e5 | 8119 0200 

  0x00000219015880ac: ;   {metadata('kotlinx/coroutines/sync/MutexImpl')}
  0x00000219015880ac: 0049 baf8 | 0815 0008 | 0000 004c | 8990 c806 | 0000 4883 | 80d0 0600 | 0001 4c8b | c248 8bd1 
  0x00000219015880cc: ;   {optimized virtual_call}
  0x00000219015880cc: 6666 90e8 

  0x00000219015880d0: ; ImmutableOopMap {[184]=Oop [200]=Oop [320]=Oop [336]=Oop [344]=Oop }
                      ;*invokeinterface unlock {reexecute=0 rethrow=0 return_oop=0}
                      ; - com.dokar.quickjs.QuickJs::evalAndAwait@613 (line 710)
  0x00000219015880d0: 2c0d 55ff 

  0x00000219015880d4: ;   {other}
  0x00000219015880d4: 0f1f 8400 | 4435 0008 

  0x00000219015880dc: ;   {metadata(method data for {method} {0x0000021981d83dc0} 'evalAndAwait' '(Lkotlin/jvm/functions/Function1;Lkotlin/coroutines/Continuation;)Ljava/lang/Object;' in 'com/dokar/quickjs/QuickJs')}
  0x00000219015880dc: 49b8 4889 | e581 1902 | 0000 41ff | 80f0 0600 | 008b bc24 | 4801 0000 | 8b9c 2424 | 0100 004c 
  0x00000219015880fc: 8b84 2440 | 0100 0048 | 8b84 24c8 

  0x0000021901588108: ;   {metadata(method data for {method} {0x0000021981d83dc0} 'evalAndAwait' '(Lkotlin/jvm/functions/Function1;Lkotlin/coroutines/Continuation;)Ljava/lang/Object;' in 'com/dokar/quickjs/QuickJs')}
  0x0000021901588108: 0000 0048 | ba48 89e5 | 8119 0200 | 0048 8382 | 4007 0000 

  0x000002190158811c: ;   {metadata(method data for {method} {0x000002191b4419d8} 'nullOutSpilledVariable' '(Ljava/lang/Object;)Ljava/lang/Object;' in 'kotlin/coroutines/jvm/internal/SpillingKt')}
  0x000002190158811c: 0148 ba40 | 828b 8019 | 0200 008b | b2cc 0000 | 0083 c602 | 89b2 cc00 | 0000 81e6 | feff 1f00 
  0x000002190158813c: 85f6 0f84 | 8a19 0000 | 410f be57 | 4085 d20f | 859e 1900 | 00c7 402c | 0000 0000 | 410f be57 
  0x000002190158815c: 4085 d20f | 85a9 1900 | 004d 8bd0 | 49c1 ea03 | 4489 5030 | 488b d049 | 33d0 48c1 | ea16 4883 
  0x000002190158817c: fa00 0f85 | a919 0000 | 410f be57 | 4085 d20f | 85b4 1900 | 00c7 4034 | 0000 0000 | 410f be57 
  0x000002190158819c: 4085 d20f | 85bf 1900 | 00c7 4038 | 0000 0000 | 8958 1889 | 781c c740 | 2805 0000 | 0048 8b94 
  0x00000219015881bc: 24b8 0000 

  0x00000219015881c0: ;   {metadata(method data for {method} {0x0000021981d83dc0} 'evalAndAwait' '(Lkotlin/jvm/functions/Function1;Lkotlin/coroutines/Continuation;)Ljava/lang/Object;' in 'com/dokar/quickjs/QuickJs')}
  0x00000219015881c0: 0048 be48 | 89e5 8119 | 0200 0048 | 8386 5007 | 0000 014c | 8984 2440 | 0100 004c | 8bc0 488b 
  0x00000219015881e0: 9424 b800 | 0000 4889 | 8424 c800 | 0000 899c | 2424 0100 | 0089 bc24 | 4801 0000 

  0x00000219015881fc: ;   {optimized virtual_call}
  0x00000219015881fc: 6666 90e8 

  0x0000021901588200: ; ImmutableOopMap {[184]=Oop [200]=Oop [320]=Oop [336]=Oop [344]=Oop }
                      ;*invokespecial awaitAsyncJobs {reexecute=0 rethrow=0 return_oop=0}
                      ; - com.dokar.quickjs.QuickJs::evalAndAwait@687 (line 329)
  0x0000021901588200: 7cba 1300 

  0x0000021901588204: ;   {other}
  0x0000021901588204: 0f1f 8400 | 7436 0009 

  0x000002190158820c: ;   {oop(a 'kotlin/coroutines/intrinsics/CoroutineSingletons'{0x00000006898fe440})}
  0x000002190158820c: 49b8 40e4 | 8f89 0600 | 0000 493b 

  0x0000021901588218: ;   {metadata(method data for {method} {0x0000021981d83dc0} 'evalAndAwait' '(Lkotlin/jvm/functions/Function1;Lkotlin/coroutines/Continuation;)Ljava/lang/Object;' in 'com/dokar/quickjs/QuickJs')}
  0x0000021901588218: c049 b848 | 89e5 8119 | 0200 0048 | c7c2 7007 | 0000 7407 | 48c7 c260 | 0700 0049 | 8b34 1048 
  0x0000021901588238: 8d76 0149 | 8934 100f | 8450 0600 | 008b bc24 | 4801 0000 | 8b9c 2424 | 0100 004c | 8b9c 2450 
  0x0000021901588258: 0100 004c | 8b84 2440 | 0100 0048 | 8b94 2458 | 0100 004d | 8bcb 498b | c84c 8bc2 | 488b f04c 
  0x0000021901588278: 898c 2468 | 0100 0048 | 8b84 24c8 | 0000 0048 | 8b94 24b8 | 0000 008b | 7254 48c1 

  0x0000021901588294: ;   {metadata(method data for {method} {0x0000021981d83dc0} 'evalAndAwait' '(Lkotlin/jvm/functions/Function1;Lkotlin/coroutines/Continuation;)Ljava/lang/Object;' in 'com/dokar/quickjs/QuickJs')}
  0x0000021901588294: e603 49b8 | 4889 e581 | 1902 0000 | 4983 8000 | 0800 0001 

  0x00000219015882a8: ;   {metadata(method data for {method} {0x000002191b4419d8} 'nullOutSpilledVariable' '(Ljava/lang/Object;)Ljava/lang/Object;' in 'kotlin/coroutines/jvm/internal/SpillingKt')}
  0x00000219015882a8: 49b8 4082 | 8b80 1902 | 0000 458b | 98cc 0000 | 0041 83c3 | 0245 8998 | cc00 0000 | 4181 e3fe 
  0x00000219015882c8: ff1f 0045 | 85db 0f84 | af18 0000 | 450f be47 | 4045 85c0 | 0f85 c218 | 0000 c740 | 2c00 0000 
  0x00000219015882e8: 0045 0fbe | 4740 4585 | c00f 85cd | 1800 004c | 8bd1 49c1 | ea03 4489 | 5030 4c8b | c04c 33c1 
  0x0000021901588308: 49c1 e816 | 4983 f800 | 0f85 ce18 | 0000 450f | be47 4045 | 85c0 0f85 | d818 0000 | 4c8b d649 
  0x0000021901588328: c1ea 0344 | 8950 344c | 8bc0 4c33 | c649 c1e8 | 1649 83f8 | 000f 85d9 

  0x0000021901588340: ;   {metadata(method data for {method} {0x0000021981d83dc0} 'evalAndAwait' '(Lkotlin/jvm/functions/Function1;Lkotlin/coroutines/Continuation;)Ljava/lang/Object;' in 'com/dokar/quickjs/QuickJs')}
  0x0000021901588340: 1800 0049 | b848 89e5 | 8119 0200 | 0049 8380 | 1008 0000 

  0x0000021901588354: ;   {metadata(method data for {method} {0x000002191b4419d8} 'nullOutSpilledVariable' '(Ljava/lang/Object;)Ljava/lang/Object;' in 'kotlin/coroutines/jvm/internal/SpillingKt')}
  0x0000021901588354: 0149 b840 | 828b 8019 | 0200 0045 | 8b98 cc00 | 0000 4183 | c302 4589 | 98cc 0000 | 0041 81e3 
  0x0000021901588374: feff 1f00 | 4585 db0f | 84b3 1800 | 0045 0fbe | 4740 4585 | c00f 85c6 | 1800 00c7 | 4038 0000 
  0x0000021901588394: 0000 8958 | 1889 781c | c740 2000 | 0000 00c7 | 4028 0600 | 0000 4885 | f60f 8429 

  0x00000219015883b0: ;   {metadata('kotlinx/coroutines/sync/MutexImpl')}
  0x00000219015883b0: 0000 0049 | bbf8 0815 | 0008 0000 | 008b 5e08 | 49ba 0000 | 0000 0800 | 0000 4903 | da4c 3b5b 
  0x00000219015883d0: 400f 859e | 1800 00e9 | 0000 0000 | 4c8b c648 | 3b06 4c8b 

  0x00000219015883e4: ;   {metadata(method data for {method} {0x0000021981d83dc0} 'evalAndAwait' '(Lkotlin/jvm/functions/Function1;Lkotlin/coroutines/Continuation;)Ljava/lang/Object;' in 'com/dokar/quickjs/QuickJs')}
  0x00000219015883e4: c648 bf48 | 89e5 8119 

  0x00000219015883ec: ;   {metadata('kotlinx/coroutines/sync/MutexImpl')}
  0x00000219015883ec: 0200 0049 | baf8 0815 | 0008 0000 | 004c 8997 | 3008 0000 | 4883 8738 | 0800 0001 

  0x0000021901588408: ;   {metadata(method data for {method} {0x000002191ac19cb0} 'lock' '(Ljava/lang/Object;Lkotlin/coroutines/Continuation;)Ljava/lang/Object;' in 'kotlinx/coroutines/sync/MutexImpl')}
  0x0000021901588408: 49b8 48f6 | 9580 1902 | 0000 418b | b8cc 0000 | 0083 c702 | 4189 b8cc | 0000 0081 | e7fe ff1f 
  0x0000021901588428: 0085 ff0f | 844e 1800 

  0x0000021901588430: ;   {metadata(method data for {method} {0x000002191ac19cb0} 'lock' '(Ljava/lang/Object;Lkotlin/coroutines/Continuation;)Ljava/lang/Object;' in 'kotlinx/coroutines/sync/MutexImpl')}
  0x0000021901588430: 0049 b848 | f695 8019 | 0200 0049 | 8380 1001 

  0x0000021901588440: ;   {metadata(method data for {method} {0x000002191ac19da8} 'lock$suspendImpl' '(Lkotlinx/coroutines/sync/MutexImpl;Ljava/lang/Object;Lkotlin/coroutines/Continuation;)Ljava/lang/Object;' in 'kotlinx/coroutines/sync/MutexImpl')}
  0x0000021901588440: 0000 0149 | b8b8 f795 | 8019 0200 | 0041 8bb8 | cc00 0000 | 83c7 0241 | 89b8 cc00 | 0000 81e7 
  0x0000021901588460: feff 1f00 | 85ff 0f84 | 3418 0000 

  0x000002190158846c: ;   {metadata(method data for {method} {0x000002191ac19da8} 'lock$suspendImpl' '(Lkotlinx/coroutines/sync/MutexImpl;Ljava/lang/Object;Lkotlin/coroutines/Continuation;)Ljava/lang/Object;' in 'kotlinx/coroutines/sync/MutexImpl')}
  0x000002190158846c: 4c8b c648 | bfb8 f795 | 8019 0200 | 0048 8387 | 2801 0000 

  0x0000021901588480: ;   {oop(nullptr)}
  0x0000021901588480: 0149 b800 | 0000 0000 | 0000 0048 | 8bd6 4889 | 8c24 7001 | 0000 4889 | 8424 c800 | 0000 4889 
  0x00000219015884a0: b424 6001 

  0x00000219015884a4: ;   {optimized virtual_call}
  0x00000219015884a4: 0000 90e8 

  0x00000219015884a8: ; ImmutableOopMap {[184]=Oop [200]=Oop [352]=Oop [360]=Oop [368]=Oop }
                      ;*invokevirtual tryLock {reexecute=0 rethrow=0 return_oop=0}
                      ; - kotlinx.coroutines.sync.MutexImpl::lock$suspendImpl@2 (line 167)
                      ; - kotlinx.coroutines.sync.MutexImpl::lock@3
                      ; - com.dokar.quickjs.QuickJs::evalAndAwait@827 (line 717)
  0x00000219015884a8: d465 ff05 

  0x00000219015884ac: ;   {other}
  0x00000219015884ac: 0f1f 8400 | 1c39 000a 

  0x00000219015884b4: ;   {metadata(method data for {method} {0x000002191ac19da8} 'lock$suspendImpl' '(Lkotlinx/coroutines/sync/MutexImpl;Ljava/lang/Object;Lkotlin/coroutines/Continuation;)Ljava/lang/Object;' in 'kotlinx/coroutines/sync/MutexImpl')}
  0x00000219015884b4: 85c0 49b8 | b8f7 9580 | 1902 0000 | 49c7 c148 | 0100 0074 | 0749 c7c1 | 5801 0000 | 4b8b 1408 
  0x00000219015884d4: 488d 5201 | 4b89 1408 | 0f84 0f00 

  0x00000219015884e0: ;   {oop(a 'kotlin/Unit'{0x0000000689669278})}
  0x00000219015884e0: 0000 48be | 7892 6689 | 0600 0000 | e9cc 0000 | 0048 8bb4 | 2460 0100 

  0x00000219015884f8: ;   {metadata(method data for {method} {0x000002191ac19da8} 'lock$suspendImpl' '(Lkotlinx/coroutines/sync/MutexImpl;Ljava/lang/Object;Lkotlin/coroutines/Continuation;)Ljava/lang/Object;' in 'kotlinx/coroutines/sync/MutexImpl')}
  0x00000219015884f8: 0049 b8b8 | f795 8019 | 0200 0049 | 8380 6801 

  0x0000021901588508: ;   {oop(nullptr)}
  0x0000021901588508: 0000 0149 | b800 0000 | 0000 0000 | 004c 8b8c | 24c8 0000 | 0048 8b94 | 2460 0100 

  0x0000021901588524: ;   {optimized virtual_call}
  0x0000021901588524: 0066 90e8 

  0x0000021901588528: ; ImmutableOopMap {[184]=Oop [352]=Oop [360]=Oop [368]=Oop }
                      ;*invokespecial lockSuspend {reexecute=0 rethrow=0 return_oop=0}
                      ; - kotlinx.coroutines.sync.MutexImpl::lock$suspendImpl@15 (line 168)
                      ; - kotlinx.coroutines.sync.MutexImpl::lock@3
                      ; - com.dokar.quickjs.QuickJs::evalAndAwait@827 (line 717)
  0x0000021901588528: 5465 ff05 

  0x000002190158852c: ;   {other}
  0x000002190158852c: 0f1f 8400 | 9c39 000b 

  0x0000021901588534: ;   {metadata(method data for {method} {0x000002191ac19da8} 'lock$suspendImpl' '(Lkotlinx/coroutines/sync/MutexImpl;Ljava/lang/Object;Lkotlin/coroutines/Continuation;)Ljava/lang/Object;' in 'kotlinx/coroutines/sync/MutexImpl')}
  0x0000021901588534: 49b8 b8f7 | 9580 1902 | 0000 4983 | 8078 0100 

  0x0000021901588544: ;   {metadata(method data for {method} {0x000002191b00a5d0} 'getCOROUTINE_SUSPENDED' '()Ljava/lang/Object;' in 'kotlin/coroutines/intrinsics/IntrinsicsKt__IntrinsicsKt')}
  0x0000021901588544: 0001 49b8 | 4851 0d1c | 1902 0000 | 458b 88cc | 0000 0041 | 83c1 0245 | 8988 cc00 | 0000 4181 
  0x0000021901588564: e1fe ff1f | 0045 85c9 | 0f84 4f17 

  0x0000021901588570: ;   {oop(a 'kotlin/coroutines/intrinsics/CoroutineSingletons'{0x00000006898fe440})}
  0x0000021901588570: 0000 49b8 | 40e4 8f89 | 0600 0000 

  0x000002190158857c: ;   {metadata(method data for {method} {0x000002191ac19da8} 'lock$suspendImpl' '(Lkotlinx/coroutines/sync/MutexImpl;Ljava/lang/Object;Lkotlin/coroutines/Continuation;)Ljava/lang/Object;' in 'kotlinx/coroutines/sync/MutexImpl')}
  0x000002190158857c: 493b c049 | b8b8 f795 | 8019 0200 | 0049 c7c1 | 8801 0000 | 7507 49c7 | c198 0100 | 004b 8b14 
  0x000002190158859c: 0848 8d52 | 014b 8914 | 080f 8508 | 0000 0048 | 8bf0 e90a 

  0x00000219015885b0: ;   {oop(a 'kotlin/Unit'{0x0000000689669278})}
  0x00000219015885b0: 0000 0048 | be78 9266 | 8906 0000 

  0x00000219015885bc: ;   {oop(a 'kotlin/coroutines/intrinsics/CoroutineSingletons'{0x00000006898fe440})}
  0x00000219015885bc: 0049 b840 | e48f 8906 | 0000 0049 

  0x00000219015885c8: ;   {metadata(method data for {method} {0x0000021981d83dc0} 'evalAndAwait' '(Lkotlin/jvm/functions/Function1;Lkotlin/coroutines/Continuation;)Ljava/lang/Object;' in 'com/dokar/quickjs/QuickJs')}
  0x00000219015885c8: 3bf0 49b8 | 4889 e581 | 1902 0000 | 49c7 c168 | 0800 0074 | 0749 c7c1 | 5808 0000 | 4b8b 1408 
  0x00000219015885e8: 488d 5201 | 4b89 1408 | 0f84 7f02 | 0000 4c8b | 8424 6001 | 0000 4c8b | 8c24 6801 | 0000 488b 
  0x0000021901588608: 8c24 7001 | 0000 498b | f849 8bc1 

  0x0000021901588614: ;   {oop(nullptr)}
  0x0000021901588614: 488b d948 | be00 0000 | 0000 0000 | 0048 8b94 | 24b8 0000 | 0044 0fbe | 420c 4585 

  0x0000021901588630: ;   {metadata(method data for {method} {0x0000021981d83dc0} 'evalAndAwait' '(Lkotlin/jvm/functions/Function1;Lkotlin/coroutines/Continuation;)Ljava/lang/Object;' in 'com/dokar/quickjs/QuickJs')}
  0x0000021901588630: c049 b848 | 89e5 8119 | 0200 0049 | c7c1 7809 | 0000 7507 | 49c7 c168 | 0900 004b | 8b0c 0848 
  0x0000021901588650: 8d49 014b | 890c 0848 | 89b4 2480 | 0100 0048 | 89bc 2478 | 0100 0048 | 8984 2490 | 0100 0048 
  0x0000021901588670: 899c 2488 | 0100 000f | 85e0 0200 | 004c 8b42 | 204c 8b4a | 1048 8bca 

  0x0000021901588688: ;   {metadata(method data for {method} {0x0000021981d83dc0} 'evalAndAwait' '(Lkotlin/jvm/functions/Function1;Lkotlin/coroutines/Continuation;)Ljava/lang/Object;' in 'com/dokar/quickjs/QuickJs')}
  0x0000021901588688: 49bb 4889 | e581 1902 | 0000 4983 | 8398 0900 | 0001 488b | ca48 8bd1 | 0f1f 8000 

  0x00000219015886a4: ;   {optimized virtual_call}
  0x00000219015886a4: 0000 00e8 

  0x00000219015886a8: ; ImmutableOopMap {[184]=Oop [376]=Oop [384]=Oop [392]=Oop [400]=Oop }
                      ;*invokespecial getEvaluateResult {reexecute=0 rethrow=0 return_oop=0}
                      ; - com.dokar.quickjs.QuickJs::evalAndAwait@947 (line 332)
  0x00000219015886a8: d463 ff05 

  0x00000219015886ac: ;   {other}
  0x00000219015886ac: 0f1f 8400 | 1c3b 000c | 4889 8424 | 9801 0000 | 488b bc24 | 7801 0000 | 4885 ff0f | 8429 0000 
  0x00000219015886cc: ;   {metadata('kotlinx/coroutines/sync/MutexImpl')}
  0x00000219015886cc: 0048 bbf8 | 0815 0008 | 0000 008b | 7708 49ba | 0000 0000 | 0800 0000 | 4903 f248 | 3b5e 400f 
  0x00000219015886ec: 85f1 1500 | 00e9 0000 | 0000 4c8b | c748 3b07 

  0x00000219015886fc: ;   {metadata(method data for {method} {0x0000021981d83dc0} 'evalAndAwait' '(Lkotlin/jvm/functions/Function1;Lkotlin/coroutines/Continuation;)Ljava/lang/Object;' in 'com/dokar/quickjs/QuickJs')}
  0x00000219015886fc: 4c8b c748 | ba48 89e5 | 8119 0200 

  0x0000021901588708: ;   {metadata('kotlinx/coroutines/sync/MutexImpl')}
  0x0000021901588708: 0049 baf8 | 0815 0008 | 0000 004c | 8992 b809 | 0000 4883 | 82c0 0900 | 0001 4c8b | 8424 8001 
  0x0000021901588728: 0000 488b 

  0x000002190158872c: ;   {optimized virtual_call}
  0x000002190158872c: d766 90e8 

  0x0000021901588730: ; ImmutableOopMap {[184]=Oop [392]=Oop [400]=Oop [408]=Oop }
                      ;*invokeinterface unlock {reexecute=0 rethrow=0 return_oop=0}
                      ; - com.dokar.quickjs.QuickJs::evalAndAwait@956 (line 721)
  0x0000021901588730: 4c63 ff05 

  0x0000021901588734: ;   {other}
  0x0000021901588734: 0f1f 8400 | a43b 000d 

  0x000002190158873c: ;   {metadata(method data for {method} {0x0000021981d83dc0} 'evalAndAwait' '(Lkotlin/jvm/functions/Function1;Lkotlin/coroutines/Continuation;)Ljava/lang/Object;' in 'com/dokar/quickjs/QuickJs')}
  0x000002190158873c: 49b8 4889 | e581 1902 | 0000 41ff | 80e0 0900 | 0048 8b9c | 2488 0100 | 0048 85db | 0f84 2900 
  0x000002190158875c: ;   {metadata('kotlinx/coroutines/sync/MutexImpl')}
  0x000002190158875c: 0000 48bf | f808 1500 | 0800 0000 | 8b73 0849 | ba00 0000 | 0008 0000 | 0049 03f2 | 483b 7e40 
  0x000002190158877c: 0f85 6a15 | 0000 e900 | 0000 004c | 8bc3 483b | 034c 8bc3 

  0x0000021901588790: ;   {metadata(method data for {method} {0x0000021981d83dc0} 'evalAndAwait' '(Lkotlin/jvm/functions/Function1;Lkotlin/coroutines/Continuation;)Ljava/lang/Object;' in 'com/dokar/quickjs/QuickJs')}
  0x0000021901588790: 48ba 4889 | e581 1902 

  0x0000021901588798: ;   {metadata('kotlinx/coroutines/sync/MutexImpl')}
  0x0000021901588798: 0000 49ba | f808 1500 | 0800 0000 | 4c89 9240 | 0a00 0048 | 8382 480a | 0000 014c | 8b84 2490 
  0x00000219015887b8: 0100 0048 

  0x00000219015887bc: ;   {optimized virtual_call}
  0x00000219015887bc: 8bd3 90e8 

  0x00000219015887c0: ; ImmutableOopMap {[184]=Oop [408]=Oop }
                      ;*invokeinterface unlock {reexecute=0 rethrow=0 return_oop=0}
                      ; - com.dokar.quickjs.QuickJs::evalAndAwait@988 (line 723)
  0x00000219015887c0: bc62 ff05 

  0x00000219015887c4: ;   {other}
  0x00000219015887c4: 0f1f 8400 | 343c 000e 

  0x00000219015887cc: ;   {metadata(method data for {method} {0x0000021981d83dc0} 'evalAndAwait' '(Lkotlin/jvm/functions/Function1;Lkotlin/coroutines/Continuation;)Ljava/lang/Object;' in 'com/dokar/quickjs/QuickJs')}
  0x00000219015887cc: 48b8 4889 | e581 1902 | 0000 ff80 | 680a 0000 | 4c8b ac24 | b800 0000 

  0x00000219015887e4: ;   {metadata(method data for {method} {0x0000021981d83dc0} 'evalAndAwait' '(Lkotlin/jvm/functions/Function1;Lkotlin/coroutines/Continuation;)Ljava/lang/Object;' in 'com/dokar/quickjs/QuickJs')}
  0x00000219015887e4: 498b d548 | b848 89e5 | 8119 0200 | 0048 8380 | b80a 0000 

  0x00000219015887f8: ;   {metadata(method data for {method} {0x0000021981d84d98} 'handleException' '()V' in 'com/dokar/quickjs/QuickJs')}
  0x00000219015887f8: 0148 b8e8 | 9be5 8119 | 0200 008b | 90cc 0000 | 0083 c202 | 8990 cc00 | 0000 81e2 | feff 1f00 
  0x0000021901588818: 85d2 0f84 | d614 0000 | 418b 5548 | 48c1 e203 

  0x0000021901588828: ;   {metadata(method data for {method} {0x0000021981d84d98} 'handleException' '()V' in 'com/dokar/quickjs/QuickJs')}
  0x0000021901588828: 4885 d248 | b8e8 9be5 | 8119 0200 | 0048 c7c6 | 2001 0000 | 7507 48c7 | c610 0100 | 0048 8b3c 
  0x0000021901588848: 3048 8d7f | 0148 893c | 300f 85de | 0000 0048 | 8b84 2498 | 0100 0048 | 81c4 e001 

  0x0000021901588864: ;   {poll_return}
  0x0000021901588864: 0000 5d49 | 3ba7 5004 | 0000 0f87 | a314 0000 

  0x0000021901588874: ;   {oop(a 'kotlin/coroutines/intrinsics/CoroutineSingletons'{0x00000006898fe440})}
  0x0000021901588874: c348 b840 | e48f 8906 | 0000 0048 | 81c4 e001 

  0x0000021901588884: ;   {poll_return}
  0x0000021901588884: 0000 5d49 | 3ba7 5004 | 0000 0f87 | 9914 0000 

  0x0000021901588894: ;   {oop(a 'kotlin/coroutines/intrinsics/CoroutineSingletons'{0x00000006898fe440})}
  0x0000021901588894: c348 b840 | e48f 8906 | 0000 0048 | 81c4 e001 

  0x00000219015888a4: ;   {poll_return}
  0x00000219015888a4: 0000 5d49 | 3ba7 5004 | 0000 0f87 | 8f14 0000 

  0x00000219015888b4: ;   {oop(a 'kotlin/coroutines/intrinsics/CoroutineSingletons'{0x00000006898fe440})}
  0x00000219015888b4: c348 b840 | e48f 8906 | 0000 0048 | 81c4 e001 

  0x00000219015888c4: ;   {poll_return}
  0x00000219015888c4: 0000 5d49 | 3ba7 5004 | 0000 0f87 | 8514 0000 

  0x00000219015888d4: ;   {oop(a 'kotlin/coroutines/intrinsics/CoroutineSingletons'{0x00000006898fe440})}
  0x00000219015888d4: c348 b840 | e48f 8906 | 0000 0048 | 81c4 e001 

  0x00000219015888e4: ;   {poll_return}
  0x00000219015888e4: 0000 5d49 | 3ba7 5004 | 0000 0f87 | 7b14 0000 

  0x00000219015888f4: ;   {oop(a 'kotlin/coroutines/intrinsics/CoroutineSingletons'{0x00000006898fe440})}
  0x00000219015888f4: c348 b840 | e48f 8906 | 0000 0048 | 81c4 e001 

  0x0000021901588904: ;   {poll_return}
  0x0000021901588904: 0000 5d49 | 3ba7 5004 | 0000 0f87 | 7114 0000 

  0x0000021901588914: ;   {oop(a 'kotlin/coroutines/intrinsics/CoroutineSingletons'{0x00000006898fe440})}
  0x0000021901588914: c348 b840 | e48f 8906 | 0000 0048 | 81c4 e001 

  0x0000021901588924: ;   {poll_return}
  0x0000021901588924: 0000 5d49 | 3ba7 5004 | 0000 0f87 | 6714 0000 | c348 8b84 | 2498 0100 | 0041 0fbe | 7740 85f6 
  0x0000021901588944: 0f85 6714 | 0000 41c7 | 4548 0000 | 0000 483b | 0248 8bc2 | e939 1900 | 0066 6690 

  0x0000021901588960: ;   {no_reloc}
  0x0000021901588960: e980 1400 | 0000 0000 | 0000 498b | 87b8 0100 | 0048 8d78 | 2849 3bbf | c801 0000 | 0f87 6d14 
  0x0000021901588980: 0000 4989 | bfb8 0100 | 0048 c700 | 0100 0000 | 488b ca49 | ba00 0000 | 0008 0000 | 0049 2bca 
  0x00000219015889a0: 8948 0848 | 33c9 8948 | 0c48 33c9 | 4889 4810 | 4889 4818 | 4889 4820 

  0x00000219015889b8: ;   {metadata(method data for {method} {0x0000021981d83dc0} 'evalAndAwait' '(Lkotlin/jvm/functions/Function1;Lkotlin/coroutines/Continuation;)Ljava/lang/Object;' in 'com/dokar/quickjs/QuickJs')}
  0x00000219015889b8: 4c8b c048 | ba48 89e5 | 8119 0200 | 0048 8382 | 8809 0000 

  0x00000219015889cc: ;   {oop("Already closed."{0x00000007ff736be0})}
  0x00000219015889cc: 0149 b8e0 | 6b73 ff07 | 0000 0048 | 8bd0 4889 | 8424 a001 | 0000 0f1f 

  0x00000219015889e4: ;   {optimized virtual_call}
  0x00000219015889e4: 4400 00e8 

  0x00000219015889e8: ; ImmutableOopMap {[376]=Oop [384]=Oop [392]=Oop [400]=Oop [416]=Oop }
                      ;*invokespecial <init> {reexecute=0 rethrow=0 return_oop=0}
                      ; - com.dokar.quickjs.QuickJs::evalAndAwait@934 (line 331)
  0x00000219015889e8: 9460 ff05 

  0x00000219015889ec: ;   {other}
  0x00000219015889ec: 0f1f 8400 | 5c3e 000f | 488b 8424 

  0x00000219015889f8: ; ImmutableOopMap {rax=Oop [376]=Oop [384]=Oop [392]=Oop [400]=Oop }
                      ;*athrow {reexecute=1 rethrow=0 return_oop=0}
                      ; - (reexecute) com.dokar.quickjs.QuickJs::evalAndAwait@937 (line 331)
  0x00000219015889f8: a001 0000 

  0x00000219015889fc: ;   {section_word}
  0x00000219015889fc: 48ba fc89 | 5801 1902 

  0x0000021901588a04: ;   {runtime_call handle_exception_nofpu Runtime1 stub}
  0x0000021901588a04: 0000 e875 | df0a 0690 | 4c8b 8424 | c000 0000 | 4c8b ac24 | b800 0000 | 4885 f675 

  0x0000021901588a20: ;   {metadata(method data for {method} {0x000002191b035e90} 'throwOnFailure' '(Ljava/lang/Object;)V' in 'kotlin/ResultKt')}
  0x0000021901588a20: 1648 b898 | 5629 1c19 | 0200 0080 | 8861 0100 | 0001 e9cc 

  0x0000021901588a34: ;   {metadata('kotlin/Result$Failure')}
  0x0000021901588a34: 0000 0048 | bfd8 1c0d | 0008 0000 | 008b 5608 | 49ba 0000 | 0000 0800 | 0000 4903 | d248 3bfa 
  0x0000021901588a54: 0f85 8d00 

  0x0000021901588a58: ;   {metadata(method data for {method} {0x000002191b035e90} 'throwOnFailure' '(Ljava/lang/Object;)V' in 'kotlin/ResultKt')}
  0x0000021901588a58: 0000 48b8 | 9856 291c | 1902 0000 | 8b7e 0849 | ba00 0000 | 0008 0000 | 0049 03fa | 483b b878 
  0x0000021901588a78: 0100 0075 | 0d48 8380 | 8001 0000 | 01e9 7900 | 0000 483b | b888 0100 | 0075 0d48 | 8380 9001 
  0x0000021901588a98: 0000 01e9 | 6300 0000 | 4883 b878 | 0100 0000 | 7517 4889 | b878 0100 | 0048 c780 | 8001 0000 
  0x0000021901588ab8: 0100 0000 | e942 0000 | 0048 83b8 | 8801 0000 | 0075 1748 | 89b8 8801 | 0000 48c7 | 8090 0100 
  0x0000021901588ad8: 0001 0000 | 00e9 2100 | 0000 e91c 

  0x0000021901588ae4: ;   {metadata(method data for {method} {0x000002191b035e90} 'throwOnFailure' '(Ljava/lang/Object;)V' in 'kotlin/ResultKt')}
  0x0000021901588ae4: 0000 0048 | b898 5629 | 1c19 0200 | 0048 83a8 | 6801 0000 | 01e9 fe12 | 0000 e900 | 0000 0048 
  0x0000021901588b04: 8bc6 8b40 | 0c48 c1e0 | 0348 3b00 | e981 1700 | 0048 8984 | 24c8 0000 | 004c 8bac | 24b8 0000 
  0x0000021901588b24: 0048 85f6 

  0x0000021901588b28: ;   {metadata(method data for {method} {0x000002191b035e90} 'throwOnFailure' '(Ljava/lang/Object;)V' in 'kotlin/ResultKt')}
  0x0000021901588b28: 7516 48b9 | 9856 291c | 1902 0000 | 8089 6101 | 0000 01e9 | cd00 0000 

  0x0000021901588b40: ;   {metadata('kotlin/Result$Failure')}
  0x0000021901588b40: 49b8 d81c | 0d00 0800 | 0000 8b56 | 0849 ba00 | 0000 0008 | 0000 0049 | 03d2 4c3b | c20f 858e 
  0x0000021901588b60: ;   {metadata(method data for {method} {0x000002191b035e90} 'throwOnFailure' '(Ljava/lang/Object;)V' in 'kotlin/ResultKt')}
  0x0000021901588b60: 0000 0048 | b998 5629 | 1c19 0200 | 0044 8b46 | 0849 ba00 | 0000 0008 | 0000 004d | 03c2 4c3b 
  0x0000021901588b80: 8178 0100 | 0075 0d48 | 8381 8001 | 0000 01e9 | 7900 0000 | 4c3b 8188 | 0100 0075 | 0d48 8381 
  0x0000021901588ba0: 9001 0000 | 01e9 6300 | 0000 4883 | b978 0100 | 0000 7517 | 4c89 8178 | 0100 0048 | c781 8001 
  0x0000021901588bc0: 0000 0100 | 0000 e942 | 0000 0048 | 83b9 8801 | 0000 0075 | 174c 8981 | 8801 0000 | 48c7 8190 
  0x0000021901588be0: 0100 0001 | 0000 00e9 | 2100 0000 | e91c 0000 

  0x0000021901588bf0: ;   {metadata(method data for {method} {0x000002191b035e90} 'throwOnFailure' '(Ljava/lang/Object;)V' in 'kotlin/ResultKt')}
  0x0000021901588bf0: 0048 b998 | 5629 1c19 | 0200 0048 | 83a9 6801 | 0000 01e9 | 0712 0000 | e900 0000 | 0048 8bc6 
  0x0000021901588c10: ; implicit exception: dispatches to 0x0000021901589e18
  0x0000021901588c10: 8b40 0c48 | c1e0 0348 | 3b00 e977 | 1600 0048 | 8984 24c8 | 0000 004c | 8bac 24b8 | 0000 0048 
  0x0000021901588c30: 85f6 7517 

  0x0000021901588c34: ;   {metadata(method data for {method} {0x000002191b035e90} 'throwOnFailure' '(Ljava/lang/Object;)V' in 'kotlin/ResultKt')}
  0x0000021901588c34: 49b8 9856 | 291c 1902 | 0000 4180 | 8861 0100 | 0001 e9cd 

  0x0000021901588c48: ;   {metadata('kotlin/Result$Failure')}
  0x0000021901588c48: 0000 0049 | b9d8 1c0d | 0008 0000 | 008b 4e08 | 49ba 0000 | 0000 0800 | 0000 4903 | ca4c 3bc9 
  0x0000021901588c68: 0f85 8e00 

  0x0000021901588c6c: ;   {metadata(method data for {method} {0x000002191b035e90} 'throwOnFailure' '(Ljava/lang/Object;)V' in 'kotlin/ResultKt')}
  0x0000021901588c6c: 0000 49b8 | 9856 291c | 1902 0000 | 448b 4e08 | 49ba 0000 | 0000 0800 | 0000 4d03 | ca4d 3b88 
  0x0000021901588c8c: 7801 0000 | 750d 4983 | 8080 0100 | 0001 e979 | 0000 004d | 3b88 8801 | 0000 750d | 4983 8090 
  0x0000021901588cac: 0100 0001 | e963 0000 | 0049 83b8 | 7801 0000 | 0075 174d | 8988 7801 | 0000 49c7 | 8080 0100 
  0x0000021901588ccc: 0001 0000 | 00e9 4200 | 0000 4983 | b888 0100 | 0000 7517 | 4d89 8888 | 0100 0049 | c780 9001 
  0x0000021901588cec: 0000 0100 | 0000 e921 | 0000 00e9 | 1c00 0000 

  0x0000021901588cfc: ;   {metadata(method data for {method} {0x000002191b035e90} 'throwOnFailure' '(Ljava/lang/Object;)V' in 'kotlin/ResultKt')}
  0x0000021901588cfc: 49b8 9856 | 291c 1902 | 0000 4983 | a868 0100 | 0001 e90f | 1100 00e9 | 0000 0000 | 488b c68b 
  0x0000021901588d1c: 400c 48c1 | e003 483b | 00e9 6c15 | 0000 4c8b | b424 d000 | 0000 89bc | 244c 0100 | 0048 85f6 
  0x0000021901588d3c: ;   {metadata(method data for {method} {0x000002191b035e90} 'throwOnFailure' '(Ljava/lang/Object;)V' in 'kotlin/ResultKt')}
  0x0000021901588d3c: 7517 49bd | 9856 291c | 1902 0000 | 4180 8d61 | 0100 0001 | e9cc 0000 

  0x0000021901588d54: ;   {metadata('kotlin/Result$Failure')}
  0x0000021901588d54: 0048 bfd8 | 1c0d 0008 | 0000 008b | 5608 49ba | 0000 0000 | 0800 0000 | 4903 d248 | 3bfa 0f85 
  0x0000021901588d74: 8d00 0000 

  0x0000021901588d78: ;   {metadata(method data for {method} {0x000002191b035e90} 'throwOnFailure' '(Ljava/lang/Object;)V' in 'kotlin/ResultKt')}
  0x0000021901588d78: 49bd 9856 | 291c 1902 | 0000 8b7e | 0849 ba00 | 0000 0008 | 0000 0049 | 03fa 493b | bd78 0100 
  0x0000021901588d98: 0075 0d49 | 8385 8001 | 0000 01e9 | 7900 0000 | 493b bd88 | 0100 0075 | 0d49 8385 | 9001 0000 
  0x0000021901588db8: 01e9 6300 | 0000 4983 | bd78 0100 | 0000 7517 | 4989 bd78 | 0100 0049 | c785 8001 | 0000 0100 
  0x0000021901588dd8: 0000 e942 | 0000 0049 | 83bd 8801 | 0000 0075 | 1749 89bd | 8801 0000 | 49c7 8590 | 0100 0001 
  0x0000021901588df8: 0000 00e9 | 2100 0000 | e91c 0000 

  0x0000021901588e04: ;   {metadata(method data for {method} {0x000002191b035e90} 'throwOnFailure' '(Ljava/lang/Object;)V' in 'kotlin/ResultKt')}
  0x0000021901588e04: 0049 bd98 | 5629 1c19 | 0200 0049 | 83ad 6801 | 0000 01e9 | 1910 0000 | e900 0000 | 0048 8bc6 
  0x0000021901588e24: ; implicit exception: dispatches to 0x0000021901589e3e
  0x0000021901588e24: 8b40 0c48 | c1e0 0348 

  0x0000021901588e2c: ; ImmutableOopMap {r14=Oop r8=Oop r9=Oop r11=Oop rsi=Oop rax=Oop [184]=Oop [200]=Oop }
                      ;*athrow {reexecute=1 rethrow=0 return_oop=0}
                      ; - (reexecute) kotlin.ResultKt::throwOnFailure@14 (line 132)
                      ; - com.dokar.quickjs.QuickJs::evalAndAwait@431 (line 323)
                      ;   {section_word}
  0x0000021901588e2c: 3b00 48ba | 2e8e 5801 | 1902 0000 

  0x0000021901588e38: ;   {runtime_call handle_exception_nofpu Runtime1 stub}
  0x0000021901588e38: e843 db0a | 0690 4889 | 8424 c800 | 0000 4885 

  0x0000021901588e48: ;   {metadata(method data for {method} {0x000002191b035e90} 'throwOnFailure' '(Ljava/lang/Object;)V' in 'kotlin/ResultKt')}
  0x0000021901588e48: f675 1749 | bb98 5629 | 1c19 0200 | 0041 808b | 6101 0000 | 01e9 cd00 

  0x0000021901588e60: ;   {metadata('kotlin/Result$Failure')}
  0x0000021901588e60: 0000 49bd | d81c 0d00 | 0800 0000 | 8b56 0849 | ba00 0000 | 0008 0000 | 0049 03d2 | 4c3b ea0f 
  0x0000021901588e80: 858e 0000 

  0x0000021901588e84: ;   {metadata(method data for {method} {0x000002191b035e90} 'throwOnFailure' '(Ljava/lang/Object;)V' in 'kotlin/ResultKt')}
  0x0000021901588e84: 0049 bb98 | 5629 1c19 | 0200 0044 | 8b6e 0849 | ba00 0000 | 0008 0000 | 004d 03ea | 4d3b ab78 
  0x0000021901588ea4: 0100 0075 | 0d49 8383 | 8001 0000 | 01e9 7900 | 0000 4d3b | ab88 0100 | 0075 0d49 | 8383 9001 
  0x0000021901588ec4: 0000 01e9 | 6300 0000 | 4983 bb78 | 0100 0000 | 7517 4d89 | ab78 0100 | 0049 c783 | 8001 0000 
  0x0000021901588ee4: 0100 0000 | e942 0000 | 0049 83bb | 8801 0000 | 0075 174d | 89ab 8801 | 0000 49c7 | 8390 0100 
  0x0000021901588f04: 0001 0000 | 00e9 2100 | 0000 e91c 

  0x0000021901588f10: ;   {metadata(method data for {method} {0x000002191b035e90} 'throwOnFailure' '(Ljava/lang/Object;)V' in 'kotlin/ResultKt')}
  0x0000021901588f10: 0000 0049 | bb98 5629 | 1c19 0200 | 0049 83ab | 6801 0000 | 01e9 1e0f | 0000 e900 | 0000 0048 
  0x0000021901588f30: 8bc6 8b40 | 0c48 c1e0 

  0x0000021901588f38: ; ImmutableOopMap {rcx=Oop r8=Oop r9=Oop rsi=Oop rax=Oop [184]=Oop [200]=Oop }
                      ;*athrow {reexecute=1 rethrow=0 return_oop=0}
                      ; - (reexecute) kotlin.ResultKt::throwOnFailure@14 (line 132)
                      ; - com.dokar.quickjs.QuickJs::evalAndAwait@601 (line 323)
  0x0000021901588f38: 0348 3b00 

  0x0000021901588f3c: ;   {section_word}
  0x0000021901588f3c: 48ba 3c8f | 5801 1902 

  0x0000021901588f44: ;   {runtime_call handle_exception_nofpu Runtime1 stub}
  0x0000021901588f44: 0000 e835 | da0a 0690 | 4c8b c848 | 85f6 7517 

  0x0000021901588f54: ;   {metadata(method data for {method} {0x000002191b035e90} 'throwOnFailure' '(Ljava/lang/Object;)V' in 'kotlin/ResultKt')}
  0x0000021901588f54: 49bb 9856 | 291c 1902 | 0000 4180 | 8b61 0100 | 0001 e9cd 

  0x0000021901588f68: ;   {metadata('kotlin/Result$Failure')}
  0x0000021901588f68: 0000 0049 | bdd8 1c0d | 0008 0000 | 008b 5608 | 49ba 0000 | 0000 0800 | 0000 4903 | d24c 3bea 
  0x0000021901588f88: 0f85 8e00 

  0x0000021901588f8c: ;   {metadata(method data for {method} {0x000002191b035e90} 'throwOnFailure' '(Ljava/lang/Object;)V' in 'kotlin/ResultKt')}
  0x0000021901588f8c: 0000 49bb | 9856 291c | 1902 0000 | 448b 6e08 | 49ba 0000 | 0000 0800 | 0000 4d03 | ea4d 3bab 
  0x0000021901588fac: 7801 0000 | 750d 4983 | 8380 0100 | 0001 e979 | 0000 004d | 3bab 8801 | 0000 750d | 4983 8390 
  0x0000021901588fcc: 0100 0001 | e963 0000 | 0049 83bb | 7801 0000 | 0075 174d | 89ab 7801 | 0000 49c7 | 8380 0100 
  0x0000021901588fec: 0001 0000 | 00e9 4200 | 0000 4983 | bb88 0100 | 0000 7517 | 4d89 ab88 | 0100 0049 | c783 9001 
  0x000002190158900c: 0000 0100 | 0000 e921 | 0000 00e9 | 1c00 0000 

  0x000002190158901c: ;   {metadata(method data for {method} {0x000002191b035e90} 'throwOnFailure' '(Ljava/lang/Object;)V' in 'kotlin/ResultKt')}
  0x000002190158901c: 49bb 9856 | 291c 1902 | 0000 4983 | ab68 0100 | 0001 e928 | 0e00 00e9 | 0000 0000 | 488b c68b 
  0x000002190158903c: 400c 48c1 | e003 483b 

  0x0000021901589044: ; ImmutableOopMap {r9=Oop rcx=Oop r8=Oop rsi=Oop rax=Oop [184]=Oop }
                      ;*athrow {reexecute=1 rethrow=0 return_oop=0}
                      ; - (reexecute) kotlin.ResultKt::throwOnFailure@14 (line 132)
                      ; - com.dokar.quickjs.QuickJs::evalAndAwait@738 (line 323)
                      ;   {section_word}
  0x0000021901589044: 0048 ba45 | 9058 0119 

  0x000002190158904c: ;   {runtime_call handle_exception_nofpu Runtime1 stub}
  0x000002190158904c: 0200 00e8 | 2cd9 0a06 | 9048 8b8c | 24b8 0000 | 0048 85f6 

  0x0000021901589060: ;   {metadata(method data for {method} {0x000002191b035e90} 'throwOnFailure' '(Ljava/lang/Object;)V' in 'kotlin/ResultKt')}
  0x0000021901589060: 7517 49b8 | 9856 291c | 1902 0000 | 4180 8861 | 0100 0001 | e9cd 0000 

  0x0000021901589078: ;   {metadata('kotlin/Result$Failure')}
  0x0000021901589078: 0049 b9d8 | 1c0d 0008 | 0000 008b | 5608 49ba | 0000 0000 | 0800 0000 | 4903 d24c | 3bca 0f85 
  0x0000021901589098: 8e00 0000 

  0x000002190158909c: ;   {metadata(method data for {method} {0x000002191b035e90} 'throwOnFailure' '(Ljava/lang/Object;)V' in 'kotlin/ResultKt')}
  0x000002190158909c: 49b8 9856 | 291c 1902 | 0000 448b | 4e08 49ba | 0000 0000 | 0800 0000 | 4d03 ca4d | 3b88 7801 
  0x00000219015890bc: 0000 750d | 4983 8080 | 0100 0001 | e979 0000 | 004d 3b88 | 8801 0000 | 750d 4983 | 8090 0100 
  0x00000219015890dc: 0001 e963 | 0000 0049 | 83b8 7801 | 0000 0075 | 174d 8988 | 7801 0000 | 49c7 8080 | 0100 0001 
  0x00000219015890fc: 0000 00e9 | 4200 0000 | 4983 b888 | 0100 0000 | 7517 4d89 | 8888 0100 | 0049 c780 | 9001 0000 
  0x000002190158911c: 0100 0000 | e921 0000 | 00e9 1c00 

  0x0000021901589128: ;   {metadata(method data for {method} {0x000002191b035e90} 'throwOnFailure' '(Ljava/lang/Object;)V' in 'kotlin/ResultKt')}
  0x0000021901589128: 0000 49b8 | 9856 291c | 1902 0000 | 4983 a868 | 0100 0001 | e92d 0d00 | 00e9 0000 | 0000 488b 
  0x0000021901589148: c68b 400c | 48c1 e003 

  0x0000021901589150: ; implicit exception: dispatches to 0x0000021901589e7c
                      ; ImmutableOopMap {rcx=Oop rdi=Oop rbx=Oop rsi=Oop rax=Oop [184]=Oop }
                      ;*athrow {reexecute=1 rethrow=0 return_oop=0}
                      ; - (reexecute) kotlin.ResultKt::throwOnFailure@14 (line 132)
                      ; - com.dokar.quickjs.QuickJs::evalAndAwait@910 (line 323)
                      ;   {section_word}
  0x0000021901589150: 483b 0048 | ba53 9158 | 0119 0200 

  0x000002190158915c: ;   {runtime_call handle_exception_nofpu Runtime1 stub}
  0x000002190158915c: 00e8 1ed8 | 0a06 900f | 1f44 0000 

  0x0000021901589168: ;   {no_reloc}
  0x0000021901589168: e923 0d00 | 0000 0000 | 0000 498b | 87b8 0100 | 0048 8d78 | 2849 3bbf | c801 0000 | 0f87 100d 
  0x0000021901589188: 0000 4989 | bfb8 0100 | 0048 c700 | 0100 0000 | 488b ca49 | ba00 0000 | 0008 0000 | 0049 2bca 
  0x00000219015891a8: 8948 0848 | 33c9 8948 | 0c48 33c9 | 4889 4810 | 4889 4818 | 4889 4820 

  0x00000219015891c0: ;   {metadata(method data for {method} {0x0000021981d83dc0} 'evalAndAwait' '(Lkotlin/jvm/functions/Function1;Lkotlin/coroutines/Continuation;)Ljava/lang/Object;' in 'com/dokar/quickjs/QuickJs')}
  0x00000219015891c0: 4c8b c048 | ba48 89e5 | 8119 0200 | 0048 8382 | c80a 0000 

  0x00000219015891d4: ;   {oop("call to 'resume' before 'invoke' with coroutine"{0x000000068b4112d0})}
  0x00000219015891d4: 0149 b8d0 | 1241 8b06 | 0000 0048 | 8bd0 4889 | 8424 a801 | 0000 0f1f 

  0x00000219015891ec: ;   {optimized virtual_call}
  0x00000219015891ec: 4400 00e8 

  0x00000219015891f0: ; ImmutableOopMap {[424]=Oop }
                      ;*invokespecial <init> {reexecute=0 rethrow=0 return_oop=0}
                      ; - com.dokar.quickjs.QuickJs::evalAndAwait@1027 (line 323)
  0x00000219015891f0: 8c58 ff05 

  0x00000219015891f4: ;   {other}
  0x00000219015891f4: 0f1f 8400 | 6446 0015 | 488b 8424 | a801 0000 | e98d 1000 | 0049 8b87 | 0005 0000 | 4d33 d24d 
  0x0000021901589214: 8997 0005 | 0000 4d33 | d24d 8997 | 0805 0000 | 4889 8424 | b001 0000 | 4885 d20f | 842a 0000 
  0x0000021901589234: ;   {metadata('kotlinx/coroutines/sync/MutexImpl')}
  0x0000021901589234: 0049 bbf8 | 0815 0008 | 0000 0044 | 8b4a 0849 | ba00 0000 | 0008 0000 | 004d 03ca | 4d3b 5940 
  0x0000021901589254: 0f85 4d0c | 0000 e900 | 0000 0048 | 8bda 483b | 0248 8bda 

  0x0000021901589268: ;   {metadata(method data for {method} {0x0000021981d83dc0} 'evalAndAwait' '(Lkotlin/jvm/functions/Function1;Lkotlin/coroutines/Continuation;)Ljava/lang/Object;' in 'com/dokar/quickjs/QuickJs')}
  0x0000021901589268: 48b9 4889 | e581 1902 

  0x0000021901589270: ;   {metadata('kotlinx/coroutines/sync/MutexImpl')}
  0x0000021901589270: 0000 49ba | f808 1500 | 0800 0000 | 4c89 9118 | 0700 0048 | 8381 2007 | 0000 010f 

  0x000002190158928c: ;   {optimized virtual_call}
  0x000002190158928c: 1f40 00e8 

  0x0000021901589290: ; ImmutableOopMap {[432]=Oop [440]=Oop [448]=Oop }
                      ;*invokeinterface unlock {reexecute=0 rethrow=0 return_oop=0}
                      ; - com.dokar.quickjs.QuickJs::evalAndAwait@627 (line 710)
  0x0000021901589290: ec57 ff05 

  0x0000021901589294: ;   {other}
  0x0000021901589294: 0f1f 8400 | 0447 0016 | 488b 8424 

  0x00000219015892a0: ; ImmutableOopMap {rax=Oop [440]=Oop [448]=Oop }
                      ;*athrow {reexecute=1 rethrow=0 return_oop=0}
                      ; - (reexecute) com.dokar.quickjs.QuickJs::evalAndAwait@634 (line 710)
  0x00000219015892a0: b001 0000 

  0x00000219015892a4: ;   {section_word}
  0x00000219015892a4: 48ba a492 | 5801 1902 

  0x00000219015892ac: ;   {runtime_call handle_exception_nofpu Runtime1 stub}
  0x00000219015892ac: 0000 e8cd | d60a 0690 | 498b 8700 | 0500 004d | 33d2 4d89 | 9700 0500 | 004d 33d2 | 4d89 9708 
  0x00000219015892cc: 0500 0048 | 8984 24c8 | 0100 0048 | 8bb4 2480 | 0100 0048 | 8bbc 2478 | 0100 0048 | 85ff 0f84 
  0x00000219015892ec: 2a00 0000 

  0x00000219015892f0: ;   {metadata('kotlinx/coroutines/sync/MutexImpl')}
  0x00000219015892f0: 49bb f808 | 1500 0800 | 0000 448b | 4f08 49ba | 0000 0000 | 0800 0000 | 4d03 ca4d | 3b59 400f 
  0x0000021901589310: 859c 0b00 | 00e9 0000 | 0000 4c8b | c748 3b07 

  0x0000021901589320: ;   {metadata(method data for {method} {0x0000021981d83dc0} 'evalAndAwait' '(Lkotlin/jvm/functions/Function1;Lkotlin/coroutines/Continuation;)Ljava/lang/Object;' in 'com/dokar/quickjs/QuickJs')}
  0x0000021901589320: 4c8b c748 | ba48 89e5 | 8119 0200 

  0x000002190158932c: ;   {metadata('kotlinx/coroutines/sync/MutexImpl')}
  0x000002190158932c: 0049 baf8 | 0815 0008 | 0000 004c | 8992 080a | 0000 4883 | 8210 0a00 | 0001 4c8b | c648 8bd7 
  0x000002190158934c: ;   {optimized virtual_call}
  0x000002190158934c: 6666 90e8 

  0x0000021901589350: ; ImmutableOopMap {[392]=Oop [400]=Oop [456]=Oop }
                      ;*invokeinterface unlock {reexecute=0 rethrow=0 return_oop=0}
                      ; - com.dokar.quickjs.QuickJs::evalAndAwait@970 (line 721)
  0x0000021901589350: 2c57 ff05 

  0x0000021901589354: ;   {other}
  0x0000021901589354: 0f1f 8400 | c447 0018 | 488b 8424 

  0x0000021901589360: ; ImmutableOopMap {rax=Oop [392]=Oop [400]=Oop }
                      ;*athrow {reexecute=1 rethrow=0 return_oop=0}
                      ; - (reexecute) com.dokar.quickjs.QuickJs::evalAndAwait@977 (line 721)
  0x0000021901589360: c801 0000 

  0x0000021901589364: ;   {section_word}
  0x0000021901589364: 48ba 6493 | 5801 1902 

  0x000002190158936c: ;   {runtime_call handle_exception_nofpu Runtime1 stub}
  0x000002190158936c: 0000 e80d | d60a 0690 | 498b 8700 | 0500 004d | 33d2 4d89 | 9700 0500 | 004d 33d2 | 4d89 9708 
  0x000002190158938c: 0500 0048 | 8984 24d0 | 0100 0048 | 85d2 0f84 | 2900 0000 

  0x00000219015893a0: ;   {metadata('kotlinx/coroutines/sync/MutexImpl')}
  0x00000219015893a0: 48b9 f808 | 1500 0800 | 0000 8b5a | 0849 ba00 | 0000 0008 | 0000 0049 | 03da 483b | 4b40 0f85 
  0x00000219015893c0: f70a 0000 | e900 0000 | 0048 8bf2 

  0x00000219015893cc: ; implicit exception: dispatches to 0x0000021901589ec0
  0x00000219015893cc: 483b 0248 

  0x00000219015893d0: ;   {metadata(method data for {method} {0x0000021981d83dc0} 'evalAndAwait' '(Lkotlin/jvm/functions/Function1;Lkotlin/coroutines/Continuation;)Ljava/lang/Object;' in 'com/dokar/quickjs/QuickJs')}
  0x00000219015893d0: 8bf2 48bf | 4889 e581 | 1902 0000 

  0x00000219015893dc: ;   {metadata('kotlinx/coroutines/sync/MutexImpl')}
  0x00000219015893dc: 49ba f808 | 1500 0800 | 0000 4c89 | 9790 0a00 | 0048 8387 | 980a 0000 

  0x00000219015893f4: ;   {optimized virtual_call}
  0x00000219015893f4: 0166 90e8 

  0x00000219015893f8: ; ImmutableOopMap {[464]=Oop }
                      ;*invokeinterface unlock {reexecute=0 rethrow=0 return_oop=0}
                      ; - com.dokar.quickjs.QuickJs::evalAndAwait@1002 (line 723)
  0x00000219015893f8: 8456 ff05 

  0x00000219015893fc: ;   {other}
  0x00000219015893fc: 0f1f 8400 | 6c48 001a | 488b 8424 | d001 0000 | e985 0e00 

  0x0000021901589410: ;   {metadata({method} {0x0000021981d83dc0} 'evalAndAwait' '(Lkotlin/jvm/functions/Function1;Lkotlin/coroutines/Continuation;)Ljava/lang/Object;' in 'com/dokar/quickjs/QuickJs')}
  0x0000021901589410: 0049 bab8 | 3dd8 8119 | 0200 004c | 8954 2408 | 48c7 0424 | ffff ffff 

  0x0000021901589428: ;   {runtime_call counter_overflow Runtime1 stub}
  0x0000021901589428: e853 0e0b 

  0x000002190158942c: ; ImmutableOopMap {rdx=Oop r8=Oop r9=Oop [184]=Oop [192]=Oop }
                      ;*synchronization entry
                      ; - com.dokar.quickjs.QuickJs::evalAndAwait@-1
  0x000002190158942c: 06e9 e4be | ffff 4c89 

  0x0000021901589434: ;   {runtime_call throw_class_cast_exception Runtime1 stub}
  0x0000021901589434: 0c24 e845 

  0x0000021901589438: ; ImmutableOopMap {rdx=Oop r8=Oop r9=Oop [184]=Oop [192]=Oop }
                      ;*checkcast {reexecute=0 rethrow=0 return_oop=0}
                      ; - com.dokar.quickjs.QuickJs::evalAndAwait@8
                      ;   {runtime_call throw_null_pointer_exception Runtime1 stub}
  0x0000021901589438: e10a 06e8 

  0x000002190158943c: ; ImmutableOopMap {rdx=Oop r8=Oop r9=Oop rsi=Oop [184]=Oop [192]=Oop }
                      ;*getfield label {reexecute=1 rethrow=0 return_oop=0}
                      ; - (reexecute) com.dokar.quickjs.QuickJs::evalAndAwait@15
  0x000002190158943c: 40bd 0a06 

  0x0000021901589440: ;   {runtime_call fast_new_instance Runtime1 stub}
  0x0000021901589440: 488b d2e8 

  0x0000021901589444: ; ImmutableOopMap {r8=Oop r9=Oop rbx=Oop [184]=Oop [192]=Oop }
                      ;*new {reexecute=0 rethrow=0 return_oop=0}
                      ; - com.dokar.quickjs.QuickJs::evalAndAwait@41
  0x0000021901589444: 38c6 0a06 | e971 c1ff 

  0x000002190158944c: ;   {metadata({method} {0x0000021981df5040} '<init>' '(Lcom/dokar/quickjs/QuickJs;Lkotlin/coroutines/Continuation;)V' in 'com/dokar/quickjs/QuickJs$evalAndAwait$1')}
  0x000002190158944c: ff49 ba38 | 50df 8119 | 0200 004c | 8954 2408 | 48c7 0424 | ffff ffff 

  0x0000021901589464: ;   {runtime_call counter_overflow Runtime1 stub}
  0x0000021901589464: e817 0e0b 

  0x0000021901589468: ; ImmutableOopMap {r8=Oop r9=Oop rbx=Oop rax=Oop [184]=Oop [192]=Oop }
                      ;*synchronization entry
                      ; - com.dokar.quickjs.QuickJs$evalAndAwait$1::<init>@-1
                      ; - com.dokar.quickjs.QuickJs::evalAndAwait@47
  0x0000021901589468: 06e9 8cc1 | ffff 8b50 | 4048 c1e2 | 0348 83fa | 000f 8488 | c1ff ff48 

  0x0000021901589480: ;   {runtime_call g1_pre_barrier_slow}
  0x0000021901589480: 8914 24e8 | f813 0b06 | e97a c1ff | ff48 83fb | 000f 848f | c1ff ff48 

  0x0000021901589498: ;   {runtime_call g1_post_barrier_slow}
  0x0000021901589498: 8904 24e8 | e016 0b06 | e981 c1ff 

  0x00000219015894a4: ;   {metadata({method} {0x000002191af7f208} '<init>' '(Lkotlin/coroutines/Continuation;)V' in 'kotlin/coroutines/jvm/internal/ContinuationImpl')}
  0x00000219015894a4: ff49 ba00 | f2f7 1a19 | 0200 004c | 8954 2408 | 48c7 0424 | ffff ffff 

  0x00000219015894bc: ;   {runtime_call counter_overflow Runtime1 stub}
  0x00000219015894bc: e8bf 0d0b 

  0x00000219015894c0: ; ImmutableOopMap {r8=Oop r9=Oop rbx=Oop rax=Oop [184]=Oop [192]=Oop }
                      ;*synchronization entry
                      ; - kotlin.coroutines.jvm.internal.ContinuationImpl::<init>@-1 (line 103)
                      ; - com.dokar.quickjs.QuickJs$evalAndAwait$1::<init>@7
                      ; - com.dokar.quickjs.QuickJs::evalAndAwait@47
  0x00000219015894c0: 06e9 9cc1 

  0x00000219015894c4: ;   {runtime_call throw_null_pointer_exception Runtime1 stub}
  0x00000219015894c4: ffff e8b5 

  0x00000219015894c8: ; ImmutableOopMap {r9=Oop [168]=Oop [184]=Oop [192]=Oop }
                      ;*invokeinterface getContext {reexecute=0 rethrow=0 return_oop=0}
                      ; - kotlin.coroutines.jvm.internal.ContinuationImpl::<init>@7 (line 103)
                      ; - com.dokar.quickjs.QuickJs$evalAndAwait$1::<init>@7
                      ; - com.dokar.quickjs.QuickJs::evalAndAwait@47
                      ;   {metadata({method} {0x000002191af7f128} '<init>' '(Lkotlin/coroutines/Continuation;Lkotlin/coroutines/CoroutineContext;)V' in 'kotlin/coroutines/jvm/internal/ContinuationImpl')}
  0x00000219015894c8: bc0a 0649 | ba20 f1f7 | 1a19 0200 | 004c 8954 | 2408 48c7 | 0424 ffff 

  0x00000219015894e0: ;   {runtime_call counter_overflow Runtime1 stub}
  0x00000219015894e0: ffff e899 

  0x00000219015894e4: ; ImmutableOopMap {rax=Oop r9=Oop rdx=Oop [184]=Oop [192]=Oop }
                      ;*synchronization entry
                      ; - kotlin.coroutines.jvm.internal.ContinuationImpl::<init>@-1 (line 97)
                      ; - kotlin.coroutines.jvm.internal.ContinuationImpl::<init>@17 (line 103)
                      ; - com.dokar.quickjs.QuickJs$evalAndAwait$1::<init>@7
                      ; - com.dokar.quickjs.QuickJs::evalAndAwait@47
  0x00000219015894e4: 0d0b 06e9 | dbc2 ffff 

  0x00000219015894ec: ;   {metadata({method} {0x000002191b000228} '<init>' '(Lkotlin/coroutines/Continuation;)V' in 'kotlin/coroutines/jvm/internal/BaseContinuationImpl')}
  0x00000219015894ec: 49ba 2002 | 001b 1902 | 0000 4c89 | 5424 0848 | c704 24ff 

  0x0000021901589500: ;   {runtime_call counter_overflow Runtime1 stub}
  0x0000021901589500: ffff ffe8 

  0x0000021901589504: ; ImmutableOopMap {rax=Oop r9=Oop rdx=Oop [184]=Oop [192]=Oop }
                      ;*synchronization entry
                      ; - kotlin.coroutines.jvm.internal.BaseContinuationImpl::<init>@-1 (line 14)
                      ; - kotlin.coroutines.jvm.internal.ContinuationImpl::<init>@2 (line 97)
                      ; - kotlin.coroutines.jvm.internal.ContinuationImpl::<init>@17 (line 103)
                      ; - com.dokar.quickjs.QuickJs$evalAndAwait$1::<init>@7
                      ; - com.dokar.quickjs.QuickJs::evalAndAwait@47
  0x0000021901589504: 780d 0b06 | e9f6 c2ff 

  0x000002190158950c: ;   {metadata({method} {0x000002191a000638} '<init>' '()V' in 'java/lang/Object')}
  0x000002190158950c: ff49 ba30 | 0600 1a19 | 0200 004c | 8954 2408 | 48c7 0424 | ffff ffff 

  0x0000021901589524: ;   {runtime_call counter_overflow Runtime1 stub}
  0x0000021901589524: e857 0d0b 

  0x0000021901589528: ; ImmutableOopMap {rax=Oop r9=Oop rdx=Oop [184]=Oop [192]=Oop }
                      ;*synchronization entry
                      ; - java.lang.Object::<init>@-1
                      ; - kotlin.coroutines.jvm.internal.BaseContinuationImpl::<init>@1 (line 14)
                      ; - kotlin.coroutines.jvm.internal.ContinuationImpl::<init>@2 (line 97)
                      ; - kotlin.coroutines.jvm.internal.ContinuationImpl::<init>@17 (line 103)
                      ; - com.dokar.quickjs.QuickJs$evalAndAwait$1::<init>@7
                      ; - com.dokar.quickjs.QuickJs::evalAndAwait@47
  0x0000021901589528: 06e9 11c3 | ffff 8b72 | 0c48 c1e6 | 0348 83fe | 000f 840d | c3ff ff48 

  0x0000021901589540: ;   {runtime_call g1_pre_barrier_slow}
  0x0000021901589540: 8934 24e8 | 3813 0b06 | e9ff c2ff | ff49 83f9 | 000f 8414 | c3ff ff48 

  0x0000021901589558: ;   {runtime_call g1_post_barrier_slow}
  0x0000021901589558: 8914 24e8 | 2016 0b06 | e906 c3ff | ff8b 7210 | 48c1 e603 | 4883 fe00 | 0f84 02c3 | ffff 4889 
  0x0000021901589578: ;   {runtime_call g1_pre_barrier_slow}
  0x0000021901589578: 3424 e801 | 130b 06e9 | f4c2 ffff | 4883 f800 | 0f84 09c3 | ffff 4889 

  0x0000021901589590: ;   {runtime_call g1_post_barrier_slow}
  0x0000021901589590: 1424 e8e9 | 150b 06e9 | fbc2 ffff 

  0x000002190158959c: ;   {runtime_call throw_null_pointer_exception Runtime1 stub}
  0x000002190158959c: e8df bb0a 

  0x00000219015895a0: ; ImmutableOopMap {rax=Oop [184]=Oop [192]=Oop }
                      ;*getfield result {reexecute=1 rethrow=0 return_oop=0}
                      ; - (reexecute) com.dokar.quickjs.QuickJs::evalAndAwait@54
                      ;   {metadata({method} {0x000002191b00a5d0} 'getCOROUTINE_SUSPENDED' '()Ljava/lang/Object;' in 'kotlin/coroutines/intrinsics/IntrinsicsKt__IntrinsicsKt')}
  0x00000219015895a0: 0649 bac8 | a500 1b19 | 0200 004c | 8954 2408 | 48c7 0424 | ffff ffff 

  0x00000219015895b8: ;   {runtime_call counter_overflow Runtime1 stub}
  0x00000219015895b8: e8c3 0c0b 

  0x00000219015895bc: ; ImmutableOopMap {rax=Oop rsi=Oop [184]=Oop [192]=Oop }
                      ;*synchronization entry
                      ; - kotlin.coroutines.intrinsics.IntrinsicsKt__IntrinsicsKt::getCOROUTINE_SUSPENDED@-1 (line 57)
                      ; - com.dokar.quickjs.QuickJs::evalAndAwait@59
  0x00000219015895bc: 06e9 39c3 | ffff 4889 

  0x00000219015895c4: ;   {runtime_call throw_class_cast_exception Runtime1 stub}
  0x00000219015895c4: 1424 e8b5 

  0x00000219015895c8: ; ImmutableOopMap {rax=Oop rsi=Oop [184]=Oop }
                      ;*checkcast {reexecute=0 rethrow=0 return_oop=0}
                      ; - com.dokar.quickjs.QuickJs::evalAndAwait@870 (line 323)
  0x00000219015895c8: df0a 0648 

  0x00000219015895cc: ;   {runtime_call throw_class_cast_exception Runtime1 stub}
  0x00000219015895cc: 8914 24e8 

  0x00000219015895d0: ; ImmutableOopMap {rax=Oop rsi=Oop [184]=Oop }
                      ;*checkcast {reexecute=0 rethrow=0 return_oop=0}
                      ; - com.dokar.quickjs.QuickJs::evalAndAwait@880 (line 323)
  0x00000219015895d0: acdf 0a06 | 4889 1424 

  0x00000219015895d8: ;   {runtime_call throw_class_cast_exception Runtime1 stub}
  0x00000219015895d8: e8a3 df0a 

  0x00000219015895dc: ; ImmutableOopMap {rax=Oop rsi=Oop rdi=Oop [184]=Oop }
                      ;*checkcast {reexecute=0 rethrow=0 return_oop=0}
                      ; - com.dokar.quickjs.QuickJs::evalAndAwait@893 (line 323)
  0x00000219015895dc: 0648 8914 

  0x00000219015895e0: ;   {runtime_call throw_class_cast_exception Runtime1 stub}
  0x00000219015895e0: 24e8 9adf 

  0x00000219015895e4: ; ImmutableOopMap {rsi=Oop rdi=Oop rbx=Oop [184]=Oop }
                      ;*checkcast {reexecute=0 rethrow=0 return_oop=0}
                      ; - com.dokar.quickjs.QuickJs::evalAndAwait@903 (line 323)
                      ;   {metadata({method} {0x000002191b035e90} 'throwOnFailure' '(Ljava/lang/Object;)V' in 'kotlin/ResultKt')}
  0x00000219015895e4: 0a06 49ba | 885e 031b | 1902 0000 | 4c89 5424 | 0848 c704 | 24ff ffff 

  0x00000219015895fc: ;   {runtime_call counter_overflow Runtime1 stub}
  0x00000219015895fc: ffe8 7e0c 

  0x0000021901589600: ; ImmutableOopMap {rsi=Oop rdi=Oop rbx=Oop [184]=Oop }
                      ;*synchronization entry
                      ; - kotlin.ResultKt::throwOnFailure@-1 (line 132)
                      ; - com.dokar.quickjs.QuickJs::evalAndAwait@910 (line 323)
  0x0000021901589600: 0b06 e922 | c8ff ff48 

  0x0000021901589608: ;   {runtime_call throw_class_cast_exception Runtime1 stub}
  0x0000021901589608: 8914 24e8 

  0x000002190158960c: ; ImmutableOopMap {rax=Oop rsi=Oop [184]=Oop }
                      ;*checkcast {reexecute=0 rethrow=0 return_oop=0}
                      ; - com.dokar.quickjs.QuickJs::evalAndAwait@721 (line 323)
  0x000002190158960c: 70df 0a06 | 4889 1424 

  0x0000021901589614: ;   {runtime_call throw_class_cast_exception Runtime1 stub}
  0x0000021901589614: e867 df0a 

  0x0000021901589618: ; ImmutableOopMap {rax=Oop rsi=Oop rcx=Oop [184]=Oop }
                      ;*checkcast {reexecute=0 rethrow=0 return_oop=0}
                      ; - com.dokar.quickjs.QuickJs::evalAndAwait@731 (line 323)
                      ;   {metadata({method} {0x000002191b035e90} 'throwOnFailure' '(Ljava/lang/Object;)V' in 'kotlin/ResultKt')}
  0x0000021901589618: 0649 ba88 | 5e03 1b19 | 0200 004c | 8954 2408 | 48c7 0424 | ffff ffff 

  0x0000021901589630: ;   {runtime_call counter_overflow Runtime1 stub}
  0x0000021901589630: e84b 0c0b 

  0x0000021901589634: ; ImmutableOopMap {rax=Oop rsi=Oop rcx=Oop r8=Oop [184]=Oop }
                      ;*synchronization entry
                      ; - kotlin.ResultKt::throwOnFailure@-1 (line 132)
                      ; - com.dokar.quickjs.QuickJs::evalAndAwait@738 (line 323)
  0x0000021901589634: 06e9 96cb | ffff 4889 

  0x000002190158963c: ;   {runtime_call throw_class_cast_exception Runtime1 stub}
  0x000002190158963c: 1424 e83d 

  0x0000021901589640: ; ImmutableOopMap {rax=Oop rsi=Oop [184]=Oop }
                      ;*checkcast {reexecute=0 rethrow=0 return_oop=0}
                      ; - com.dokar.quickjs.QuickJs::evalAndAwait@561 (line 323)
  0x0000021901589640: df0a 0648 

  0x0000021901589644: ;   {runtime_call throw_class_cast_exception Runtime1 stub}
  0x0000021901589644: 8914 24e8 

  0x0000021901589648: ; ImmutableOopMap {rax=Oop rsi=Oop [184]=Oop }
                      ;*checkcast {reexecute=0 rethrow=0 return_oop=0}
                      ; - com.dokar.quickjs.QuickJs::evalAndAwait@571 (line 323)
  0x0000021901589648: 34df 0a06 | 4889 1424 

  0x0000021901589650: ;   {runtime_call throw_class_cast_exception Runtime1 stub}
  0x0000021901589650: e82b df0a 

  0x0000021901589654: ; ImmutableOopMap {rax=Oop rsi=Oop rcx=Oop [184]=Oop }
                      ;*checkcast {reexecute=0 rethrow=0 return_oop=0}
                      ; - com.dokar.quickjs.QuickJs::evalAndAwait@584 (line 323)
  0x0000021901589654: 0648 8914 

  0x0000021901589658: ;   {runtime_call throw_class_cast_exception Runtime1 stub}
  0x0000021901589658: 24e8 22df 

  0x000002190158965c: ; ImmutableOopMap {rax=Oop rsi=Oop rcx=Oop r8=Oop [184]=Oop }
                      ;*checkcast {reexecute=0 rethrow=0 return_oop=0}
                      ; - com.dokar.quickjs.QuickJs::evalAndAwait@594 (line 323)
                      ;   {metadata({method} {0x000002191b035e90} 'throwOnFailure' '(Ljava/lang/Object;)V' in 'kotlin/ResultKt')}
  0x000002190158965c: 0a06 49ba | 885e 031b | 1902 0000 | 4c89 5424 | 0848 c704 | 24ff ffff 

  0x0000021901589674: ;   {runtime_call counter_overflow Runtime1 stub}
  0x0000021901589674: ffe8 060c 

  0x0000021901589678: ; ImmutableOopMap {rax=Oop rsi=Oop rcx=Oop r8=Oop r9=Oop [184]=Oop }
                      ;*synchronization entry
                      ; - kotlin.ResultKt::throwOnFailure@-1 (line 132)
                      ; - com.dokar.quickjs.QuickJs::evalAndAwait@601 (line 323)
  0x0000021901589678: 0b06 e902 | d1ff ff48 

  0x0000021901589680: ;   {runtime_call throw_class_cast_exception Runtime1 stub}
  0x0000021901589680: 8914 24e8 

  0x0000021901589684: ; ImmutableOopMap {rax=Oop rsi=Oop [184]=Oop }
                      ;*checkcast {reexecute=0 rethrow=0 return_oop=0}
                      ; - com.dokar.quickjs.QuickJs::evalAndAwait@391 (line 323)
  0x0000021901589684: f8de 0a06 | 4889 1424 

  0x000002190158968c: ;   {runtime_call throw_class_cast_exception Runtime1 stub}
  0x000002190158968c: e8ef de0a 

  0x0000021901589690: ; ImmutableOopMap {rax=Oop rsi=Oop r8=Oop [184]=Oop }
                      ;*checkcast {reexecute=0 rethrow=0 return_oop=0}
                      ; - com.dokar.quickjs.QuickJs::evalAndAwait@401 (line 323)
  0x0000021901589690: 0648 8914 

  0x0000021901589694: ;   {runtime_call throw_class_cast_exception Runtime1 stub}
  0x0000021901589694: 24e8 e6de 

  0x0000021901589698: ; ImmutableOopMap {rax=Oop rsi=Oop r8=Oop r9=Oop [184]=Oop }
                      ;*checkcast {reexecute=0 rethrow=0 return_oop=0}
                      ; - com.dokar.quickjs.QuickJs::evalAndAwait@414 (line 323)
  0x0000021901589698: 0a06 4889 

  0x000002190158969c: ;   {runtime_call throw_class_cast_exception Runtime1 stub}
  0x000002190158969c: 1424 e8dd 

  0x00000219015896a0: ; ImmutableOopMap {rsi=Oop r8=Oop r9=Oop r11=Oop [184]=Oop [200]=Oop }
                      ;*checkcast {reexecute=0 rethrow=0 return_oop=0}
                      ; - com.dokar.quickjs.QuickJs::evalAndAwait@424 (line 323)
                      ;   {metadata({method} {0x000002191b035e90} 'throwOnFailure' '(Ljava/lang/Object;)V' in 'kotlin/ResultKt')}
  0x00000219015896a0: de0a 0649 | ba88 5e03 | 1b19 0200 | 004c 8954 | 2408 48c7 | 0424 ffff 

  0x00000219015896b8: ;   {runtime_call counter_overflow Runtime1 stub}
  0x00000219015896b8: ffff e8c1 

  0x00000219015896bc: ; ImmutableOopMap {rsi=Oop r8=Oop r9=Oop r11=Oop [184]=Oop [200]=Oop [208]=Oop }
                      ;*synchronization entry
                      ; - kotlin.ResultKt::throwOnFailure@-1 (line 132)
                      ; - com.dokar.quickjs.QuickJs::evalAndAwait@431 (line 323)
  0x00000219015896bc: 0b0b 06e9 | 81d6 ffff | 4889 1424 

  0x00000219015896c8: ;   {runtime_call throw_class_cast_exception Runtime1 stub}
  0x00000219015896c8: e8b3 de0a 

  0x00000219015896cc: ; ImmutableOopMap {rax=Oop rsi=Oop [184]=Oop }
                      ;*checkcast {reexecute=0 rethrow=0 return_oop=0}
                      ; - com.dokar.quickjs.QuickJs::evalAndAwait@243 (line 323)
  0x00000219015896cc: 0648 8914 

  0x00000219015896d0: ;   {runtime_call throw_class_cast_exception Runtime1 stub}
  0x00000219015896d0: 24e8 aade 

  0x00000219015896d4: ; ImmutableOopMap {rax=Oop rsi=Oop rbx=Oop [184]=Oop }
                      ;*checkcast {reexecute=0 rethrow=0 return_oop=0}
                      ; - com.dokar.quickjs.QuickJs::evalAndAwait@253 (line 323)
                      ;   {metadata({method} {0x000002191b035e90} 'throwOnFailure' '(Ljava/lang/Object;)V' in 'kotlin/ResultKt')}
  0x00000219015896d4: 0a06 49ba | 885e 031b | 1902 0000 | 4c89 5424 | 0848 c704 | 24ff ffff 

  0x00000219015896ec: ;   {runtime_call counter_overflow Runtime1 stub}
  0x00000219015896ec: ffe8 8e0b 

  0x00000219015896f0: ; ImmutableOopMap {rax=Oop rsi=Oop rbx=Oop rdx=Oop [184]=Oop }
                      ;*synchronization entry
                      ; - kotlin.ResultKt::throwOnFailure@-1 (line 132)
                      ; - com.dokar.quickjs.QuickJs::evalAndAwait@259 (line 323)
  0x00000219015896f0: 0b06 e9f2 | d9ff ff48 

  0x00000219015896f8: ;   {runtime_call throw_class_cast_exception Runtime1 stub}
  0x00000219015896f8: 8914 24e8 

  0x00000219015896fc: ; ImmutableOopMap {rax=Oop rsi=Oop [184]=Oop }
                      ;*checkcast {reexecute=0 rethrow=0 return_oop=0}
                      ; - com.dokar.quickjs.QuickJs::evalAndAwait@158 (line 323)
  0x00000219015896fc: 80de 0a06 

  0x0000021901589700: ;   {metadata({method} {0x000002191b035e90} 'throwOnFailure' '(Ljava/lang/Object;)V' in 'kotlin/ResultKt')}
  0x0000021901589700: 49ba 885e | 031b 1902 | 0000 4c89 | 5424 0848 | c704 24ff 

  0x0000021901589714: ;   {runtime_call counter_overflow Runtime1 stub}
  0x0000021901589714: ffff ffe8 

  0x0000021901589718: ; ImmutableOopMap {rax=Oop rsi=Oop rdi=Oop [184]=Oop }
                      ;*synchronization entry
                      ; - kotlin.ResultKt::throwOnFailure@-1 (line 132)
                      ; - com.dokar.quickjs.QuickJs::evalAndAwait@164 (line 323)
  0x0000021901589718: 640b 0b06 | e948 dcff 

  0x0000021901589720: ;   {metadata({method} {0x000002191b035e90} 'throwOnFailure' '(Ljava/lang/Object;)V' in 'kotlin/ResultKt')}
  0x0000021901589720: ff49 ba88 | 5e03 1b19 | 0200 004c | 8954 2408 | 48c7 0424 | ffff ffff 

  0x0000021901589738: ;   {runtime_call counter_overflow Runtime1 stub}
  0x0000021901589738: e843 0b0b 

  0x000002190158973c: ; ImmutableOopMap {rax=Oop rsi=Oop [184]=Oop [192]=Oop }
                      ;*synchronization entry
                      ; - kotlin.ResultKt::throwOnFailure@-1 (line 132)
                      ; - com.dokar.quickjs.QuickJs::evalAndAwait@114 (line 323)
  0x000002190158973c: 06e9 87dd | ffff 448b | 4248 49c1 | e003 4983 | f800 0f84 | e6de ffff | 4c89 0424 

  0x0000021901589758: ;   {runtime_call g1_pre_barrier_slow}
  0x0000021901589758: e823 110b | 06e9 d8de | ffff 448b | 402c 49c1 | e003 4983 | f800 0f84 | e3de ffff | 4c89 0424 
  0x0000021901589778: ;   {runtime_call g1_pre_barrier_slow}
  0x0000021901589778: e803 110b | 06e9 d5de | ffff 4983 | f800 0f84 | f2de ffff | 4889 0424 

  0x0000021901589790: ;   {runtime_call g1_post_barrier_slow}
  0x0000021901589790: e8eb 130b | 06e9 e4de | ffff 448b | 402c 49c1 | e003 4983 | f800 0f84 | 79df ffff | 4c89 0424 
  0x00000219015897b0: ;   {runtime_call g1_pre_barrier_slow}
  0x00000219015897b0: e8cb 100b | 06e9 6bdf | ffff 4883 | ff00 0f84 | 80df ffff | 4889 0424 

  0x00000219015897c8: ;   {runtime_call g1_post_barrier_slow}
  0x00000219015897c8: e8b3 130b | 06e9 72df | ffff 448b | 4030 49c1 | e003 4983 | f800 0f84 | 6edf ffff | 4c89 0424 
  0x00000219015897e8: ;   {runtime_call g1_pre_barrier_slow}
  0x00000219015897e8: e893 100b | 06e9 60df | ffff 4883 | fe00 0f84 | 75df ffff | 4889 0424 

  0x0000021901589800: ;   {runtime_call g1_post_barrier_slow}
  0x0000021901589800: e87b 130b | 06e9 67df 

  0x0000021901589808: ;   {runtime_call throw_incompatible_class_change_error Runtime1 stub}
  0x0000021901589808: ffff e871 

  0x000002190158980c: ; ImmutableOopMap {rdi=Oop rax=Oop rdx=Oop rsi=Oop [184]=Oop }
                      ;*invokeinterface lock {reexecute=0 rethrow=0 return_oop=0}
                      ; - com.dokar.quickjs.QuickJs::evalAndAwait@214 (line 698)
                      ;   {runtime_call throw_null_pointer_exception Runtime1 stub}
  0x000002190158980c: e00a 06e8 

  0x0000021901589810: ; ImmutableOopMap {rdi=Oop rax=Oop rdx=Oop rsi=Oop [184]=Oop }
                      ;*invokeinterface lock {reexecute=0 rethrow=0 return_oop=0}
                      ; - com.dokar.quickjs.QuickJs::evalAndAwait@214 (line 698)
  0x0000021901589810: 6cb9 0a06 

  0x0000021901589814: ;   {metadata({method} {0x000002191ac19cb0} 'lock' '(Ljava/lang/Object;Lkotlin/coroutines/Continuation;)Ljava/lang/Object;' in 'kotlinx/coroutines/sync/MutexImpl')}
  0x0000021901589814: 49ba a89c | c11a 1902 | 0000 4c89 | 5424 0848 | c704 24ff 

  0x0000021901589828: ;   {runtime_call counter_overflow Runtime1 stub}
  0x0000021901589828: ffff ffe8 

  0x000002190158982c: ; ImmutableOopMap {rdi=Oop rax=Oop rdx=Oop rsi=Oop [184]=Oop }
                      ;*synchronization entry
                      ; - kotlinx.coroutines.sync.MutexImpl::lock@-1
                      ; - com.dokar.quickjs.QuickJs::evalAndAwait@214 (line 698)
  0x000002190158982c: 500a 0b06 | e9d1 dfff 

  0x0000021901589834: ;   {metadata({method} {0x000002191ac19da8} 'lock$suspendImpl' '(Lkotlinx/coroutines/sync/MutexImpl;Ljava/lang/Object;Lkotlin/coroutines/Continuation;)Ljava/lang/Object;' in 'kotlinx/coroutines/sync/MutexImpl')}
  0x0000021901589834: ff49 baa0 | 9dc1 1a19 | 0200 004c | 8954 2408 | 48c7 0424 | ffff ffff 

  0x000002190158984c: ;   {runtime_call counter_overflow Runtime1 stub}
  0x000002190158984c: e82f 0a0b 

  0x0000021901589850: ; ImmutableOopMap {rdi=Oop rax=Oop rdx=Oop rsi=Oop [184]=Oop }
                      ;*synchronization entry
                      ; - kotlinx.coroutines.sync.MutexImpl::lock$suspendImpl@-1 (line 167)
                      ; - kotlinx.coroutines.sync.MutexImpl::lock@3
                      ; - com.dokar.quickjs.QuickJs::evalAndAwait@214 (line 698)
  0x0000021901589850: 06e9 ebdf 

  0x0000021901589854: ;   {metadata({method} {0x000002191b00a5d0} 'getCOROUTINE_SUSPENDED' '()Ljava/lang/Object;' in 'kotlin/coroutines/intrinsics/IntrinsicsKt__IntrinsicsKt')}
  0x0000021901589854: ffff 49ba | c8a5 001b | 1902 0000 | 4c89 5424 | 0848 c704 | 24ff ffff 

  0x000002190158986c: ;   {runtime_call counter_overflow Runtime1 stub}
  0x000002190158986c: ffe8 0e0a 

  0x0000021901589870: ; ImmutableOopMap {rax=Oop [184]=Oop [200]=Oop [216]=Oop [224]=Oop }
                      ;*synchronization entry
                      ; - kotlin.coroutines.intrinsics.IntrinsicsKt__IntrinsicsKt::getCOROUTINE_SUSPENDED@-1 (line 57)
                      ; - kotlinx.coroutines.sync.MutexImpl::lock$suspendImpl@19 (line 168)
                      ; - kotlinx.coroutines.sync.MutexImpl::lock@3
                      ; - com.dokar.quickjs.QuickJs::evalAndAwait@214 (line 698)
  0x0000021901589870: 0b06 e9d0 | e0ff ff44 | 8b40 2c49 | c1e0 0349 | 83f8 000f | 8495 e1ff | ff4c 8904 

  0x000002190158988c: ;   {runtime_call g1_pre_barrier_slow}
  0x000002190158988c: 24e8 ee0f | 0b06 e987 | e1ff ff48 | 83fa 000f | 849c e1ff | ff48 8904 

  0x00000219015898a4: ;   {runtime_call g1_post_barrier_slow}
  0x00000219015898a4: 24e8 d612 | 0b06 e98e | e1ff ff44 | 8b40 3049 | c1e0 0349 | 83f8 000f | 848a e1ff | ff4c 8904 
  0x00000219015898c4: ;   {runtime_call g1_pre_barrier_slow}
  0x00000219015898c4: 24e8 b60f | 0b06 e97c | e1ff ff48 | 83fb 000f | 8491 e1ff | ff48 8904 

  0x00000219015898dc: ;   {runtime_call g1_post_barrier_slow}
  0x00000219015898dc: 24e8 9e12 | 0b06 e983 | e1ff ff44 | 8b40 3449 | c1e0 0349 | 83f8 000f | 847f e1ff | ff4c 8904 
  0x00000219015898fc: ;   {runtime_call g1_pre_barrier_slow}
  0x00000219015898fc: 24e8 7e0f | 0b06 e971 | e1ff ff49 | 83f9 000f | 8486 e1ff | ff48 8904 

  0x0000021901589914: ;   {runtime_call g1_post_barrier_slow}
  0x0000021901589914: 24e8 6612 | 0b06 e978 

  0x000002190158991c: ;   {metadata({method} {0x000002191b4419d8} 'nullOutSpilledVariable' '(Ljava/lang/Object;)Ljava/lang/Object;' in 'kotlin/coroutines/jvm/internal/SpillingKt')}
  0x000002190158991c: e1ff ff49 | bad0 1944 | 1b19 0200 | 004c 8954 | 2408 48c7 | 0424 ffff 

  0x0000021901589934: ;   {runtime_call counter_overflow Runtime1 stub}
  0x0000021901589934: ffff e845 

  0x0000021901589938: ; ImmutableOopMap {rbx=Oop rdx=Oop rsi=Oop rax=Oop r9=Oop [184]=Oop [248]=Oop }
                      ;*synchronization entry
                      ; - kotlin.coroutines.jvm.internal.SpillingKt::nullOutSpilledVariable@-1 (line 17)
                      ; - com.dokar.quickjs.QuickJs::evalAndAwait@315 (line 706)
  0x0000021901589938: 090b 06e9 | 95e1 ffff | 448b 4038 | 49c1 e003 | 4983 f800 | 0f84 91e1 | ffff 4c89 

  0x0000021901589954: ;   {runtime_call g1_pre_barrier_slow}
  0x0000021901589954: 0424 e825 | 0f0b 06e9 | 83e1 ffff 

  0x0000021901589960: ;   {runtime_call throw_incompatible_class_change_error Runtime1 stub}
  0x0000021901589960: e81b df0a 

  0x0000021901589964: ; ImmutableOopMap {rbx=Oop rdx=Oop rsi=Oop rax=Oop r9=Oop [184]=Oop [248]=Oop }
                      ;*invokeinterface lock {reexecute=0 rethrow=0 return_oop=0}
                      ; - com.dokar.quickjs.QuickJs::evalAndAwait@348 (line 706)
                      ;   {runtime_call throw_null_pointer_exception Runtime1 stub}
  0x0000021901589964: 06e8 16b8 

  0x0000021901589968: ; ImmutableOopMap {rbx=Oop rdx=Oop rsi=Oop rax=Oop r9=Oop [184]=Oop [248]=Oop }
                      ;*invokeinterface lock {reexecute=0 rethrow=0 return_oop=0}
                      ; - com.dokar.quickjs.QuickJs::evalAndAwait@348 (line 706)
                      ;   {metadata({method} {0x000002191ac19cb0} 'lock' '(Ljava/lang/Object;Lkotlin/coroutines/Continuation;)Ljava/lang/Object;' in 'kotlinx/coroutines/sync/MutexImpl')}
  0x0000021901589968: 0a06 49ba | a89c c11a | 1902 0000 | 4c89 5424 | 0848 c704 | 24ff ffff 

  0x0000021901589980: ;   {runtime_call counter_overflow Runtime1 stub}
  0x0000021901589980: ffe8 fa08 

  0x0000021901589984: ; ImmutableOopMap {rbx=Oop rdx=Oop rsi=Oop rax=Oop r9=Oop [184]=Oop [248]=Oop }
                      ;*synchronization entry
                      ; - kotlinx.coroutines.sync.MutexImpl::lock@-1
                      ; - com.dokar.quickjs.QuickJs::evalAndAwait@348 (line 706)
  0x0000021901589984: 0b06 e902 

  0x0000021901589988: ;   {metadata({method} {0x000002191ac19da8} 'lock$suspendImpl' '(Lkotlinx/coroutines/sync/MutexImpl;Ljava/lang/Object;Lkotlin/coroutines/Continuation;)Ljava/lang/Object;' in 'kotlinx/coroutines/sync/MutexImpl')}
  0x0000021901589988: e2ff ff49 | baa0 9dc1 | 1a19 0200 | 004c 8954 | 2408 48c7 | 0424 ffff 

  0x00000219015899a0: ;   {runtime_call counter_overflow Runtime1 stub}
  0x00000219015899a0: ffff e8d9 

  0x00000219015899a4: ; ImmutableOopMap {rbx=Oop rdx=Oop rsi=Oop rax=Oop r9=Oop [184]=Oop [248]=Oop }
                      ;*synchronization entry
                      ; - kotlinx.coroutines.sync.MutexImpl::lock$suspendImpl@-1 (line 167)
                      ; - kotlinx.coroutines.sync.MutexImpl::lock@3
                      ; - com.dokar.quickjs.QuickJs::evalAndAwait@348 (line 706)
  0x00000219015899a4: 080b 06e9 | 1fe2 ffff 

  0x00000219015899ac: ;   {metadata({method} {0x000002191b00a5d0} 'getCOROUTINE_SUSPENDED' '()Ljava/lang/Object;' in 'kotlin/coroutines/intrinsics/IntrinsicsKt__IntrinsicsKt')}
  0x00000219015899ac: 49ba c8a5 | 001b 1902 | 0000 4c89 | 5424 0848 | c704 24ff 

  0x00000219015899c0: ;   {runtime_call counter_overflow Runtime1 stub}
  0x00000219015899c0: ffff ffe8 

  0x00000219015899c4: ; ImmutableOopMap {rax=Oop [184]=Oop [200]=Oop [232]=Oop [248]=Oop [256]=Oop [264]=Oop }
                      ;*synchronization entry
                      ; - kotlin.coroutines.intrinsics.IntrinsicsKt__IntrinsicsKt::getCOROUTINE_SUSPENDED@-1 (line 57)
                      ; - kotlinx.coroutines.sync.MutexImpl::lock$suspendImpl@19 (line 168)
                      ; - kotlinx.coroutines.sync.MutexImpl::lock@3
                      ; - com.dokar.quickjs.QuickJs::evalAndAwait@348 (line 706)
  0x00000219015899c4: b808 0b06 | e912 e3ff 

  0x00000219015899cc: ;   {metadata({method} {0x000002191b4419d8} 'nullOutSpilledVariable' '(Ljava/lang/Object;)Ljava/lang/Object;' in 'kotlin/coroutines/jvm/internal/SpillingKt')}
  0x00000219015899cc: ff49 bad0 | 1944 1b19 | 0200 004c | 8954 2408 | 48c7 0424 | ffff ffff 

  0x00000219015899e4: ;   {runtime_call counter_overflow Runtime1 stub}
  0x00000219015899e4: e897 080b 

  0x00000219015899e8: ; ImmutableOopMap {r8=Oop r9=Oop r11=Oop r13=Oop rax=Oop [184]=Oop [272]=Oop [296]=Oop }
                      ;*synchronization entry
                      ; - kotlin.coroutines.jvm.internal.SpillingKt::nullOutSpilledVariable@-1 (line 17)
                      ; - com.dokar.quickjs.QuickJs::evalAndAwait@447 (line 328)
  0x00000219015899e8: 06e9 12e4 | ffff 448b | 402c 49c1 | e003 4983 | f800 0f84 | 0ee4 ffff | 4c89 0424 

  0x0000021901589a04: ;   {runtime_call g1_pre_barrier_slow}
  0x0000021901589a04: e877 0e0b | 06e9 00e4 | ffff 448b | 4030 49c1 | e003 4983 | f800 0f84 | 03e4 ffff | 4c89 0424 
  0x0000021901589a24: ;   {runtime_call g1_pre_barrier_slow}
  0x0000021901589a24: e857 0e0b | 06e9 f5e3 | ffff 4983 | fb00 0f84 | 0ae4 ffff | 4889 0424 

  0x0000021901589a3c: ;   {runtime_call g1_post_barrier_slow}
  0x0000021901589a3c: e83f 110b | 06e9 fce3 | ffff 448b | 4034 49c1 | e003 4983 | f800 0f84 | f8e3 ffff | 4c89 0424 
  0x0000021901589a5c: ;   {runtime_call g1_pre_barrier_slow}
  0x0000021901589a5c: e81f 0e0b | 06e9 eae3 | ffff 4983 | f900 0f84 | ffe3 ffff | 4889 0424 

  0x0000021901589a74: ;   {runtime_call g1_post_barrier_slow}
  0x0000021901589a74: e807 110b | 06e9 f1e3 

  0x0000021901589a7c: ;   {metadata({method} {0x000002191b4419d8} 'nullOutSpilledVariable' '(Ljava/lang/Object;)Ljava/lang/Object;' in 'kotlin/coroutines/jvm/internal/SpillingKt')}
  0x0000021901589a7c: ffff 49ba | d019 441b | 1902 0000 | 4c89 5424 | 0848 c704 | 24ff ffff 

  0x0000021901589a94: ;   {runtime_call counter_overflow Runtime1 stub}
  0x0000021901589a94: ffe8 e607 

  0x0000021901589a98: ; ImmutableOopMap {r9=Oop r11=Oop r13=Oop rax=Oop [184]=Oop [272]=Oop [296]=Oop }
                      ;*synchronization entry
                      ; - kotlin.coroutines.jvm.internal.SpillingKt::nullOutSpilledVariable@-1 (line 17)
                      ; - com.dokar.quickjs.QuickJs::evalAndAwait@471 (line 328)
  0x0000021901589a98: 0b06 e90b | e4ff ff44 | 8b40 3849 | c1e0 0349 | 83f8 000f | 8407 e4ff | ff4c 8904 

  0x0000021901589ab4: ;   {runtime_call g1_pre_barrier_slow}
  0x0000021901589ab4: 24e8 c60d | 0b06 e9f9 

  0x0000021901589abc: ;   {runtime_call throw_null_pointer_exception Runtime1 stub}
  0x0000021901589abc: e3ff ffe8 

  0x0000021901589ac0: ; ImmutableOopMap {r9=Oop r11=Oop r13=Oop rax=Oop [184]=Oop [272]=Oop [296]=Oop }
                      ;*invokeinterface invoke {reexecute=0 rethrow=0 return_oop=0}
                      ; - com.dokar.quickjs.QuickJs::evalAndAwait@511 (line 328)
  0x0000021901589ac0: bcb6 0a06 

  0x0000021901589ac4: ;   {runtime_call throw_incompatible_class_change_error Runtime1 stub}
  0x0000021901589ac4: e8b7 dd0a 

  0x0000021901589ac8: ; ImmutableOopMap {rdx=Oop rcx=Oop [184]=Oop [200]=Oop [320]=Oop [336]=Oop [344]=Oop }
                      ;*invokeinterface unlock {reexecute=0 rethrow=0 return_oop=0}
                      ; - com.dokar.quickjs.QuickJs::evalAndAwait@613 (line 710)
                      ;   {runtime_call throw_null_pointer_exception Runtime1 stub}
  0x0000021901589ac8: 06e8 b2b6 

  0x0000021901589acc: ; ImmutableOopMap {rdx=Oop rcx=Oop [184]=Oop [200]=Oop [320]=Oop [336]=Oop [344]=Oop }
                      ;*invokeinterface unlock {reexecute=0 rethrow=0 return_oop=0}
                      ; - com.dokar.quickjs.QuickJs::evalAndAwait@613 (line 710)
                      ;   {metadata({method} {0x000002191b4419d8} 'nullOutSpilledVariable' '(Ljava/lang/Object;)Ljava/lang/Object;' in 'kotlin/coroutines/jvm/internal/SpillingKt')}
  0x0000021901589acc: 0a06 49ba | d019 441b | 1902 0000 | 4c89 5424 | 0848 c704 | 24ff ffff 

  0x0000021901589ae4: ;   {runtime_call counter_overflow Runtime1 stub}
  0x0000021901589ae4: ffe8 9607 

  0x0000021901589ae8: ; ImmutableOopMap {r8=Oop rax=Oop [184]=Oop [336]=Oop [344]=Oop }
                      ;*synchronization entry
                      ; - kotlin.coroutines.jvm.internal.SpillingKt::nullOutSpilledVariable@-1 (line 17)
                      ; - com.dokar.quickjs.QuickJs::evalAndAwait@642 (line 329)
  0x0000021901589ae8: 0b06 e955 | e6ff ff8b | 502c 48c1 | e203 4883 | fa00 0f84 | 51e6 ffff | 4889 1424 

  0x0000021901589b04: ;   {runtime_call g1_pre_barrier_slow}
  0x0000021901589b04: e877 0d0b | 06e9 43e6 | ffff 8b50 | 3048 c1e2 | 0348 83fa | 000f 8446 | e6ff ff48 

  0x0000021901589b20: ;   {runtime_call g1_pre_barrier_slow}
  0x0000021901589b20: 8914 24e8 | 580d 0b06 | e938 e6ff | ff49 83f8 | 000f 844d | e6ff ff48 

  0x0000021901589b38: ;   {runtime_call g1_post_barrier_slow}
  0x0000021901589b38: 8904 24e8 | 4010 0b06 | e93f e6ff | ff8b 5034 | 48c1 e203 | 4883 fa00 | 0f84 3be6 | ffff 4889 
  0x0000021901589b58: ;   {runtime_call g1_pre_barrier_slow}
  0x0000021901589b58: 1424 e821 | 0d0b 06e9 | 2de6 ffff | 8b50 3848 | c1e2 0348 | 83fa 000f | 8430 e6ff | ff48 8914 
  0x0000021901589b78: ;   {runtime_call g1_pre_barrier_slow}
  0x0000021901589b78: 24e8 020d | 0b06 e922 

  0x0000021901589b80: ;   {metadata({method} {0x000002191b4419d8} 'nullOutSpilledVariable' '(Ljava/lang/Object;)Ljava/lang/Object;' in 'kotlin/coroutines/jvm/internal/SpillingKt')}
  0x0000021901589b80: e6ff ff49 | bad0 1944 | 1b19 0200 | 004c 8954 | 2408 48c7 | 0424 ffff 

  0x0000021901589b98: ;   {runtime_call counter_overflow Runtime1 stub}
  0x0000021901589b98: ffff e8e1 

  0x0000021901589b9c: ; ImmutableOopMap {rcx=Oop rax=Oop rdx=Oop rsi=Oop [184]=Oop [360]=Oop }
                      ;*synchronization entry
                      ; - kotlin.coroutines.jvm.internal.SpillingKt::nullOutSpilledVariable@-1 (line 17)
                      ; - com.dokar.quickjs.QuickJs::evalAndAwait@769 (line 717)
  0x0000021901589b9c: 060b 06e9 | 30e7 ffff | 448b 402c | 49c1 e003 | 4983 f800 | 0f84 2ce7 | ffff 4c89 

  0x0000021901589bb8: ;   {runtime_call g1_pre_barrier_slow}
  0x0000021901589bb8: 0424 e8c1 | 0c0b 06e9 | 1ee7 ffff | 448b 4030 | 49c1 e003 | 4983 f800 | 0f84 21e7 | ffff 4c89 
  0x0000021901589bd8: ;   {runtime_call g1_pre_barrier_slow}
  0x0000021901589bd8: 0424 e8a1 | 0c0b 06e9 | 13e7 ffff | 4883 f900 | 0f84 28e7 | ffff 4889 

  0x0000021901589bf0: ;   {runtime_call g1_post_barrier_slow}
  0x0000021901589bf0: 0424 e889 | 0f0b 06e9 | 1ae7 ffff | 448b 4034 | 49c1 e003 | 4983 f800 | 0f84 16e7 | ffff 4c89 
  0x0000021901589c10: ;   {runtime_call g1_pre_barrier_slow}
  0x0000021901589c10: 0424 e869 | 0c0b 06e9 | 08e7 ffff | 4883 fe00 | 0f84 1de7 | ffff 4889 

  0x0000021901589c28: ;   {runtime_call g1_post_barrier_slow}
  0x0000021901589c28: 0424 e851 | 0f0b 06e9 | 0fe7 ffff 

  0x0000021901589c34: ;   {metadata({method} {0x000002191b4419d8} 'nullOutSpilledVariable' '(Ljava/lang/Object;)Ljava/lang/Object;' in 'kotlin/coroutines/jvm/internal/SpillingKt')}
  0x0000021901589c34: 49ba d019 | 441b 1902 | 0000 4c89 | 5424 0848 | c704 24ff 

  0x0000021901589c48: ;   {runtime_call counter_overflow Runtime1 stub}
  0x0000021901589c48: ffff ffe8 

  0x0000021901589c4c: ; ImmutableOopMap {rcx=Oop rax=Oop rdx=Oop rsi=Oop [184]=Oop [360]=Oop }
                      ;*synchronization entry
                      ; - kotlin.coroutines.jvm.internal.SpillingKt::nullOutSpilledVariable@-1 (line 17)
                      ; - com.dokar.quickjs.QuickJs::evalAndAwait@793 (line 717)
  0x0000021901589c4c: 3006 0b06 | e92c e7ff | ff44 8b40 | 3849 c1e0 | 0349 83f8 | 000f 8428 | e7ff ff4c 

  0x0000021901589c68: ;   {runtime_call g1_pre_barrier_slow}
  0x0000021901589c68: 8904 24e8 | 100c 0b06 | e91a e7ff 

  0x0000021901589c74: ;   {runtime_call throw_incompatible_class_change_error Runtime1 stub}
  0x0000021901589c74: ffe8 06dc 

  0x0000021901589c78: ; ImmutableOopMap {rcx=Oop rax=Oop rdx=Oop rsi=Oop [184]=Oop [360]=Oop }
                      ;*invokeinterface lock {reexecute=0 rethrow=0 return_oop=0}
                      ; - com.dokar.quickjs.QuickJs::evalAndAwait@827 (line 717)
                      ;   {runtime_call throw_null_pointer_exception Runtime1 stub}
  0x0000021901589c78: 0a06 e801 

  0x0000021901589c7c: ; ImmutableOopMap {rcx=Oop rax=Oop rdx=Oop rsi=Oop [184]=Oop [360]=Oop }
                      ;*invokeinterface lock {reexecute=0 rethrow=0 return_oop=0}
                      ; - com.dokar.quickjs.QuickJs::evalAndAwait@827 (line 717)
                      ;   {metadata({method} {0x000002191ac19cb0} 'lock' '(Ljava/lang/Object;Lkotlin/coroutines/Continuation;)Ljava/lang/Object;' in 'kotlinx/coroutines/sync/MutexImpl')}
  0x0000021901589c7c: b50a 0649 | baa8 9cc1 | 1a19 0200 | 004c 8954 | 2408 48c7 | 0424 ffff 

  0x0000021901589c94: ;   {runtime_call counter_overflow Runtime1 stub}
  0x0000021901589c94: ffff e8e5 

  0x0000021901589c98: ; ImmutableOopMap {rcx=Oop rax=Oop rdx=Oop rsi=Oop [184]=Oop [360]=Oop }
                      ;*synchronization entry
                      ; - kotlinx.coroutines.sync.MutexImpl::lock@-1
                      ; - com.dokar.quickjs.QuickJs::evalAndAwait@827 (line 717)
  0x0000021901589c98: 050b 06e9 | 91e7 ffff 

  0x0000021901589ca0: ;   {metadata({method} {0x000002191ac19da8} 'lock$suspendImpl' '(Lkotlinx/coroutines/sync/MutexImpl;Ljava/lang/Object;Lkotlin/coroutines/Continuation;)Ljava/lang/Object;' in 'kotlinx/coroutines/sync/MutexImpl')}
  0x0000021901589ca0: 49ba a09d | c11a 1902 | 0000 4c89 | 5424 0848 | c704 24ff 

  0x0000021901589cb4: ;   {runtime_call counter_overflow Runtime1 stub}
  0x0000021901589cb4: ffff ffe8 

  0x0000021901589cb8: ; ImmutableOopMap {rcx=Oop rax=Oop rdx=Oop rsi=Oop [184]=Oop [360]=Oop }
                      ;*synchronization entry
                      ; - kotlinx.coroutines.sync.MutexImpl::lock$suspendImpl@-1 (line 167)
                      ; - kotlinx.coroutines.sync.MutexImpl::lock@3
                      ; - com.dokar.quickjs.QuickJs::evalAndAwait@827 (line 717)
  0x0000021901589cb8: c405 0b06 | e9ab e7ff 

  0x0000021901589cc0: ;   {metadata({method} {0x000002191b00a5d0} 'getCOROUTINE_SUSPENDED' '()Ljava/lang/Object;' in 'kotlin/coroutines/intrinsics/IntrinsicsKt__IntrinsicsKt')}
  0x0000021901589cc0: ff49 bac8 | a500 1b19 | 0200 004c | 8954 2408 | 48c7 0424 | ffff ffff 

  0x0000021901589cd8: ;   {runtime_call counter_overflow Runtime1 stub}
  0x0000021901589cd8: e8a3 050b 

  0x0000021901589cdc: ; ImmutableOopMap {rax=Oop [184]=Oop [352]=Oop [360]=Oop [368]=Oop }
                      ;*synchronization entry
                      ; - kotlin.coroutines.intrinsics.IntrinsicsKt__IntrinsicsKt::getCOROUTINE_SUSPENDED@-1 (line 57)
                      ; - kotlinx.coroutines.sync.MutexImpl::lock$suspendImpl@19 (line 168)
                      ; - kotlinx.coroutines.sync.MutexImpl::lock@3
                      ; - com.dokar.quickjs.QuickJs::evalAndAwait@827 (line 717)
  0x0000021901589cdc: 06e9 90e8 

  0x0000021901589ce0: ;   {runtime_call throw_incompatible_class_change_error Runtime1 stub}
  0x0000021901589ce0: ffff e899 

  0x0000021901589ce4: ; ImmutableOopMap {rdi=Oop [184]=Oop [384]=Oop [392]=Oop [400]=Oop [408]=Oop }
                      ;*invokeinterface unlock {reexecute=0 rethrow=0 return_oop=0}
                      ; - com.dokar.quickjs.QuickJs::evalAndAwait@956 (line 721)
                      ;   {runtime_call throw_null_pointer_exception Runtime1 stub}
  0x0000021901589ce4: db0a 06e8 

  0x0000021901589ce8: ; ImmutableOopMap {rdi=Oop [184]=Oop [384]=Oop [392]=Oop [400]=Oop [408]=Oop }
                      ;*invokeinterface unlock {reexecute=0 rethrow=0 return_oop=0}
                      ; - com.dokar.quickjs.QuickJs::evalAndAwait@956 (line 721)
  0x0000021901589ce8: 94b4 0a06 

  0x0000021901589cec: ;   {runtime_call throw_incompatible_class_change_error Runtime1 stub}
  0x0000021901589cec: e88f db0a 

  0x0000021901589cf0: ; ImmutableOopMap {rbx=Oop [184]=Oop [400]=Oop [408]=Oop }
                      ;*invokeinterface unlock {reexecute=0 rethrow=0 return_oop=0}
                      ; - com.dokar.quickjs.QuickJs::evalAndAwait@988 (line 723)
                      ;   {runtime_call throw_null_pointer_exception Runtime1 stub}
  0x0000021901589cf0: 06e8 8ab4 

  0x0000021901589cf4: ; ImmutableOopMap {rbx=Oop [184]=Oop [400]=Oop [408]=Oop }
                      ;*invokeinterface unlock {reexecute=0 rethrow=0 return_oop=0}
                      ; - com.dokar.quickjs.QuickJs::evalAndAwait@988 (line 723)
                      ;   {metadata({method} {0x0000021981d84d98} 'handleException' '()V' in 'com/dokar/quickjs/QuickJs')}
  0x0000021901589cf4: 0a06 49ba | 904d d881 | 1902 0000 | 4c89 5424 | 0848 c704 | 24ff ffff 

  0x0000021901589d0c: ;   {runtime_call counter_overflow Runtime1 stub}
  0x0000021901589d0c: ffe8 6e05 

  0x0000021901589d10: ; ImmutableOopMap {r13=Oop [184]=Oop [408]=Oop }
                      ;*synchronization entry
                      ; - com.dokar.quickjs.QuickJs::handleException@-1 (line 390)
                      ; - com.dokar.quickjs.QuickJs::evalAndAwait@1015 (line 335)
  0x0000021901589d10: 0b06 e909 

  0x0000021901589d14: ;   {internal_word}
  0x0000021901589d14: ebff ff49 | ba67 8858 | 0119 0200 | 004d 8997 | 6804 0000 

  0x0000021901589d28: ;   {runtime_call SafepointBlob}
  0x0000021901589d28: e953 b7ff 

  0x0000021901589d2c: ;   {internal_word}
  0x0000021901589d2c: 0549 ba87 | 8858 0119 | 0200 004d | 8997 6804 

  0x0000021901589d3c: ;   {runtime_call SafepointBlob}
  0x0000021901589d3c: 0000 e93d 

  0x0000021901589d40: ;   {internal_word}
  0x0000021901589d40: b7ff 0549 | baa7 8858 | 0119 0200 | 004d 8997 | 6804 0000 

  0x0000021901589d54: ;   {runtime_call SafepointBlob}
  0x0000021901589d54: e927 b7ff 

  0x0000021901589d58: ;   {internal_word}
  0x0000021901589d58: 0549 bac7 | 8858 0119 | 0200 004d | 8997 6804 

  0x0000021901589d68: ;   {runtime_call SafepointBlob}
  0x0000021901589d68: 0000 e911 

  0x0000021901589d6c: ;   {internal_word}
  0x0000021901589d6c: b7ff 0549 | bae7 8858 | 0119 0200 | 004d 8997 | 6804 0000 

  0x0000021901589d80: ;   {runtime_call SafepointBlob}
  0x0000021901589d80: e9fb b6ff 

  0x0000021901589d84: ;   {internal_word}
  0x0000021901589d84: 0549 ba07 | 8958 0119 | 0200 004d | 8997 6804 

  0x0000021901589d94: ;   {runtime_call SafepointBlob}
  0x0000021901589d94: 0000 e9e5 

  0x0000021901589d98: ;   {internal_word}
  0x0000021901589d98: b6ff 0549 | ba27 8958 | 0119 0200 | 004d 8997 | 6804 0000 

  0x0000021901589dac: ;   {runtime_call SafepointBlob}
  0x0000021901589dac: e9cf b6ff | 0541 8b75 | 4848 c1e6 | 0348 83fe | 000f 8487 | ebff ff48 

  0x0000021901589dc4: ;   {runtime_call g1_pre_barrier_slow}
  0x0000021901589dc4: 8934 24e8 | b40a 0b06 | e979 ebff 

  0x0000021901589dd0: ;   {runtime_call throw_null_pointer_exception Runtime1 stub}
  0x0000021901589dd0: ffe8 aab3 

  0x0000021901589dd4: ; ImmutableOopMap {rax=Oop rdx=Oop }
                      ;*athrow {reexecute=1 rethrow=0 return_oop=0}
                      ; - (reexecute) com.dokar.quickjs.QuickJs::handleException@15 (line 393)
                      ; - com.dokar.quickjs.QuickJs::evalAndAwait@1015 (line 335)
                      ;   {metadata(nullptr)}
  0x0000021901589dd4: 0a06 48ba | 0000 0000 | 0000 0000 | b800 0f05 

  0x0000021901589de4: ;   {runtime_call load_klass_patching Runtime1 stub}
  0x0000021901589de4: 0ae8 16f4 

  0x0000021901589de8: ; ImmutableOopMap {[376]=Oop [384]=Oop [392]=Oop [400]=Oop }
                      ;*new {reexecute=1 rethrow=0 return_oop=0}
                      ; - (reexecute) com.dokar.quickjs.QuickJs::evalAndAwait@927 (line 331)
  0x0000021901589de8: 0a06 e971 | ebff ff48 

  0x0000021901589df0: ;   {runtime_call fast_new_instance Runtime1 stub}
  0x0000021901589df0: 8bd2 e889 

  0x0000021901589df4: ; ImmutableOopMap {[376]=Oop [384]=Oop [392]=Oop [400]=Oop }
                      ;*new {reexecute=0 rethrow=0 return_oop=0}
                      ; - com.dokar.quickjs.QuickJs::evalAndAwait@927 (line 331)
  0x0000021901589df4: bc0a 06e9 | bceb ffff | 4889 3424 

  0x0000021901589e00: ;   {runtime_call throw_class_cast_exception Runtime1 stub}
  0x0000021901589e00: e87b d70a 

  0x0000021901589e04: ; ImmutableOopMap {r8=Oop r13=Oop [184]=Oop [192]=Oop [200]=Oop }
                      ;*checkcast {reexecute=0 rethrow=0 return_oop=0}
                      ; - kotlin.ResultKt::throwOnFailure@8 (line 132)
                      ; - com.dokar.quickjs.QuickJs::evalAndAwait@114 (line 323)
                      ;   {runtime_call throw_null_pointer_exception Runtime1 stub}
  0x0000021901589e04: 06e8 76b3 

  0x0000021901589e08: ; ImmutableOopMap {r8=Oop r13=Oop [184]=Oop [192]=Oop [200]=Oop }
                      ;*getfield exception {reexecute=1 rethrow=0 return_oop=0}
                      ; - (reexecute) kotlin.ResultKt::throwOnFailure@11 (line 132)
                      ; - com.dokar.quickjs.QuickJs::evalAndAwait@114 (line 323)
                      ;   {runtime_call throw_null_pointer_exception Runtime1 stub}
  0x0000021901589e08: 0a06 e871 

  0x0000021901589e0c: ; ImmutableOopMap {r8=Oop r13=Oop rax=Oop [184]=Oop [192]=Oop [200]=Oop }
                      ;*athrow {reexecute=1 rethrow=0 return_oop=0}
                      ; - (reexecute) kotlin.ResultKt::throwOnFailure@14 (line 132)
                      ; - com.dokar.quickjs.QuickJs::evalAndAwait@114 (line 323)
  0x0000021901589e0c: b30a 0648 

  0x0000021901589e10: ;   {runtime_call throw_class_cast_exception Runtime1 stub}
  0x0000021901589e10: 8934 24e8 

  0x0000021901589e14: ; ImmutableOopMap {rdi=Oop rsi=Oop r13=Oop [184]=Oop [200]=Oop }
                      ;*checkcast {reexecute=0 rethrow=0 return_oop=0}
                      ; - kotlin.ResultKt::throwOnFailure@8 (line 132)
                      ; - com.dokar.quickjs.QuickJs::evalAndAwait@164 (line 323)
  0x0000021901589e14: 68d7 0a06 

  0x0000021901589e18: ;   {runtime_call throw_null_pointer_exception Runtime1 stub}
  0x0000021901589e18: e863 b30a 

  0x0000021901589e1c: ; ImmutableOopMap {rdi=Oop rsi=Oop r13=Oop [184]=Oop [200]=Oop }
                      ;*getfield exception {reexecute=1 rethrow=0 return_oop=0}
                      ; - (reexecute) kotlin.ResultKt::throwOnFailure@11 (line 132)
                      ; - com.dokar.quickjs.QuickJs::evalAndAwait@164 (line 323)
                      ;   {runtime_call throw_null_pointer_exception Runtime1 stub}
  0x0000021901589e1c: 06e8 5eb3 

  0x0000021901589e20: ; ImmutableOopMap {rdi=Oop rsi=Oop r13=Oop rax=Oop [184]=Oop [200]=Oop }
                      ;*athrow {reexecute=1 rethrow=0 return_oop=0}
                      ; - (reexecute) kotlin.ResultKt::throwOnFailure@14 (line 132)
                      ; - com.dokar.quickjs.QuickJs::evalAndAwait@164 (line 323)
  0x0000021901589e20: 0a06 4889 

  0x0000021901589e24: ;   {runtime_call throw_class_cast_exception Runtime1 stub}
  0x0000021901589e24: 3424 e855 

  0x0000021901589e28: ; ImmutableOopMap {rbx=Oop rdx=Oop r13=Oop rsi=Oop [184]=Oop [200]=Oop }
                      ;*checkcast {reexecute=0 rethrow=0 return_oop=0}
                      ; - kotlin.ResultKt::throwOnFailure@8 (line 132)
                      ; - com.dokar.quickjs.QuickJs::evalAndAwait@259 (line 323)
                      ;   {runtime_call throw_null_pointer_exception Runtime1 stub}
  0x0000021901589e28: d70a 06e8 

  0x0000021901589e2c: ; ImmutableOopMap {rbx=Oop rdx=Oop r13=Oop rsi=Oop [184]=Oop [200]=Oop }
                      ;*getfield exception {reexecute=1 rethrow=0 return_oop=0}
                      ; - (reexecute) kotlin.ResultKt::throwOnFailure@11 (line 132)
                      ; - com.dokar.quickjs.QuickJs::evalAndAwait@259 (line 323)
  0x0000021901589e2c: 50b3 0a06 

  0x0000021901589e30: ;   {runtime_call throw_null_pointer_exception Runtime1 stub}
  0x0000021901589e30: e84b b30a 

  0x0000021901589e34: ; ImmutableOopMap {rbx=Oop rdx=Oop r13=Oop rsi=Oop rax=Oop [184]=Oop [200]=Oop }
                      ;*athrow {reexecute=1 rethrow=0 return_oop=0}
                      ; - (reexecute) kotlin.ResultKt::throwOnFailure@14 (line 132)
                      ; - com.dokar.quickjs.QuickJs::evalAndAwait@259 (line 323)
  0x0000021901589e34: 0648 8934 

  0x0000021901589e38: ;   {runtime_call throw_class_cast_exception Runtime1 stub}
  0x0000021901589e38: 24e8 42d7 

  0x0000021901589e3c: ; ImmutableOopMap {r14=Oop r8=Oop r9=Oop r11=Oop rsi=Oop [184]=Oop [200]=Oop }
                      ;*checkcast {reexecute=0 rethrow=0 return_oop=0}
                      ; - kotlin.ResultKt::throwOnFailure@8 (line 132)
                      ; - com.dokar.quickjs.QuickJs::evalAndAwait@431 (line 323)
                      ;   {runtime_call throw_null_pointer_exception Runtime1 stub}
  0x0000021901589e3c: 0a06 e83d 

  0x0000021901589e40: ; ImmutableOopMap {r14=Oop r8=Oop r9=Oop r11=Oop rsi=Oop [184]=Oop [200]=Oop }
                      ;*getfield exception {reexecute=1 rethrow=0 return_oop=0}
                      ; - (reexecute) kotlin.ResultKt::throwOnFailure@11 (line 132)
                      ; - com.dokar.quickjs.QuickJs::evalAndAwait@431 (line 323)
                      ;   {runtime_call throw_null_pointer_exception Runtime1 stub}
  0x0000021901589e40: b30a 06e8 

  0x0000021901589e44: ; ImmutableOopMap {r14=Oop r8=Oop r9=Oop r11=Oop rsi=Oop rax=Oop [184]=Oop [200]=Oop }
                      ;*athrow {reexecute=1 rethrow=0 return_oop=0}
                      ; - (reexecute) kotlin.ResultKt::throwOnFailure@14 (line 132)
                      ; - com.dokar.quickjs.QuickJs::evalAndAwait@431 (line 323)
  0x0000021901589e44: 38b3 0a06 | 4889 3424 

  0x0000021901589e4c: ;   {runtime_call throw_class_cast_exception Runtime1 stub}
  0x0000021901589e4c: e82f d70a 

  0x0000021901589e50: ; ImmutableOopMap {rcx=Oop r8=Oop r9=Oop rsi=Oop [184]=Oop [200]=Oop }
                      ;*checkcast {reexecute=0 rethrow=0 return_oop=0}
                      ; - kotlin.ResultKt::throwOnFailure@8 (line 132)
                      ; - com.dokar.quickjs.QuickJs::evalAndAwait@601 (line 323)
                      ;   {runtime_call throw_null_pointer_exception Runtime1 stub}
  0x0000021901589e50: 06e8 2ab3 

  0x0000021901589e54: ; ImmutableOopMap {rcx=Oop r8=Oop r9=Oop rsi=Oop [184]=Oop [200]=Oop }
                      ;*getfield exception {reexecute=1 rethrow=0 return_oop=0}
                      ; - (reexecute) kotlin.ResultKt::throwOnFailure@11 (line 132)
                      ; - com.dokar.quickjs.QuickJs::evalAndAwait@601 (line 323)
                      ;   {runtime_call throw_null_pointer_exception Runtime1 stub}
  0x0000021901589e54: 0a06 e825 

  0x0000021901589e58: ; ImmutableOopMap {rcx=Oop r8=Oop r9=Oop rsi=Oop rax=Oop [184]=Oop [200]=Oop }
                      ;*athrow {reexecute=1 rethrow=0 return_oop=0}
                      ; - (reexecute) kotlin.ResultKt::throwOnFailure@14 (line 132)
                      ; - com.dokar.quickjs.QuickJs::evalAndAwait@601 (line 323)
  0x0000021901589e58: b30a 0648 

  0x0000021901589e5c: ;   {runtime_call throw_class_cast_exception Runtime1 stub}
  0x0000021901589e5c: 8934 24e8 

  0x0000021901589e60: ; ImmutableOopMap {r9=Oop rcx=Oop r8=Oop rsi=Oop [184]=Oop }
                      ;*checkcast {reexecute=0 rethrow=0 return_oop=0}
                      ; - kotlin.ResultKt::throwOnFailure@8 (line 132)
                      ; - com.dokar.quickjs.QuickJs::evalAndAwait@738 (line 323)
  0x0000021901589e60: 1cd7 0a06 

  0x0000021901589e64: ;   {runtime_call throw_null_pointer_exception Runtime1 stub}
  0x0000021901589e64: e817 b30a 

  0x0000021901589e68: ; ImmutableOopMap {r9=Oop rcx=Oop r8=Oop rsi=Oop [184]=Oop }
                      ;*getfield exception {reexecute=1 rethrow=0 return_oop=0}
                      ; - (reexecute) kotlin.ResultKt::throwOnFailure@11 (line 132)
                      ; - com.dokar.quickjs.QuickJs::evalAndAwait@738 (line 323)
                      ;   {runtime_call throw_null_pointer_exception Runtime1 stub}
  0x0000021901589e68: 06e8 12b3 

  0x0000021901589e6c: ; ImmutableOopMap {r9=Oop rcx=Oop r8=Oop rsi=Oop rax=Oop [184]=Oop }
                      ;*athrow {reexecute=1 rethrow=0 return_oop=0}
                      ; - (reexecute) kotlin.ResultKt::throwOnFailure@14 (line 132)
                      ; - com.dokar.quickjs.QuickJs::evalAndAwait@738 (line 323)
  0x0000021901589e6c: 0a06 4889 

  0x0000021901589e70: ;   {runtime_call throw_class_cast_exception Runtime1 stub}
  0x0000021901589e70: 3424 e809 

  0x0000021901589e74: ; ImmutableOopMap {rcx=Oop rdi=Oop rbx=Oop rsi=Oop [184]=Oop }
                      ;*checkcast {reexecute=0 rethrow=0 return_oop=0}
                      ; - kotlin.ResultKt::throwOnFailure@8 (line 132)
                      ; - com.dokar.quickjs.QuickJs::evalAndAwait@910 (line 323)
                      ;   {runtime_call throw_null_pointer_exception Runtime1 stub}
  0x0000021901589e74: d70a 06e8 

  0x0000021901589e78: ; ImmutableOopMap {rcx=Oop rdi=Oop rbx=Oop rsi=Oop [184]=Oop }
                      ;*getfield exception {reexecute=1 rethrow=0 return_oop=0}
                      ; - (reexecute) kotlin.ResultKt::throwOnFailure@11 (line 132)
                      ; - com.dokar.quickjs.QuickJs::evalAndAwait@910 (line 323)
  0x0000021901589e78: 04b3 0a06 

  0x0000021901589e7c: ;   {runtime_call throw_null_pointer_exception Runtime1 stub}
  0x0000021901589e7c: e8ff b20a 

  0x0000021901589e80: ; ImmutableOopMap {rcx=Oop rdi=Oop rbx=Oop rsi=Oop rax=Oop [184]=Oop }
                      ;*athrow {reexecute=1 rethrow=0 return_oop=0}
                      ; - (reexecute) kotlin.ResultKt::throwOnFailure@14 (line 132)
                      ; - com.dokar.quickjs.QuickJs::evalAndAwait@910 (line 323)
                      ;   {metadata(nullptr)}
  0x0000021901589e80: 0648 ba00 | 0000 0000 | 0000 00b8 | 000f 050a 

  0x0000021901589e90: ;   {runtime_call load_klass_patching Runtime1 stub}
  0x0000021901589e90: e86b f30a 

  0x0000021901589e94: ; ImmutableOopMap {}
                      ;*new {reexecute=1 rethrow=0 return_oop=0}
                      ; - (reexecute) com.dokar.quickjs.QuickJs::evalAndAwait@1020 (line 323)
  0x0000021901589e94: 06e9 cef2 | ffff 488b 

  0x0000021901589e9c: ;   {runtime_call fast_new_instance Runtime1 stub}
  0x0000021901589e9c: d2e8 debb 

  0x0000021901589ea0: ; ImmutableOopMap {}
                      ;*new {reexecute=0 rethrow=0 return_oop=0}
                      ; - com.dokar.quickjs.QuickJs::evalAndAwait@1020 (line 323)
  0x0000021901589ea0: 0a06 e919 

  0x0000021901589ea4: ;   {runtime_call throw_incompatible_class_change_error Runtime1 stub}
  0x0000021901589ea4: f3ff ffe8 

  0x0000021901589ea8: ; ImmutableOopMap {r8=Oop rdx=Oop [432]=Oop [440]=Oop [448]=Oop }
                      ;*invokeinterface unlock {reexecute=0 rethrow=0 return_oop=0}
                      ; - com.dokar.quickjs.QuickJs::evalAndAwait@627 (line 710)
  0x0000021901589ea8: d4d9 0a06 

  0x0000021901589eac: ;   {runtime_call throw_null_pointer_exception Runtime1 stub}
  0x0000021901589eac: e8cf b20a 

  0x0000021901589eb0: ; ImmutableOopMap {r8=Oop rdx=Oop [432]=Oop [440]=Oop [448]=Oop }
                      ;*invokeinterface unlock {reexecute=0 rethrow=0 return_oop=0}
                      ; - com.dokar.quickjs.QuickJs::evalAndAwait@627 (line 710)
                      ;   {runtime_call throw_incompatible_class_change_error Runtime1 stub}
  0x0000021901589eb0: 06e8 cad9 

  0x0000021901589eb4: ; ImmutableOopMap {rdi=Oop rsi=Oop [392]=Oop [400]=Oop [456]=Oop }
                      ;*invokeinterface unlock {reexecute=0 rethrow=0 return_oop=0}
                      ; - com.dokar.quickjs.QuickJs::evalAndAwait@970 (line 721)
                      ;   {runtime_call throw_null_pointer_exception Runtime1 stub}
  0x0000021901589eb4: 0a06 e8c5 

  0x0000021901589eb8: ; ImmutableOopMap {rdi=Oop rsi=Oop [392]=Oop [400]=Oop [456]=Oop }
                      ;*invokeinterface unlock {reexecute=0 rethrow=0 return_oop=0}
                      ; - com.dokar.quickjs.QuickJs::evalAndAwait@970 (line 721)
                      ;   {runtime_call throw_incompatible_class_change_error Runtime1 stub}
  0x0000021901589eb8: b20a 06e8 

  0x0000021901589ebc: ; ImmutableOopMap {r8=Oop rdx=Oop [464]=Oop }
                      ;*invokeinterface unlock {reexecute=0 rethrow=0 return_oop=0}
                      ; - com.dokar.quickjs.QuickJs::evalAndAwait@1002 (line 723)
  0x0000021901589ebc: c0d9 0a06 

  0x0000021901589ec0: ;   {runtime_call throw_null_pointer_exception Runtime1 stub}
  0x0000021901589ec0: e8bb b20a 

  0x0000021901589ec4: ; ImmutableOopMap {r8=Oop rdx=Oop [464]=Oop }
                      ;*invokeinterface unlock {reexecute=0 rethrow=0 return_oop=0}
                      ; - com.dokar.quickjs.QuickJs::evalAndAwait@1002 (line 723)
  0x0000021901589ec4: 064c 8b84 | 24f8 0000 | 0048 8b94 | 2400 0100 | 00e9 9af4 | ffff 4c8b | 8424 f800 | 0000 488b 
  0x0000021901589ee4: 9424 0001 | 0000 e985 | f4ff ff4c | 8b84 2410 | 0100 0048 | 8b94 2418 | 0100 0048 | ffb4 2428 
  0x0000021901589f04: 0100 0048 | 8f84 24c0 | 0100 0048 | ffb4 2430 | 0100 0048 | 8f84 24b8 | 0100 00e9 | e5f2 ffff 
  0x0000021901589f24: 4c8b 8424 | 5001 0000 | 488b 9424 | 4001 0000 | e93b f4ff | ff4c 8b84 | 2450 0100 | 0048 8b94 
  0x0000021901589f44: 2440 0100 | 00e9 26f4 | ffff 4c8b | 8424 6801 | 0000 488b | 9424 7001 | 0000 e911 | f4ff ff4c 
  0x0000021901589f64: 8b84 2468 | 0100 0048 | 8b94 2470 | 0100 00e9 | fcf3 ffff | 4c8b 8424 | 9001 0000 | 488b 9424 
  0x0000021901589f84: 8801 0000 | e9e7 f3ff 

  0x0000021901589f8c: ;   {oop(nullptr)}
  0x0000021901589f8c: ff49 b800 | 0000 0000 | 0000 0049 | 8bd3 e9d5 | f3ff ff48 

  0x0000021901589fa0: ;   {oop(nullptr)}
  0x0000021901589fa0: 8bd1 49ba | 0000 0000 | 0000 0000 | 4c89 9424 | c001 0000 | 4c89 8424 | b801 0000 

  0x0000021901589fbc: ;   {oop(nullptr)}
  0x0000021901589fbc: 49b8 0000 | 0000 0000 | 0000 e93e 

  0x0000021901589fc8: ;   {oop(nullptr)}
  0x0000021901589fc8: f2ff ff49 | b800 0000 | 0000 0000 | 0048 8bd1 | e997 f3ff 

  0x0000021901589fdc: ;   {oop(nullptr)}
  0x0000021901589fdc: ff49 b800 | 0000 0000 | 0000 0048 | 8bd3 e985 | f3ff ff4c | 8b84 24c0 | 0100 0048 | 8b94 24b8 
  0x0000021901589ffc: 0100 00e9 | 70f3 ffff | 4c8b 8424 | c001 0000 | 488b 9424 | b801 0000 | e95b f3ff | ff4c 8b84 
  0x000002190158a01c: 2490 0100 | 0048 8b94 | 2488 0100 | 00e9 46f3 | ffff 4c8b | 8424 9001 | 0000 488b | 9424 8801 
  0x000002190158a03c: 0000 e931 | f3ff ff4c | 8b84 24f8 | 0000 0048 | 8bd3 e921 | f3ff ff4c | 8b84 24f8 | 0000 0048 
  0x000002190158a05c: 8bd3 e911 | f3ff ff4c | 8b84 2410 | 0100 0049 | 8bd1 48ff | b424 2801 | 0000 488f | 8424 c001 
  0x000002190158a07c: 0000 4c89 | 9c24 b801 | 0000 e97e | f1ff ff4c | 8b84 2450 | 0100 0048 | 8b94 2440 | 0100 00e9 
  0x000002190158a09c: d4f2 ffff | 4c8b 8424 | 5001 0000 | 488b 9424 | 4001 0000 | e9bf f2ff | ff4c 8b84 | 2468 0100 
  0x000002190158a0bc: 0048 8bd1 | e9af f2ff | ff4c 8b84 | 2468 0100 | 0048 8bd1 | e99f f2ff | ff4c 8b84 | 2490 0100 
  0x000002190158a0dc: ;   {no_reloc}
  0x000002190158a0dc: 0048 8b94 | 2488 0100 | 00e9 8af2 | ffff 4c8b | 8424 9001 | 0000 488b | 9424 8801 | 0000 e975 
  0x000002190158a0fc: ;   {oop(nullptr)}
  0x000002190158a0fc: f2ff ff49 | b800 0000 | 0000 0000 | 0049 8bd3 | e963 f2ff 

  0x000002190158a110: ;   {oop(nullptr)}
  0x000002190158a110: ff49 b800 | 0000 0000 | 0000 0049 | 8bd3 e951 

  0x000002190158a120: ;   {oop(nullptr)}
  0x000002190158a120: f2ff ff49 | b800 0000 | 0000 0000 | 0049 8bd3 | e93f f2ff | ff48 8bd1 

  0x000002190158a138: ;   {oop(nullptr)}
  0x000002190158a138: 49ba 0000 | 0000 0000 | 0000 4c89 | 9424 c001 | 0000 4c89 | 8424 b801 

  0x000002190158a150: ;   {oop(nullptr)}
  0x000002190158a150: 0000 49b8 | 0000 0000 | 0000 0000 | e9a8 f0ff | ff48 8bd1 

  0x000002190158a164: ;   {oop(nullptr)}
  0x000002190158a164: 49ba 0000 | 0000 0000 | 0000 4c89 | 9424 c001 | 0000 4c89 | 8424 b801 

  0x000002190158a17c: ;   {oop(nullptr)}
  0x000002190158a17c: 0000 49b8 | 0000 0000 | 0000 0000 | e97c f0ff | ff48 8bd1 

  0x000002190158a190: ;   {oop(nullptr)}
  0x000002190158a190: 49ba 0000 | 0000 0000 | 0000 4c89 | 9424 c001 | 0000 4c89 | 8424 b801 

  0x000002190158a1a8: ;   {oop(nullptr)}
  0x000002190158a1a8: 0000 49b8 | 0000 0000 | 0000 0000 | e950 f0ff 

  0x000002190158a1b8: ;   {oop(nullptr)}
  0x000002190158a1b8: ff49 b800 | 0000 0000 | 0000 0048 | 8bd1 e9a9 

  0x000002190158a1c8: ;   {oop(nullptr)}
  0x000002190158a1c8: f1ff ff49 | b800 0000 | 0000 0000 | 0048 8bd1 | e997 f1ff 

  0x000002190158a1dc: ;   {oop(nullptr)}
  0x000002190158a1dc: ff49 b800 | 0000 0000 | 0000 0048 | 8bd1 e985 

  0x000002190158a1ec: ;   {oop(nullptr)}
  0x000002190158a1ec: f1ff ff49 | b800 0000 | 0000 0000 | 0048 8bd3 | e973 f1ff 

  0x000002190158a200: ;   {oop(nullptr)}
  0x000002190158a200: ff49 b800 | 0000 0000 | 0000 0048 | 8bd3 e961 

  0x000002190158a210: ;   {oop(nullptr)}
  0x000002190158a210: f1ff ff49 | b800 0000 | 0000 0000 | 0048 8bd3 | e94f f1ff | ff4c 8b84 | 24c0 0100 | 0048 8b94 
  0x000002190158a230: 24b8 0100 | 00e9 3af1 | ffff 4c8b | 8424 c001 | 0000 488b | 9424 b801 | 0000 e925 | f1ff ff4c 
  0x000002190158a250: 8b84 2490 | 0100 0048 | 8b94 2488 | 0100 00e9 | 10f1 ffff | 4c8b 8424 | 9001 0000 | 488b 9424 
  0x000002190158a270: 8801 0000 | e9fb f0ff | ff49 8b87 | 0005 0000 | 49c7 8700 | 0500 0000 | 0000 0049 | c787 0805 
  0x000002190158a290: 0000 0000 | 0000 4881 | c4e0 0100 

  0x000002190158a29c: ;   {runtime_call unwind_exception Runtime1 stub}
  0x000002190158a29c: 005d e9dd | 9f0a 06f4 | f4f4 f4f4 
[Stub Code]
  0x000002190158a2a8: ;   {no_reloc}
  0x000002190158a2a8: 0f1f 4400 

  0x000002190158a2ac: ;   {static_stub}
  0x000002190158a2ac: 0048 bb00 | 0000 0000 

  0x000002190158a2b4: ;   {runtime_call nmethod}
  0x000002190158a2b4: 0000 00e9 | fbff ffff 

  0x000002190158a2bc: ;   {static_stub}
  0x000002190158a2bc: 9048 bb00 | 0000 0000 

  0x000002190158a2c4: ;   {runtime_call nmethod}
  0x000002190158a2c4: 0000 00e9 | fbff ffff 

  0x000002190158a2cc: ;   {static_stub}
  0x000002190158a2cc: 9048 bb00 | 0000 0000 

  0x000002190158a2d4: ;   {runtime_call nmethod}
  0x000002190158a2d4: 0000 00e9 | fbff ffff 

  0x000002190158a2dc: ;   {static_stub}
  0x000002190158a2dc: 9048 bb00 | 0000 0000 

  0x000002190158a2e4: ;   {runtime_call nmethod}
  0x000002190158a2e4: 0000 00e9 | fbff ffff 

  0x000002190158a2ec: ;   {static_stub}
  0x000002190158a2ec: 9048 bb00 | 0000 0000 

  0x000002190158a2f4: ;   {runtime_call nmethod}
  0x000002190158a2f4: 0000 00e9 | fbff ffff 

  0x000002190158a2fc: ;   {static_stub}
  0x000002190158a2fc: 9048 bb00 | 0000 0000 

  0x000002190158a304: ;   {runtime_call nmethod}
  0x000002190158a304: 0000 00e9 | fbff ffff 

  0x000002190158a30c: ;   {static_stub}
  0x000002190158a30c: 9048 bb00 | 0000 0000 

  0x000002190158a314: ;   {runtime_call nmethod}
  0x000002190158a314: 0000 00e9 | fbff ffff 

  0x000002190158a31c: ;   {static_stub}
  0x000002190158a31c: 9048 bb00 | 0000 0000 

  0x000002190158a324: ;   {runtime_call nmethod}
  0x000002190158a324: 0000 00e9 | fbff ffff 

  0x000002190158a32c: ;   {static_stub}
  0x000002190158a32c: 9048 bb00 | 0000 0000 

  0x000002190158a334: ;   {runtime_call nmethod}
  0x000002190158a334: 0000 00e9 | fbff ffff 

  0x000002190158a33c: ;   {static_stub}
  0x000002190158a33c: 9048 bb00 | 0000 0000 

  0x000002190158a344: ;   {runtime_call nmethod}
  0x000002190158a344: 0000 00e9 | fbff ffff 

  0x000002190158a34c: ;   {static_stub}
  0x000002190158a34c: 9048 bb00 | 0000 0000 

  0x000002190158a354: ;   {runtime_call nmethod}
  0x000002190158a354: 0000 00e9 | fbff ffff 

  0x000002190158a35c: ;   {static_stub}
  0x000002190158a35c: 48bb 0000 | 0000 0000 

  0x000002190158a364: ;   {runtime_call nmethod}
  0x000002190158a364: 0000 e9fb 

  0x000002190158a368: ;   {static_stub}
  0x000002190158a368: ffff ff48 | bb40 50d8 | 8119 0200 

  0x000002190158a374: ;   {runtime_call I2C/C2I adapters}
  0x000002190158a374: 00e9 6d9c 

  0x000002190158a378: ;   {static_stub}
  0x000002190158a378: ff05 48bb | 0000 0000 | 0000 0000 

  0x000002190158a384: ;   {runtime_call nmethod}
  0x000002190158a384: e9fb ffff 

  0x000002190158a388: ;   {static_stub}
  0x000002190158a388: ff48 bb00 | 0000 0000 

  0x000002190158a390: ;   {runtime_call nmethod}
  0x000002190158a390: 0000 00e9 | fbff ffff 

  0x000002190158a398: ;   {static_stub}
  0x000002190158a398: 48bb 0000 | 0000 0000 

  0x000002190158a3a0: ;   {runtime_call nmethod}
  0x000002190158a3a0: 0000 e9fb 

  0x000002190158a3a4: ;   {static_stub}
  0x000002190158a3a4: ffff ff48 | bb00 0000 | 0000 0000 

  0x000002190158a3b0: ;   {runtime_call nmethod}
  0x000002190158a3b0: 00e9 fbff 

  0x000002190158a3b4: ;   {static_stub}
  0x000002190158a3b4: ffff 48bb | 0000 0000 | 0000 0000 

  0x000002190158a3c0: ;   {runtime_call nmethod}
  0x000002190158a3c0: e9fb ffff 

  0x000002190158a3c4: ;   {runtime_call handle_exception_from_callee Runtime1 stub}
  0x000002190158a3c4: ffe8 b6cb 

  0x000002190158a3c8: ;   {external_word}
  0x000002190158a3c8: 0a06 48b9 | d061 ad77 | fe7f 0000 | 4883 e4f0 

  0x000002190158a3d8: ;   {runtime_call}
  0x000002190158a3d8: 48b8 90db | 7b77 fe7f | 0000 ffd0 

  0x000002190158a3e4: ;   {section_word}
  0x000002190158a3e4: f449 bae5 | a358 0119 | 0200 0041 

  0x000002190158a3f0: ;   {runtime_call DeoptimizationBlob}
  0x000002190158a3f0: 52e9 2aa3 | ff05 f4f4 
[/MachCode]


---------------  P R O C E S S  ---------------

Threads class SMR info:
_java_thread_list=0x00000219863bcf70, length=139, elements={
0x000002197ca2efb0, 0x00000219193abc20, 0x00000219193bb790, 0x00000219193bbe00,
0x00000219193e6e50, 0x0000021919407560, 0x0000021919407fc0, 0x00000219194099a0,
0x000002191940b2a0, 0x00000219194108c0, 0x000002191956d090, 0x000002191e384190,
0x000002191e3855f0, 0x000002191e3b4460, 0x000002191e76fcf0, 0x000002191e76efd0,
0x000002191e76d590, 0x000002191e76cf00, 0x00000219718b43f0, 0x0000021971a6cf70,
0x00000219770f4ba0, 0x00000219787c5ab0, 0x000002197947de30, 0x0000021976fb82e0,
0x0000021976fb9000, 0x0000021976fbcb10, 0x0000021971a6aea0, 0x00000219770f2ad0,
0x0000021976fb3420, 0x0000021976fb1350, 0x0000021976fb6210, 0x0000021971a6a810,
0x0000021971a69af0, 0x0000021976fb2700, 0x0000021976faf280, 0x0000021976fbaa40,
0x0000021976fb9690, 0x0000021976fbd830, 0x0000021976fbd1a0, 0x0000021976fbdec0,
0x00000219929652b0, 0x0000021992968730, 0x0000021992968dc0, 0x0000021992965940,
0x0000021992969ae0, 0x0000021992966660, 0x000002199296a170, 0x000002199296a800,
0x0000021977118460, 0x0000021977118af0, 0x0000021977119180, 0x0000021977116a20,
0x0000021979474740, 0x0000021979476180, 0x0000021979476ea0, 0x000002197947d7a0,
0x0000021979475af0, 0x000002197947ca80, 0x0000021979479600, 0x000002197947f870,
0x000002197947ff00, 0x0000021979480c20, 0x00000219770f7300, 0x00000219770f5f50,
0x00000219770f86b0, 0x00000219770f8d40, 0x00000219770f9a60, 0x00000219770f8020,
0x00000219770fa0f0, 0x00000219718b0250, 0x00000219718b08e0, 0x00000219718b0f70,
0x00000219718b36d0, 0x0000021976fe77a0, 0x0000021976fec660, 0x0000021976fe91e0,
0x0000021976fe9f00, 0x0000021976fea590, 0x00000219765f5dc0, 0x00000219765f6ae0,
0x00000219765fb9a0, 0x00000219765fc030, 0x00000219765fc6c0, 0x00000219765fac80,
0x00000219765fb310, 0x000002197191e810, 0x0000021971920250, 0x00000219719229b0,
0x0000021971925110, 0x00000219787c4d90, 0x00000219787c74f0, 0x0000021992971790,
0x0000021971a6e320, 0x000002191e76f660, 0x0000021920f41e20, 0x00000219770f93d0,
0x0000021994b76970, 0x0000021994b77d20, 0x0000021994b755c0, 0x0000021994b77000,
0x0000021994b7b830, 0x0000021994b827c0, 0x0000021994b82130, 0x0000021994b7f9d0,
0x0000021994b80060, 0x000002199dd102e0, 0x000002199dd0db80, 0x000002199dd11000,
0x000002199dd0ef30, 0x000002199dd0fc50, 0x000002199dd13df0, 0x000002199dd10970,
0x000002199dd14480, 0x000002199dd12a40, 0x000002199dd14b10, 0x000002199dd130d0,
0x000002199dd151a0, 0x000002199dd13760, 0x000002199dd11d20, 0x000002199dd18620,
0x000002199dd18cb0, 0x000002199dd16550, 0x000002199dd15830, 0x000002199dd16be0,
0x000002199dd17270, 0x000002199dd19340, 0x000002199dd15ec0, 0x000002199dd199d0,
0x000002199dd1a060, 0x000002199dd17900, 0x000002199dd17f90, 0x000002199dd1ce50,
0x000002199dd1c130, 0x000002199dd1ad80, 0x000002199dd1d4e0, 0x000002199dd1b410,
0x000002199dd1c7c0, 0x000002199dd1a6f0, 0x000002199dd1db70
}

Java Threads: ( => current thread )
  0x000002197ca2efb0 JavaThread "main"                              [_thread_blocked, id=15800, stack(0x000000f024000000,0x000000f024100000) (1024K)]
  0x00000219193abc20 JavaThread "Common-Cleaner"             daemon [_thread_blocked, id=32688, stack(0x000000f024800000,0x000000f024900000) (1024K)]
  0x00000219193bb790 JavaThread "Reference Handler"          daemon [_thread_blocked, id=32704, stack(0x000000f024900000,0x000000f024a00000) (1024K)]
  0x00000219193bbe00 JavaThread "Finalizer"                  daemon [_thread_blocked, id=32708, stack(0x000000f024a00000,0x000000f024b00000) (1024K)]
  0x00000219193e6e50 JavaThread "Signal Dispatcher"          daemon [_thread_blocked, id=32700, stack(0x000000f024b00000,0x000000f024c00000) (1024K)]
  0x0000021919407560 JavaThread "Attach Listener"            daemon [_thread_blocked, id=29820, stack(0x000000f024c00000,0x000000f024d00000) (1024K)]
  0x0000021919407fc0 JavaThread "Service Thread"             daemon [_thread_blocked, id=32712, stack(0x000000f024d00000,0x000000f024e00000) (1024K)]
  0x00000219194099a0 JavaThread "Monitor Deflation Thread"   daemon [_thread_blocked, id=32444, stack(0x000000f024e00000,0x000000f024f00000) (1024K)]
  0x000002191940b2a0 JavaThread "C2 CompilerThread0"         daemon [_thread_blocked, id=32448, stack(0x000000f024f00000,0x000000f025000000) (1024K)]
  0x00000219194108c0 JavaThread "C1 CompilerThread0"         daemon [_thread_blocked, id=32452, stack(0x000000f025000000,0x000000f025100000) (1024K)]
  0x000002191956d090 JavaThread "Notification Thread"        daemon [_thread_blocked, id=32716, stack(0x000000f025100000,0x000000f025200000) (1024K)]
  0x000002191e384190 JavaThread "Java2D Disposer"            daemon [_thread_blocked, id=32744, stack(0x000000f025300000,0x000000f025400000) (1024K)]
  0x000002191e3855f0 JavaThread "AWT-Shutdown"                      [_thread_blocked, id=32740, stack(0x000000f025400000,0x000000f025500000) (1024K)]
  0x000002191e3b4460 JavaThread "AWT-Windows"                daemon [_thread_in_native, id=32576, stack(0x000000f025500000,0x000000f025600000) (1024K)]
  0x000002191e76fcf0 JavaThread "kotlinx.coroutines.DefaultExecutor" daemon [_thread_blocked, id=31952, stack(0x000000f026600000,0x000000f026700000) (1024K)]
  0x000002191e76efd0 JavaThread "Reference Cleaner"          daemon [_thread_blocked, id=26044, stack(0x000000f025200000,0x000000f025300000) (1024K)]
  0x000002191e76d590 JavaThread "AWT-EventQueue-0"                  [_thread_blocked, id=9396, stack(0x000000f026700000,0x000000f026800000) (1024K)]
  0x000002191e76cf00 JavaThread "TimerQueue"                 daemon [_thread_blocked, id=32844, stack(0x000000f026a00000,0x000000f026b00000) (1024K)]
  0x00000219718b43f0 JavaThread "DefaultDispatcher-worker-5" daemon [_thread_blocked, id=33348, stack(0x000000f028d00000,0x000000f028e00000) (1024K)]
  0x0000021971a6cf70 JavaThread "DefaultDispatcher-worker-12" daemon [_thread_blocked, id=33724, stack(0x000000f02ab00000,0x000000f02ac00000) (1024K)]
  0x00000219770f4ba0 JavaThread "HttpClient-1-SelectorManager" daemon [_thread_in_native, id=32872, stack(0x000000f02b000000,0x000000f02b100000) (1024K)]
  0x00000219787c5ab0 JavaThread "DefaultDispatcher-worker-2" daemon [_thread_blocked, id=24408, stack(0x000000f02c200000,0x000000f02c300000) (1024K)]
  0x000002197947de30 JavaThread "DefaultDispatcher-worker-1" daemon [_thread_blocked, id=33452, stack(0x000000f026f00000,0x000000f027000000) (1024K)]
  0x0000021976fb82e0 JavaThread "DefaultDispatcher-worker-10" daemon [_thread_blocked, id=13860, stack(0x000000f029000000,0x000000f029100000) (1024K)]
  0x0000021976fb9000 JavaThread "OkHttp TaskRunner"          daemon [_thread_blocked, id=13760, stack(0x000000f029200000,0x000000f029300000) (1024K)]
  0x0000021976fbcb10 JavaThread "OkHttp TaskRunner"          daemon [_thread_blocked, id=13788, stack(0x000000f029400000,0x000000f029500000) (1024K)]
  0x0000021971a6aea0 JavaThread "DefaultDispatcher-worker-11" daemon [_thread_in_native, id=31840, stack(0x000000f025e00000,0x000000f025f00000) (1024K)]
  0x00000219770f2ad0 JavaThread "DefaultDispatcher-worker-3" daemon [_thread_in_native, id=29756, stack(0x000000f029b00000,0x000000f029c00000) (1024K)]
  0x0000021976fb3420 JavaThread "DefaultDispatcher-worker-8" daemon [_thread_blocked, id=21780, stack(0x000000f026300000,0x000000f026400000) (1024K)]
  0x0000021976fb1350 JavaThread "DefaultDispatcher-worker-6" daemon [_thread_blocked, id=4120, stack(0x000000f026c00000,0x000000f026d00000) (1024K)]
  0x0000021976fb6210 JavaThread "DefaultDispatcher-worker-4" daemon [_thread_blocked, id=29744, stack(0x000000f026d00000,0x000000f026e00000) (1024K)]
  0x0000021971a6a810 JavaThread "DefaultDispatcher-worker-7" daemon [_thread_blocked, id=13756, stack(0x000000f027c00000,0x000000f027d00000) (1024K)]
  0x0000021971a69af0 JavaThread "DefaultDispatcher-worker-9" daemon [_thread_in_native, id=11108, stack(0x000000f027e00000,0x000000f027f00000) (1024K)]
  0x0000021976fb2700 JavaThread "Okio Watchdog"              daemon [_thread_blocked, id=30676, stack(0x000000f023d00000,0x000000f023e00000) (1024K)]
  0x0000021976faf280 JavaThread "OkHttp hdhub.thevolecitor.qzz.io" daemon [_thread_in_native, id=15604, stack(0x000000f023f00000,0x000000f024000000) (1024K)]
  0x0000021976fbaa40 JavaThread "skiko-dispatcher-to-block-on" daemon [_thread_blocked, id=10084, stack(0x000000f026400000,0x000000f026500000) (1024K)]
  0x0000021976fb9690 JavaThread "DefaultDispatcher-worker-13" daemon [_thread_in_native, id=22684, stack(0x000000f026e00000,0x000000f026f00000) (1024K)]
  0x0000021976fbd830 JavaThread "DefaultDispatcher-worker-14" daemon [_thread_in_native, id=30612, stack(0x000000f027900000,0x000000f027a00000) (1024K)]
  0x0000021976fbd1a0 JavaThread "DefaultDispatcher-worker-15" daemon [_thread_blocked, id=10352, stack(0x000000f027d00000,0x000000f027e00000) (1024K)]
  0x0000021976fbdec0 JavaThread "DefaultDispatcher-worker-16" daemon [_thread_blocked, id=11812, stack(0x000000f028100000,0x000000f028200000) (1024K)]
  0x00000219929652b0 JavaThread "DefaultDispatcher-worker-17" daemon [_thread_in_native, id=13924, stack(0x000000f028200000,0x000000f028300000) (1024K)]
  0x0000021992968730 JavaThread "DefaultDispatcher-worker-18" daemon [_thread_blocked, id=22288, stack(0x000000f028300000,0x000000f028400000) (1024K)]
  0x0000021992968dc0 JavaThread "DefaultDispatcher-worker-20" daemon [_thread_blocked, id=22032, stack(0x000000f028400000,0x000000f028500000) (1024K)]
  0x0000021992965940 JavaThread "DefaultDispatcher-worker-19" daemon [_thread_blocked, id=32900, stack(0x000000f028500000,0x000000f028600000) (1024K)]
  0x0000021992969ae0 JavaThread "DefaultDispatcher-worker-21" daemon [_thread_blocked, id=28876, stack(0x000000f028600000,0x000000f028700000) (1024K)]
  0x0000021992966660 JavaThread "DefaultDispatcher-worker-22" daemon [_thread_blocked, id=17508, stack(0x000000f028700000,0x000000f028800000) (1024K)]
  0x000002199296a170 JavaThread "DefaultDispatcher-worker-23" daemon [_thread_blocked, id=18376, stack(0x000000f028800000,0x000000f028900000) (1024K)]
  0x000002199296a800 JavaThread "DefaultDispatcher-worker-24" daemon [_thread_blocked, id=10808, stack(0x000000f028900000,0x000000f028a00000) (1024K)]
  0x0000021977118460 JavaThread "DefaultDispatcher-worker-25" daemon [_thread_in_native, id=19280, stack(0x000000f027f00000,0x000000f028000000) (1024K)]
  0x0000021977118af0 JavaThread "DefaultDispatcher-worker-26" daemon [_thread_in_native, id=10976, stack(0x000000f028a00000,0x000000f028b00000) (1024K)]
  0x0000021977119180 JavaThread "DefaultDispatcher-worker-27" daemon [_thread_blocked, id=32808, stack(0x000000f028b00000,0x000000f028c00000) (1024K)]
  0x0000021977116a20 JavaThread "DefaultDispatcher-worker-28" daemon [_thread_in_native, id=14140, stack(0x000000f028c00000,0x000000f028d00000) (1024K)]
  0x0000021979474740 JavaThread "DefaultDispatcher-worker-29" daemon [_thread_blocked, id=13972, stack(0x000000f028e00000,0x000000f028f00000) (1024K)]
  0x0000021979476180 JavaThread "DefaultDispatcher-worker-30" daemon [_thread_blocked, id=22276, stack(0x000000f028f00000,0x000000f029000000) (1024K)]
  0x0000021979476ea0 JavaThread "DefaultDispatcher-worker-31" daemon [_thread_in_native, id=21592, stack(0x000000f029100000,0x000000f029200000) (1024K)]
  0x000002197947d7a0 JavaThread "DefaultDispatcher-worker-32" daemon [_thread_blocked, id=14380, stack(0x000000f029300000,0x000000f029400000) (1024K)]
  0x0000021979475af0 JavaThread "DefaultDispatcher-worker-33" daemon [_thread_blocked, id=20780, stack(0x000000f029500000,0x000000f029600000) (1024K)]
  0x000002197947ca80 JavaThread "DefaultDispatcher-worker-34" daemon [_thread_blocked, id=31556, stack(0x000000f029600000,0x000000f029700000) (1024K)]
  0x0000021979479600 JavaThread "DefaultDispatcher-worker-35" daemon [_thread_blocked, id=31152, stack(0x000000f029700000,0x000000f029800000) (1024K)]
  0x000002197947f870 JavaThread "DefaultDispatcher-worker-36" daemon [_thread_in_native, id=31448, stack(0x000000f029800000,0x000000f029900000) (1024K)]
  0x000002197947ff00 JavaThread "DefaultDispatcher-worker-37" daemon [_thread_blocked, id=21576, stack(0x000000f029900000,0x000000f029a00000) (1024K)]
  0x0000021979480c20 JavaThread "DefaultDispatcher-worker-38" daemon [_thread_blocked, id=11332, stack(0x000000f029a00000,0x000000f029b00000) (1024K)]
  0x00000219770f7300 JavaThread "DefaultDispatcher-worker-39" daemon [_thread_blocked, id=10376, stack(0x000000f029c00000,0x000000f029d00000) (1024K)]
  0x00000219770f5f50 JavaThread "DefaultDispatcher-worker-40" daemon [_thread_blocked, id=26564, stack(0x000000f029d00000,0x000000f029e00000) (1024K)]
  0x00000219770f86b0 JavaThread "DefaultDispatcher-worker-41" daemon [_thread_blocked, id=13720, stack(0x000000f029e00000,0x000000f029f00000) (1024K)]
  0x00000219770f8d40 JavaThread "DefaultDispatcher-worker-42" daemon [_thread_blocked, id=25396, stack(0x000000f029f00000,0x000000f02a000000) (1024K)]
  0x00000219770f9a60 JavaThread "DefaultDispatcher-worker-43" daemon [_thread_blocked, id=24676, stack(0x000000f02a000000,0x000000f02a100000) (1024K)]
  0x00000219770f8020 JavaThread "DefaultDispatcher-worker-44" daemon [_thread_blocked, id=32112, stack(0x000000f02a100000,0x000000f02a200000) (1024K)]
  0x00000219770fa0f0 JavaThread "DefaultDispatcher-worker-45" daemon [_thread_blocked, id=26952, stack(0x000000f02a200000,0x000000f02a300000) (1024K)]
  0x00000219718b0250 JavaThread "DefaultDispatcher-worker-46" daemon [_thread_blocked, id=33024, stack(0x000000f02a300000,0x000000f02a400000) (1024K)]
  0x00000219718b08e0 JavaThread "DefaultDispatcher-worker-47" daemon [_thread_blocked, id=7848, stack(0x000000f02a400000,0x000000f02a500000) (1024K)]
  0x00000219718b0f70 JavaThread "DefaultDispatcher-worker-48" daemon [_thread_blocked, id=20056, stack(0x000000f02a500000,0x000000f02a600000) (1024K)]
  0x00000219718b36d0 JavaThread "DefaultDispatcher-worker-49" daemon [_thread_blocked, id=10768, stack(0x000000f02a600000,0x000000f02a700000) (1024K)]
  0x0000021976fe77a0 JavaThread "DefaultDispatcher-worker-50" daemon [_thread_blocked, id=10396, stack(0x000000f02a700000,0x000000f02a800000) (1024K)]
  0x0000021976fec660 JavaThread "DefaultDispatcher-worker-51" daemon [_thread_blocked, id=6648, stack(0x000000f02a800000,0x000000f02a900000) (1024K)]
  0x0000021976fe91e0 JavaThread "DefaultDispatcher-worker-52" daemon [_thread_blocked, id=11876, stack(0x000000f02a900000,0x000000f02aa00000) (1024K)]
  0x0000021976fe9f00 JavaThread "DefaultDispatcher-worker-53" daemon [_thread_blocked, id=33804, stack(0x000000f02aa00000,0x000000f02ab00000) (1024K)]
  0x0000021976fea590 JavaThread "DefaultDispatcher-worker-54" daemon [_thread_blocked, id=18260, stack(0x000000f02ac00000,0x000000f02ad00000) (1024K)]
  0x00000219765f5dc0 JavaThread "DefaultDispatcher-worker-55" daemon [_thread_blocked, id=26636, stack(0x000000f02ad00000,0x000000f02ae00000) (1024K)]
  0x00000219765f6ae0 JavaThread "DefaultDispatcher-worker-56" daemon [_thread_blocked, id=11124, stack(0x000000f02ae00000,0x000000f02af00000) (1024K)]
  0x00000219765fb9a0 JavaThread "DefaultDispatcher-worker-57" daemon [_thread_blocked, id=11940, stack(0x000000f02af00000,0x000000f02b000000) (1024K)]
  0x00000219765fc030 JavaThread "DefaultDispatcher-worker-58" daemon [_thread_blocked, id=34332, stack(0x000000f02b100000,0x000000f02b200000) (1024K)]
  0x00000219765fc6c0 JavaThread "DefaultDispatcher-worker-59" daemon [_thread_blocked, id=31596, stack(0x000000f02b200000,0x000000f02b300000) (1024K)]
  0x00000219765fac80 JavaThread "DefaultDispatcher-worker-60" daemon [_thread_blocked, id=12632, stack(0x000000f02b300000,0x000000f02b400000) (1024K)]
=>0x00000219765fb310 JavaThread "DefaultDispatcher-worker-61" daemon [_thread_in_native, id=29916, stack(0x000000f02b400000,0x000000f02b500000) (1024K)]
  0x000002197191e810 JavaThread "DefaultDispatcher-worker-62" daemon [_thread_blocked, id=34016, stack(0x000000f02b500000,0x000000f02b600000) (1024K)]
  0x0000021971920250 JavaThread "DefaultDispatcher-worker-63" daemon [_thread_in_native, id=28488, stack(0x000000f02b600000,0x000000f02b700000) (1024K)]
  0x00000219719229b0 JavaThread "DefaultDispatcher-worker-64" daemon [_thread_blocked, id=13568, stack(0x000000f02b700000,0x000000f02b800000) (1024K)]
  0x0000021971925110 JavaThread "DefaultDispatcher-worker-65" daemon [_thread_blocked, id=11728, stack(0x000000f02b800000,0x000000f02b900000) (1024K)]
  0x00000219787c4d90 JavaThread "DefaultDispatcher-worker-66" daemon [_thread_blocked, id=4692, stack(0x000000f02b900000,0x000000f02ba00000) (1024K)]
  0x00000219787c74f0 JavaThread "DefaultDispatcher-worker-67" daemon [_thread_blocked, id=34316, stack(0x000000f02ba00000,0x000000f02bb00000) (1024K)]
  0x0000021992971790 JavaThread "DefaultDispatcher-worker-68" daemon [_thread_blocked, id=33032, stack(0x000000f02bb00000,0x000000f02bc00000) (1024K)]
  0x0000021971a6e320 JavaThread "DefaultDispatcher-worker-69" daemon [_thread_blocked, id=10080, stack(0x000000f02bc00000,0x000000f02bd00000) (1024K)]
  0x000002191e76f660 JavaThread "DefaultDispatcher-worker-70" daemon [_thread_blocked, id=23612, stack(0x000000f02bd00000,0x000000f02be00000) (1024K)]
  0x0000021920f41e20 JavaThread "DefaultDispatcher-worker-71" daemon [_thread_blocked, id=6700, stack(0x000000f02be00000,0x000000f02bf00000) (1024K)]
  0x00000219770f93d0 JavaThread "DefaultDispatcher-worker-72" daemon [_thread_blocked, id=1680, stack(0x000000f02bf00000,0x000000f02c000000) (1024K)]
  0x0000021994b76970 JavaThread "DefaultDispatcher-worker-73" daemon [_thread_blocked, id=13944, stack(0x000000f02c000000,0x000000f02c100000) (1024K)]
  0x0000021994b77d20 JavaThread "DefaultDispatcher-worker-74" daemon [_thread_blocked, id=19880, stack(0x000000f02c100000,0x000000f02c200000) (1024K)]
  0x0000021994b755c0 JavaThread "DefaultDispatcher-worker-75" daemon [_thread_blocked, id=31976, stack(0x000000f02c300000,0x000000f02c400000) (1024K)]
  0x0000021994b77000 JavaThread "DefaultDispatcher-worker-76" daemon [_thread_blocked, id=31588, stack(0x000000f02c400000,0x000000f02c500000) (1024K)]
  0x0000021994b7b830 JavaThread "OkHttp 87d6a6ef6b58-webstreamrmbg.baby-beamup.club" daemon [_thread_in_native, id=31340, stack(0x000000f02c500000,0x000000f02c600000) (1024K)]
  0x0000021994b827c0 JavaThread "OkHttp TaskRunner"          daemon [_thread_blocked, id=29560, stack(0x000000f02c600000,0x000000f02c700000) (1024K)]
  0x0000021994b82130 JavaThread "OkHttp api.themoviedb.org"  daemon [_thread_in_native, id=12692, stack(0x000000f02c700000,0x000000f02c800000) (1024K)]
  0x0000021994b7f9d0 JavaThread "OkHttp moviebox.s4nch1tt.workers.dev" daemon [_thread_in_native, id=26536, stack(0x000000f02c800000,0x000000f02c900000) (1024K)]
  0x0000021994b80060 JavaThread "OkHttp TaskRunner"          daemon [_thread_blocked, id=28812, stack(0x000000f02c900000,0x000000f02ca00000) (1024K)]
  0x000002199dd102e0 JavaThread "OkHttp TaskRunner"          daemon [_thread_blocked, id=2524, stack(0x000000f02ca00000,0x000000f02cb00000) (1024K)]
  0x000002199dd0db80 JavaThread "OkHttp TaskRunner"          daemon [_thread_blocked, id=4124, stack(0x000000f02cb00000,0x000000f02cc00000) (1024K)]
  0x000002199dd11000 JavaThread "OkHttp TaskRunner"          daemon [_thread_blocked, id=14740, stack(0x000000f02cc00000,0x000000f02cd00000) (1024K)]
  0x000002199dd0ef30 JavaThread "OkHttp TaskRunner"          daemon [_thread_blocked, id=12552, stack(0x000000f02cd00000,0x000000f02ce00000) (1024K)]
  0x000002199dd0fc50 JavaThread "OkHttp TaskRunner"          daemon [_thread_blocked, id=24080, stack(0x000000f02ce00000,0x000000f02cf00000) (1024K)]
  0x000002199dd13df0 JavaThread "OkHttp TaskRunner"          daemon [_thread_blocked, id=2136, stack(0x000000f02cf00000,0x000000f02d000000) (1024K)]
  0x000002199dd10970 JavaThread "OkHttp arm.haglund.dev"     daemon [_thread_in_native, id=19232, stack(0x000000f02d000000,0x000000f02d100000) (1024K)]
  0x000002199dd14480 JavaThread "OkHttp TaskRunner"          daemon [_thread_blocked, id=13864, stack(0x000000f02d100000,0x000000f02d200000) (1024K)]
  0x000002199dd12a40 JavaThread "OkHttp TaskRunner"          daemon [_thread_blocked, id=22352, stack(0x000000f02d200000,0x000000f02d300000) (1024K)]
  0x000002199dd14b10 JavaThread "OkHttp TaskRunner"          daemon [_thread_blocked, id=20168, stack(0x000000f02d300000,0x000000f02d400000) (1024K)]
  0x000002199dd130d0 JavaThread "OkHttp TaskRunner"          daemon [_thread_blocked, id=28956, stack(0x000000f02d400000,0x000000f02d500000) (1024K)]
  0x000002199dd151a0 JavaThread "OkHttp TaskRunner"          daemon [_thread_blocked, id=32488, stack(0x000000f02d500000,0x000000f02d600000) (1024K)]
  0x000002199dd13760 JavaThread "OkHttp enc-dec.app"         daemon [_thread_in_native, id=32868, stack(0x000000f02d600000,0x000000f02d700000) (1024K)]
  0x000002199dd11d20 JavaThread "OkHttp TaskRunner"          daemon [_thread_blocked, id=30084, stack(0x000000f02d700000,0x000000f02d800000) (1024K)]
  0x000002199dd18620 JavaThread "OkHttp TaskRunner"          daemon [_thread_blocked, id=11760, stack(0x000000f02d800000,0x000000f02d900000) (1024K)]
  0x000002199dd18cb0 JavaThread "OkHttp TaskRunner"          daemon [_thread_blocked, id=8040, stack(0x000000f02d900000,0x000000f02da00000) (1024K)]
  0x000002199dd16550 JavaThread "OkHttp TaskRunner"          daemon [_thread_blocked, id=31788, stack(0x000000f02da00000,0x000000f02db00000) (1024K)]
  0x000002199dd15830 JavaThread "OkHttp TaskRunner"          daemon [_thread_blocked, id=25480, stack(0x000000f02db00000,0x000000f02dc00000) (1024K)]
  0x000002199dd16be0 JavaThread "OkHttp TaskRunner"          daemon [_thread_blocked, id=34568, stack(0x000000f02dc00000,0x000000f02dd00000) (1024K)]
  0x000002199dd17270 JavaThread "OkHttp TaskRunner"          daemon [_thread_blocked, id=34616, stack(0x000000f02dd00000,0x000000f02de00000) (1024K)]
  0x000002199dd19340 JavaThread "OkHttp TaskRunner"          daemon [_thread_blocked, id=34620, stack(0x000000f02de00000,0x000000f02df00000) (1024K)]
  0x000002199dd15ec0 JavaThread "OkHttp TaskRunner"          daemon [_thread_blocked, id=34624, stack(0x000000f02df00000,0x000000f02e000000) (1024K)]
  0x000002199dd199d0 JavaThread "OkHttp TaskRunner"          daemon [_thread_blocked, id=34628, stack(0x000000f02e000000,0x000000f02e100000) (1024K)]
  0x000002199dd1a060 JavaThread "OkHttp TaskRunner"          daemon [_thread_blocked, id=34632, stack(0x000000f02e100000,0x000000f02e200000) (1024K)]
  0x000002199dd17900 JavaThread "OkHttp TaskRunner"          daemon [_thread_blocked, id=34576, stack(0x000000f02e200000,0x000000f02e300000) (1024K)]
  0x000002199dd17f90 JavaThread "OkHttp TaskRunner"          daemon [_thread_blocked, id=34640, stack(0x000000f02e300000,0x000000f02e400000) (1024K)]
  0x000002199dd1ce50 JavaThread "OkHttp TaskRunner"          daemon [_thread_blocked, id=34648, stack(0x000000f02e400000,0x000000f02e500000) (1024K)]
  0x000002199dd1c130 JavaThread "OkHttp TaskRunner"          daemon [_thread_blocked, id=17696, stack(0x000000f02e500000,0x000000f02e600000) (1024K)]
  0x000002199dd1ad80 JavaThread "OkHttp panel.watchkaroabhi.com" daemon [_thread_in_native, id=1984, stack(0x000000f02e600000,0x000000f02e700000) (1024K)]
  0x000002199dd1d4e0 JavaThread "OkHttp TaskRunner"          daemon [_thread_blocked, id=31948, stack(0x000000f02e700000,0x000000f02e800000) (1024K)]
  0x000002199dd1b410 JavaThread "OkHttp TaskRunner"          daemon [_thread_blocked, id=22284, stack(0x000000f02e800000,0x000000f02e900000) (1024K)]
  0x000002199dd1c7c0 JavaThread "OkHttp TaskRunner"          daemon [_thread_blocked, id=9144, stack(0x000000f02e900000,0x000000f02ea00000) (1024K)]
  0x000002199dd1a6f0 JavaThread "OkHttp api.viduki.net"      daemon [_thread_in_native, id=33796, stack(0x000000f02ea00000,0x000000f02eb00000) (1024K)]
  0x000002199dd1db70 JavaThread "OkHttp TaskRunner"          daemon [_thread_blocked, id=31924, stack(0x000000f02eb00000,0x000000f02ec00000) (1024K)]
Total: 139

Other Threads:
  0x000002191932fc40 VMThread "VM Thread"                           [id=32680, stack(0x000000f024700000,0x000000f024800000) (1024K)]
  0x00000219189212d0 WatcherThread "VM Periodic Task Thread"        [id=32684, stack(0x000000f024600000,0x000000f024700000) (1024K)]
  0x000002197cab1850 WorkerThread "GC Thread#0"                     [id=9072, stack(0x000000f024100000,0x000000f024200000) (1024K)]
  0x000002191e300cd0 WorkerThread "GC Thread#1"                     [id=11076, stack(0x000000f025600000,0x000000f025700000) (1024K)]
  0x000002191e301080 WorkerThread "GC Thread#2"                     [id=20456, stack(0x000000f025700000,0x000000f025800000) (1024K)]
  0x000002191e301840 WorkerThread "GC Thread#3"                     [id=4084, stack(0x000000f025800000,0x000000f025900000) (1024K)]
  0x000002191e304000 WorkerThread "GC Thread#4"                     [id=24216, stack(0x000000f025900000,0x000000f025a00000) (1024K)]
  0x000002191e304bc0 WorkerThread "GC Thread#5"                     [id=16092, stack(0x000000f025a00000,0x000000f025b00000) (1024K)]
  0x000002191e305340 WorkerThread "GC Thread#6"                     [id=32752, stack(0x000000f025b00000,0x000000f025c00000) (1024K)]
  0x000002191e305ac0 WorkerThread "GC Thread#7"                     [id=32748, stack(0x000000f025c00000,0x000000f025d00000) (1024K)]
  0x000002191e305e70 WorkerThread "GC Thread#8"                     [id=3296, stack(0x000000f025d00000,0x000000f025e00000) (1024K)]
  0x000002191edeeb00 WorkerThread "GC Thread#9"                     [id=23320, stack(0x000000f026500000,0x000000f026600000) (1024K)]
  0x000002197cabe2a0 ConcurrentGCThread "G1 Main Marker"            [id=24844, stack(0x000000f024200000,0x000000f024300000) (1024K)]
  0x000002197cabfb00 WorkerThread "G1 Conc#0"                       [id=12212, stack(0x000000f024300000,0x000000f024400000) (1024K)]
  0x000002191edee3a0 WorkerThread "G1 Conc#1"                       [id=15424, stack(0x000000f026800000,0x000000f026900000) (1024K)]
  0x000002191edeeeb0 WorkerThread "G1 Conc#2"                       [id=9024, stack(0x000000f026900000,0x000000f026a00000) (1024K)]
  0x00000219187f5470 ConcurrentGCThread "G1 Refine#0"               [id=29856, stack(0x000000f024400000,0x000000f024500000) (1024K)]
  0x00000219187f5da0 ConcurrentGCThread "G1 Service"                [id=19348, stack(0x000000f024500000,0x000000f024600000) (1024K)]
Total: 18

Threads with active compile tasks:
Total: 0

VM state: not at safepoint (normal execution)

VM Mutex/Monitor currently owned by a thread: None

Heap address: 0x0000000689400000, size: 5996 MB, Compressed Oops mode: Zero based, Oop shift amount: 3

CDS archive(s) not mapped
Compressed class space mapped at: 0x0000000800000000-0x0000000840000000, reserved size: 1073741824
Narrow klass base: 0x0000000800000000, Narrow klass shift: 0, Narrow klass range: 0x40000000

GC Precious Log:
 CardTable entry size: 512
 Card Set container configuration: InlinePtr #cards 4 size 8 Array Of Cards #cards 32 size 80 Howl #buckets 8 coarsen threshold 7372 Howl Bitmap #cards 1024 size 144 coarsen threshold 921 Card regions per heap region 1 cards per card region 8192
 CPUs: 12 total, 12 available
 Memory: 23981M
 Large Page Support: Disabled
 NUMA Support: Disabled
 Compressed Oops: Enabled (Zero based)
 Heap Region Size: 4M
 Heap Min Capacity: 8M
 Heap Initial Capacity: 376M
 Heap Max Capacity: 5996M
 Pre-touch: Disabled
 Parallel Workers: 10
 Concurrent Workers: 3
 Concurrent Refinement Workers: 10
 Periodic GC: Disabled

Heap:
 garbage-first heap   total 167936K, used 82440K [0x0000000689400000, 0x0000000800000000)
  region size 4096K, 5 young (20480K), 2 survivors (8192K)
 Metaspace       used 107340K, committed 109248K, reserved 1179648K
  class space    used 12008K, committed 12800K, reserved 1048576K

Heap Regions: E=young(eden), S=young(survivor), O=old, HS=humongous(starts), HC=humongous(continues), CS=collection set, F=free, TAMS=top-at-mark-start, PB=parsable bottom
|   0|0x0000000689400000, 0x0000000689800000, 0x0000000689800000|100%| O|  |TAMS 0x0000000689400000| PB 0x0000000689400000| Untracked 
|   1|0x0000000689800000, 0x0000000689bffff0, 0x0000000689c00000| 99%| O|  |TAMS 0x0000000689800000| PB 0x0000000689800000| Untracked 
|   2|0x0000000689c00000, 0x0000000689fffc58, 0x000000068a000000| 99%| O|  |TAMS 0x0000000689c00000| PB 0x0000000689c00000| Untracked 
|   3|0x000000068a000000, 0x000000068a400000, 0x000000068a400000|100%| O|  |TAMS 0x000000068a000000| PB 0x000000068a000000| Untracked 
|   4|0x000000068a400000, 0x000000068a800000, 0x000000068a800000|100%|HS|  |TAMS 0x000000068a400000| PB 0x000000068a400000| Complete 
|   5|0x000000068a800000, 0x000000068ac00000, 0x000000068ac00000|100%|HC|  |TAMS 0x000000068a800000| PB 0x000000068a800000| Complete 
|   6|0x000000068ac00000, 0x000000068b000000, 0x000000068b000000|100%| O|  |TAMS 0x000000068ac00000| PB 0x000000068ac00000| Untracked 
|   7|0x000000068b000000, 0x000000068b3ffff0, 0x000000068b400000| 99%| O|  |TAMS 0x000000068b000000| PB 0x000000068b000000| Untracked 
|   8|0x000000068b400000, 0x000000068b800000, 0x000000068b800000|100%| O|  |TAMS 0x000000068b400000| PB 0x000000068b400000| Untracked 
|   9|0x000000068b800000, 0x000000068bbffc18, 0x000000068bc00000| 99%| O|  |TAMS 0x000000068b800000| PB 0x000000068b800000| Untracked 
|  10|0x000000068bc00000, 0x000000068bffffe0, 0x000000068c000000| 99%| O|  |TAMS 0x000000068bc00000| PB 0x000000068bc00000| Untracked 
|  11|0x000000068c000000, 0x000000068c3fffe0, 0x000000068c400000| 99%| O|  |TAMS 0x000000068c000000| PB 0x000000068c000000| Untracked 
|  12|0x000000068c400000, 0x000000068c400000, 0x000000068c800000|  0%| F|  |TAMS 0x000000068c400000| PB 0x000000068c400000| Untracked 
|  13|0x000000068c800000, 0x000000068caec1c0, 0x000000068cc00000| 73%| O|  |TAMS 0x000000068c800000| PB 0x000000068c800000| Untracked 
|  14|0x000000068cc00000, 0x000000068cc00000, 0x000000068d000000|  0%| F|  |TAMS 0x000000068cc00000| PB 0x000000068cc00000| Untracked 
|  15|0x000000068d000000, 0x000000068d000000, 0x000000068d400000|  0%| F|  |TAMS 0x000000068d000000| PB 0x000000068d000000| Untracked 
|  16|0x000000068d400000, 0x000000068d400000, 0x000000068d800000|  0%| F|  |TAMS 0x000000068d400000| PB 0x000000068d400000| Untracked 
|  17|0x000000068d800000, 0x000000068d800000, 0x000000068dc00000|  0%| F|  |TAMS 0x000000068d800000| PB 0x000000068d800000| Untracked 
|  18|0x000000068dc00000, 0x000000068e000000, 0x000000068e000000|100%|HS|  |TAMS 0x000000068dc00000| PB 0x000000068dc00000| Complete 
|  19|0x000000068e000000, 0x000000068e400000, 0x000000068e400000|100%|HS|  |TAMS 0x000000068e000000| PB 0x000000068e000000| Complete 
|  20|0x000000068e400000, 0x000000068e400000, 0x000000068e800000|  0%| F|  |TAMS 0x000000068e400000| PB 0x000000068e400000| Untracked 
|  21|0x000000068e800000, 0x000000068e800000, 0x000000068ec00000|  0%| F|  |TAMS 0x000000068e800000| PB 0x000000068e800000| Untracked 
|  22|0x000000068ec00000, 0x000000068ec00000, 0x000000068f000000|  0%| F|  |TAMS 0x000000068ec00000| PB 0x000000068ec00000| Untracked 
|  23|0x000000068f000000, 0x000000068f000000, 0x000000068f400000|  0%| F|  |TAMS 0x000000068f000000| PB 0x000000068f000000| Untracked 
|  24|0x000000068f400000, 0x000000068f400000, 0x000000068f800000|  0%| F|  |TAMS 0x000000068f400000| PB 0x000000068f400000| Untracked 
|  25|0x000000068f800000, 0x000000068f800000, 0x000000068fc00000|  0%| F|  |TAMS 0x000000068f800000| PB 0x000000068f800000| Untracked 
|  26|0x000000068fc00000, 0x000000068fc00000, 0x0000000690000000|  0%| F|  |TAMS 0x000000068fc00000| PB 0x000000068fc00000| Untracked 
|  27|0x0000000690000000, 0x0000000690000000, 0x0000000690400000|  0%| F|  |TAMS 0x0000000690000000| PB 0x0000000690000000| Untracked 
|  28|0x0000000690400000, 0x0000000690400000, 0x0000000690800000|  0%| F|  |TAMS 0x0000000690400000| PB 0x0000000690400000| Untracked 
|  29|0x0000000690800000, 0x0000000690800000, 0x0000000690c00000|  0%| F|  |TAMS 0x0000000690800000| PB 0x0000000690800000| Untracked 
|  30|0x0000000690c00000, 0x0000000690c00000, 0x0000000691000000|  0%| F|  |TAMS 0x0000000690c00000| PB 0x0000000690c00000| Untracked 
|  31|0x0000000691000000, 0x0000000691000000, 0x0000000691400000|  0%| F|  |TAMS 0x0000000691000000| PB 0x0000000691000000| Untracked 
|  32|0x0000000691400000, 0x0000000691400000, 0x0000000691800000|  0%| F|  |TAMS 0x0000000691400000| PB 0x0000000691400000| Untracked 
|  33|0x0000000691800000, 0x0000000691b652b8, 0x0000000691c00000| 84%| E|  |TAMS 0x0000000691800000| PB 0x0000000691800000| Complete 
|  34|0x0000000691c00000, 0x0000000692000000, 0x0000000692000000|100%| S|CS|TAMS 0x0000000691c00000| PB 0x0000000691c00000| Complete 
|  35|0x0000000692000000, 0x0000000692400000, 0x0000000692400000|100%| S|CS|TAMS 0x0000000692000000| PB 0x0000000692000000| Complete 
|  93|0x00000006a0800000, 0x00000006a0c00000, 0x00000006a0c00000|100%| E|  |TAMS 0x00000006a0800000| PB 0x00000006a0800000| Complete 
|1495|0x00000007ff000000, 0x00000007ff196900, 0x00000007ff400000| 39%| O|  |TAMS 0x00000007ff000000| PB 0x00000007ff000000| Untracked 
|1496|0x00000007ff400000, 0x00000007ff800000, 0x00000007ff800000|100%| O|  |TAMS 0x00000007ff400000| PB 0x00000007ff400000| Untracked 
|1497|0x00000007ff800000, 0x00000007ffc00000, 0x00000007ffc00000|100%| O|  |TAMS 0x00000007ff800000| PB 0x00000007ff800000| Untracked 
|1498|0x00000007ffc00000, 0x0000000800000000, 0x0000000800000000|100%| E|CS|TAMS 0x00000007ffc00000| PB 0x00000007ffc00000| Complete 

Card table byte_map: [0x000002190fbc0000,0x0000021910780000] _byte_map_base: 0x000002190c776000

Marking Bits: (CMBitMap*) 0x000002197cab1e70
 Bits: [0x0000021910780000, 0x0000021916530000)

Polling page: 0x000002197a7a0000

Metaspace:

Usage:
  Non-class:     93.10 MB used.
      Class:     11.73 MB used.
       Both:    104.82 MB used.

Virtual space:
  Non-class space:      128.00 MB reserved,      94.19 MB ( 74%) committed,  2 nodes.
      Class space:        1.00 GB reserved,      12.50 MB (  1%) committed,  1 nodes.
             Both:        1.12 GB reserved,     106.69 MB (  9%) committed. 

Chunk freelists:
   Non-Class:  1.61 MB
       Class:  3.45 MB
        Both:  5.06 MB

MaxMetaspaceSize: unlimited
CompressedClassSpaceSize: 1.00 GB
Initial GC threshold: 21.00 MB
Current GC threshold: 175.00 MB
CDS: off
 - commit_granule_bytes: 65536.
 - commit_granule_words: 8192.
 - virtual_space_node_default_size: 8388608.
 - enlarge_chunks_in_place: 1.
 - use_allocation_guard: 0.


Internal statistics:

num_allocs_failed_limit: 9.
num_arena_births: 3146.
num_arena_deaths: 8.
num_vsnodes_births: 3.
num_vsnodes_deaths: 0.
num_space_committed: 1706.
num_space_uncommitted: 0.
num_chunks_returned_to_freelist: 20.
num_chunks_taken_from_freelist: 6917.
num_chunk_merges: 7.
num_chunk_splits: 4615.
num_chunks_enlarged: 3035.
num_inconsistent_stats: 0.

CodeHeap 'non-profiled nmethods': size=120000Kb used=12457Kb max_used=12768Kb free=107543Kb
 bounds [0x0000021907ad0000, 0x0000021908750000, 0x000002190f000000]
CodeHeap 'profiled nmethods': size=120000Kb used=24304Kb max_used=26349Kb free=95695Kb
 bounds [0x0000021900000000, 0x0000021901ad0000, 0x0000021907530000]
CodeHeap 'non-nmethods': size=5760Kb used=4420Kb max_used=4476Kb free=1339Kb
 bounds [0x0000021907530000, 0x00000219079a0000, 0x0000021907ad0000]
CodeCache: size=245760Kb, used=41181Kb, max_used=43593Kb, free=204577Kb
 total_blobs=14761, nmethods=11630, adapters=3032, full_count=0
Compilation: enabled, stopped_count=0, restarted_count=0

Compilation events (20 events):
Event: 1453.231 Thread 0x00000219194108c0 21709       3       kotlinx.serialization.json.internal.AbstractJsonLexer::consumeNumericLiteralFully (150 bytes)
Event: 1453.231 Thread 0x0000021992b7e480 nmethod 21702 0x0000021908550790 code [0x0000021908550940, 0x0000021908550cc0]
Event: 1453.232 Thread 0x00000219194108c0 nmethod 21709 0x0000021900c37710 code [0x0000021900c37a60, 0x0000021900c38a40]
Event: 1453.232 Thread 0x00000219194108c0 21708       3       com.nuvio.app.features.details.MetaDetailsParser::int (28 bytes)
Event: 1453.232 Thread 0x0000021992b902a0 nmethod 21703 0x0000021907e17990 code [0x0000021907e17b40, 0x0000021907e17f30]
Event: 1453.232 Thread 0x00000219194108c0 nmethod 21708 0x0000021901542090 code [0x0000021901542320, 0x0000021901542e88]
Event: 1453.232 Thread 0x00000219194108c0 21710       3       com.nuvio.app.features.details.MetaVideo::copy$default (176 bytes)
Event: 1453.233 Thread 0x00000219194108c0 nmethod 21710 0x0000021900882590 code [0x0000021900882760, 0x0000021900882c28]
Event: 1453.233 Thread 0x00000219194108c0 21711       3       com.nuvio.app.features.details.MetaVideo::copy (46 bytes)
Event: 1453.233 Thread 0x0000021992b902a0 21714   !   4       java.util.zip.Inflater::setInput (56 bytes)
Event: 1453.233 Thread 0x00000219194108c0 nmethod 21711 0x00000219012ea310 code [0x00000219012ea620, 0x00000219012eb600]
Event: 1453.233 Thread 0x00000219194108c0 21712       3       com.nuvio.app.features.watched.WatchedEpisodeActionsKt::toDomainReleasedEpisode (36 bytes)
Event: 1453.234 Thread 0x00000219194108c0 nmethod 21712 0x000002190148a210 code [0x000002190148a3c0, 0x000002190148a640]
Event: 1453.234 Thread 0x00000219194108c0 21713   !   3       okhttp3.internal.connection.RealCall::enterNetworkInterceptorExchange (168 bytes)
Event: 1453.234 Thread 0x00000219194108c0 nmethod 21713 0x000002190175e410 code [0x000002190175e6e0, 0x000002190175f4b8]
Event: 1453.235 Thread 0x0000021992b902a0 nmethod 21714 0x00000219085b7910 code [0x00000219085b7aa0, 0x00000219085b7e88]
Event: 1453.237 Thread 0x00000219194108c0 21715       3       java.lang.StringUTF16::newBytesFor (7 bytes)
Event: 1453.237 Thread 0x00000219194108c0 nmethod 21715 0x0000021901672590 code [0x0000021901672740, 0x00000219016728e8]
Event: 1453.242 Thread 0x0000021992b7e480 21716       4       okio.SegmentPool::firstRef (21 bytes)
Event: 1453.243 Thread 0x0000021992b7e480 nmethod 21716 0x0000021908508a10 code [0x0000021908508ba0, 0x0000021908508c50]

GC Heap History (20 events):
Event: 1082.081 GC heap before
{Heap before GC invocations=26 (full 3):
 garbage-first heap   total 139264K, used 92910K [0x0000000689400000, 0x0000000800000000)
  region size 4096K, 12 young (49152K), 2 survivors (8192K)
 Metaspace       used 95282K, committed 96704K, reserved 1179648K
  class space    used 10652K, committed 11264K, reserved 1048576K
}
Event: 1082.145 GC heap after
{Heap after GC invocations=27 (full 4):
 garbage-first heap   total 139264K, used 50763K [0x0000000689400000, 0x0000000800000000)
  region size 4096K, 0 young (0K), 0 survivors (0K)
 Metaspace       used 95282K, committed 96704K, reserved 1179648K
  class space    used 10652K, committed 11264K, reserved 1048576K
}
Event: 1104.169 GC heap before
{Heap before GC invocations=27 (full 4):
 garbage-first heap   total 139264K, used 116299K [0x0000000689400000, 0x0000000800000000)
  region size 4096K, 17 young (69632K), 0 survivors (0K)
 Metaspace       used 99898K, committed 101568K, reserved 1179648K
  class space    used 11180K, committed 11904K, reserved 1048576K
}
Event: 1104.175 GC heap after
{Heap after GC invocations=28 (full 4):
 garbage-first heap   total 139264K, used 58422K [0x0000000689400000, 0x0000000800000000)
  region size 4096K, 2 young (8192K), 2 survivors (8192K)
 Metaspace       used 99898K, committed 101568K, reserved 1179648K
  class space    used 11180K, committed 11904K, reserved 1048576K
}
Event: 1124.253 GC heap before
{Heap before GC invocations=28 (full 4):
 garbage-first heap   total 139264K, used 115766K [0x0000000689400000, 0x0000000800000000)
  region size 4096K, 17 young (69632K), 2 survivors (8192K)
 Metaspace       used 100929K, committed 102528K, reserved 1179648K
  class space    used 11269K, committed 11968K, reserved 1048576K
}
Event: 1124.258 GC heap after
{Heap after GC invocations=29 (full 4):
 garbage-first heap   total 139264K, used 60738K [0x0000000689400000, 0x0000000800000000)
  region size 4096K, 2 young (8192K), 2 survivors (8192K)
 Metaspace       used 100929K, committed 102528K, reserved 1179648K
  class space    used 11269K, committed 11968K, reserved 1048576K
}
Event: 1142.151 GC heap before
{Heap before GC invocations=29 (full 4):
 garbage-first heap   total 139264K, used 81218K [0x0000000689400000, 0x0000000800000000)
  region size 4096K, 9 young (36864K), 2 survivors (8192K)
 Metaspace       used 101022K, committed 102720K, reserved 1179648K
  class space    used 11269K, committed 11968K, reserved 1048576K
}
Event: 1142.220 GC heap after
{Heap after GC invocations=30 (full 5):
 garbage-first heap   total 139264K, used 54368K [0x0000000689400000, 0x0000000800000000)
  region size 4096K, 0 young (0K), 0 survivors (0K)
 Metaspace       used 101022K, committed 102720K, reserved 1179648K
  class space    used 11269K, committed 11968K, reserved 1048576K
}
Event: 1352.268 GC heap before
{Heap before GC invocations=30 (full 5):
 garbage-first heap   total 139264K, used 111712K [0x0000000689400000, 0x0000000800000000)
  region size 4096K, 16 young (65536K), 0 survivors (0K)
 Metaspace       used 101176K, committed 102848K, reserved 1179648K
  class space    used 11272K, committed 11968K, reserved 1048576K
}
Event: 1352.339 GC heap after
{Heap after GC invocations=31 (full 6):
 garbage-first heap   total 139264K, used 53180K [0x0000000689400000, 0x0000000800000000)
  region size 4096K, 0 young (0K), 0 survivors (0K)
 Metaspace       used 101176K, committed 102848K, reserved 1179648K
  class space    used 11272K, committed 11968K, reserved 1048576K
}
Event: 1390.432 GC heap before
{Heap before GC invocations=31 (full 6):
 garbage-first heap   total 139264K, used 114620K [0x0000000689400000, 0x0000000800000000)
  region size 4096K, 16 young (65536K), 0 survivors (0K)
 Metaspace       used 104282K, committed 105984K, reserved 1179648K
  class space    used 11682K, committed 12416K, reserved 1048576K
}
Event: 1390.436 GC heap after
{Heap after GC invocations=32 (full 6):
 garbage-first heap   total 139264K, used 59205K [0x0000000689400000, 0x0000000800000000)
  region size 4096K, 2 young (8192K), 2 survivors (8192K)
 Metaspace       used 104282K, committed 105984K, reserved 1179648K
  class space    used 11682K, committed 12416K, reserved 1048576K
}
Event: 1442.348 GC heap before
{Heap before GC invocations=32 (full 6):
 garbage-first heap   total 139264K, used 104261K [0x0000000689400000, 0x0000000800000000)
  region size 4096K, 14 young (57344K), 2 survivors (8192K)
 Metaspace       used 104486K, committed 106240K, reserved 1179648K
  class space    used 11693K, committed 12416K, reserved 1048576K
}
Event: 1442.419 GC heap after
{Heap after GC invocations=33 (full 7):
 garbage-first heap   total 139264K, used 54590K [0x0000000689400000, 0x0000000800000000)
  region size 4096K, 0 young (0K), 0 survivors (0K)
 Metaspace       used 104486K, committed 106240K, reserved 1179648K
  class space    used 11693K, committed 12416K, reserved 1048576K
}
Event: 1452.184 GC heap before
{Heap before GC invocations=33 (full 7):
 garbage-first heap   total 139264K, used 75070K [0x0000000689400000, 0x0000000800000000)
  region size 4096K, 5 young (20480K), 0 survivors (0K)
 Metaspace       used 105729K, committed 107520K, reserved 1179648K
  class space    used 11826K, committed 12608K, reserved 1048576K
}
Event: 1452.186 GC heap after
{Heap after GC invocations=34 (full 7):
 garbage-first heap   total 139264K, used 60676K [0x0000000689400000, 0x0000000800000000)
  region size 4096K, 1 young (4096K), 1 survivors (4096K)
 Metaspace       used 105729K, committed 107520K, reserved 1179648K
  class space    used 11826K, committed 12608K, reserved 1048576K
}
Event: 1452.607 GC heap before
{Heap before GC invocations=35 (full 7):
 garbage-first heap   total 139264K, used 130308K [0x0000000689400000, 0x0000000800000000)
  region size 4096K, 15 young (61440K), 1 survivors (4096K)
 Metaspace       used 106994K, committed 108864K, reserved 1179648K
  class space    used 11996K, committed 12800K, reserved 1048576K
}
Event: 1452.613 GC heap after
{Heap after GC invocations=36 (full 7):
 garbage-first heap   total 151552K, used 67556K [0x0000000689400000, 0x0000000800000000)
  region size 4096K, 2 young (8192K), 2 survivors (8192K)
 Metaspace       used 106994K, committed 108864K, reserved 1179648K
  class space    used 11996K, committed 12800K, reserved 1048576K
}
Event: 1453.093 GC heap before
{Heap before GC invocations=36 (full 7):
 garbage-first heap   total 151552K, used 141284K [0x0000000689400000, 0x0000000800000000)
  region size 4096K, 16 young (65536K), 2 survivors (8192K)
 Metaspace       used 107224K, committed 109056K, reserved 1179648K
  class space    used 12006K, committed 12800K, reserved 1048576K
}
Event: 1453.103 GC heap after
{Heap after GC invocations=37 (full 7):
 garbage-first heap   total 167936K, used 78344K [0x0000000689400000, 0x0000000800000000)
  region size 4096K, 2 young (8192K), 2 survivors (8192K)
 Metaspace       used 107224K, committed 109056K, reserved 1179648K
  class space    used 12006K, committed 12800K, reserved 1048576K
}

Dll operation events (2 events):
Event: 0.008 Loaded shared library C:\Program Files\Android\Android Studio\jbr\bin\java.dll
Event: 0.013 Loaded shared library C:\Program Files\Android\Android Studio\jbr\bin\zip.dll

Deoptimization events (20 events):
Event: 1453.185 Thread 0x0000021994b77000 DEOPT PACKING pc=0x0000021907c79234 sp=0x000000f02c4fef70
Event: 1453.185 Thread 0x0000021994b755c0 DEOPT UNPACKING pc=0x0000021907584422 sp=0x000000f02c3fee40 mode 2
Event: 1453.185 Thread 0x000002191e76f660 Uncommon trap: trap_request=0xffffffde fr.pc=0x000002190819bb2c relative=0x000000000000112c
Event: 1453.185 Thread 0x0000021994b77000 DEOPT UNPACKING pc=0x0000021907584422 sp=0x000000f02c4fee90 mode 2
Event: 1453.185 Thread 0x000002191e76f660 Uncommon trap: reason=class_check action=maybe_recompile pc=0x000002190819bb2c method=kotlinx.coroutines.CancellableContinuationImpl.cancel(Ljava/lang/Throwable;)Z @ 114 c2
Event: 1453.186 Thread 0x000002191e76f660 DEOPT PACKING pc=0x000002190819bb2c sp=0x000000f02bdfeab0
Event: 1453.186 Thread 0x0000021994b76970 DEOPT UNPACKING pc=0x0000021907584422 sp=0x000000f02c0feef0 mode 2
Event: 1453.186 Thread 0x0000021994b77000 Uncommon trap: trap_request=0xffffffde fr.pc=0x000002190819bb2c relative=0x000000000000112c
Event: 1453.186 Thread 0x0000021994b77000 Uncommon trap: reason=class_check action=maybe_recompile pc=0x000002190819bb2c method=kotlinx.coroutines.CancellableContinuationImpl.cancel(Ljava/lang/Throwable;)Z @ 114 c2
Event: 1453.186 Thread 0x0000021994b77000 DEOPT PACKING pc=0x000002190819bb2c sp=0x000000f02c4feed0
Event: 1453.186 Thread 0x000002191e76f660 DEOPT UNPACKING pc=0x0000021907584422 sp=0x000000f02bdfea68 mode 2
Event: 1453.186 Thread 0x000002199296a800 Uncommon trap: trap_request=0xffffff45 fr.pc=0x000002190836557c relative=0x000000000000013c
Event: 1453.186 Thread 0x0000021994b77000 DEOPT UNPACKING pc=0x0000021907584422 sp=0x000000f02c4fee88 mode 2
Event: 1453.186 Thread 0x000002199296a800 Uncommon trap: reason=unstable_if action=reinterpret pc=0x000002190836557c method=kotlinx.coroutines.sync.SemaphoreAndMutexImpl.release()V @ 63 c2
Event: 1453.186 Thread 0x000002199296a800 DEOPT PACKING pc=0x000002190836557c sp=0x000000f0289feda0
Event: 1453.186 Thread 0x000002199296a800 DEOPT UNPACKING pc=0x0000021907584422 sp=0x000000f0289fecf0 mode 2
Event: 1453.190 Thread 0x0000021971920250 Uncommon trap: trap_request=0xffffff45 fr.pc=0x00000219082eea60 relative=0x00000000000053a0
Event: 1453.190 Thread 0x0000021971920250 Uncommon trap: reason=unstable_if action=reinterpret pc=0x00000219082eea60 method=java.nio.channels.spi.AbstractSelectionKey.isValid()Z @ 4 c2
Event: 1453.190 Thread 0x0000021971920250 DEOPT PACKING pc=0x00000219082eea60 sp=0x000000f02b6ff3a0
Event: 1453.190 Thread 0x0000021971920250 DEOPT UNPACKING pc=0x0000021907584422 sp=0x000000f02b6ff118 mode 2

Classes loaded (20 events):
Event: 1093.043 Loading class java/awt/LightweightDispatcher$1
Event: 1093.043 Loading class java/awt/LightweightDispatcher$1 done
Event: 1093.043 Loading class java/awt/event/AWTEventListenerProxy
Event: 1093.043 Loading class java/awt/event/AWTEventListenerProxy done
Event: 1093.044 Loading class java/awt/Toolkit$SelectiveAWTEventListener
Event: 1093.045 Loading class java/awt/Toolkit$SelectiveAWTEventListener done
Event: 1093.045 Loading class java/awt/Toolkit$ToolkitEventMulticaster
Event: 1093.045 Loading class java/awt/Toolkit$ToolkitEventMulticaster done
Event: 1148.785 Loading class java/util/concurrent/atomic/Striped64$Cell
Event: 1148.785 Loading class java/util/concurrent/atomic/Striped64$Cell done
Event: 1452.389 Loading class java/util/regex/Pattern$Pos
Event: 1452.389 Loading class java/util/regex/Pattern$Pos done
Event: 1452.390 Loading class java/util/regex/Pattern$Bound
Event: 1452.390 Loading class java/util/regex/Pattern$Bound done
Event: 1453.124 Loading class sun/security/provider/MD5
Event: 1453.124 Loading class sun/security/provider/MD5 done
Event: 1453.125 Loading class sun/security/provider/ByteArrayAccess$LE
Event: 1453.125 Loading class sun/security/provider/ByteArrayAccess$LE done
Event: 1453.127 Loading class com/sun/crypto/provider/HmacMD5
Event: 1453.128 Loading class com/sun/crypto/provider/HmacMD5 done

Classes unloaded (4 events):
Event: 301.645 Thread 0x000002191932fc40 Unloading class 0x0000000800789c00 'java/lang/invoke/LambdaForm$MH+0x0000000800789c00'
Event: 301.645 Thread 0x000002191932fc40 Unloading class 0x0000000800789800 'java/lang/invoke/LambdaForm$MH+0x0000000800789800'
Event: 301.645 Thread 0x000002191932fc40 Unloading class 0x0000000800788800 'java/lang/invoke/LambdaForm$MH+0x0000000800788800'
Event: 301.645 Thread 0x000002191932fc40 Unloading class 0x0000000800789000 'java/lang/invoke/LambdaForm$MH+0x0000000800789000'

Classes redefined (0 events):
No events

Internal exceptions (20 events):
Event: 1453.054 Thread 0x00000219770f8020 Exception <a 'java/io/IOException'{0x000000068e802cf8}: Connection reset by peer> (0x000000068e802cf8) 
thrown [s\src\hotspot\share\prims\jni.cpp, line 572]
Event: 1453.054 Thread 0x0000021976fbdec0 Exception <a 'java/io/IOException'{0x000000068e42e828}: Connection reset by peer> (0x000000068e42e828) 
thrown [s\src\hotspot\share\prims\jni.cpp, line 572]
Event: 1453.054 Thread 0x0000021992966660 Exception <a 'java/io/IOException'{0x000000068e430770}: Connection reset by peer> (0x000000068e430770) 
thrown [s\src\hotspot\share\prims\jni.cpp, line 572]
Event: 1453.054 Thread 0x0000021976fb3420 Exception <a 'sun/net/ConnectionResetException'{0x000000068e809e08}: Connection reset> (0x000000068e809e08) 
thrown [s\src\hotspot\share\prims\jni.cpp, line 572]
Event: 1453.054 Thread 0x0000021976fb3420 Exception <a 'java/io/IOException'{0x000000068e80b048}: Connection reset by peer> (0x000000068e80b048) 
thrown [s\src\hotspot\share\prims\jni.cpp, line 572]
Event: 1453.054 Thread 0x0000021976fbd1a0 Exception <a 'sun/net/ConnectionResetException'{0x000000068e8069c0}: Connection reset> (0x000000068e8069c0) 
thrown [s\src\hotspot\share\prims\jni.cpp, line 572]
Event: 1453.055 Thread 0x0000021976fbd1a0 Exception <a 'java/io/IOException'{0x000000068e43f0b0}: Connection reset by peer> (0x000000068e43f0b0) 
thrown [s\src\hotspot\share\prims\jni.cpp, line 572]
Event: 1453.067 Thread 0x000002191e76d590 Exception <a 'sun/nio/fs/WindowsException'{0x000000068e492888}> (0x000000068e492888) 
thrown [s\src\hotspot\share\prims\jni.cpp, line 537]
Event: 1453.074 Thread 0x000002191e76d590 Exception <a 'sun/nio/fs/WindowsException'{0x000000068e567fc0}> (0x000000068e567fc0) 
thrown [s\src\hotspot\share\prims\jni.cpp, line 537]
Event: 1453.084 Thread 0x0000021994b76970 Exception <a 'sun/nio/fs/WindowsException'{0x000000068e62c080}> (0x000000068e62c080) 
thrown [s\src\hotspot\share\prims\jni.cpp, line 537]
Event: 1453.088 Thread 0x0000021994b76970 Exception <a 'sun/nio/fs/WindowsException'{0x000000068e66f628}> (0x000000068e66f628) 
thrown [s\src\hotspot\share\prims\jni.cpp, line 537]
Event: 1453.106 Thread 0x00000219787c4d90 Exception <a 'sun/nio/fs/WindowsException'{0x00000007ffd56518}> (0x00000007ffd56518) 
thrown [s\src\hotspot\share\prims\jni.cpp, line 537]
Event: 1453.111 Thread 0x00000219787c4d90 Exception <a 'sun/nio/fs/WindowsException'{0x00000007ffeb3c58}> (0x00000007ffeb3c58) 
thrown [s\src\hotspot\share\prims\jni.cpp, line 537]
Event: 1453.113 Thread 0x00000219787c4d90 Exception <a 'sun/nio/fs/WindowsException'{0x00000007ffee7c80}> (0x00000007ffee7c80) 
thrown [s\src\hotspot\share\prims\jni.cpp, line 537]
Event: 1453.116 Thread 0x00000219787c4d90 Exception <a 'sun/nio/fs/WindowsException'{0x00000007fff29f98}> (0x00000007fff29f98) 
thrown [s\src\hotspot\share\prims\jni.cpp, line 537]
Event: 1453.118 Thread 0x00000219787c4d90 Exception <a 'sun/nio/fs/WindowsException'{0x00000007fff57ae8}> (0x00000007fff57ae8) 
thrown [s\src\hotspot\share\prims\jni.cpp, line 537]
Event: 1453.120 Thread 0x00000219787c4d90 Exception <a 'sun/nio/fs/WindowsException'{0x00000007fff9a1c8}> (0x00000007fff9a1c8) 
thrown [s\src\hotspot\share\prims\jni.cpp, line 537]
Event: 1453.123 Thread 0x00000219787c5ab0 Exception <a 'java/net/UnknownHostException'{0x00000006a08972c8}> (0x00000006a08972c8) 
thrown [s\src\hotspot\share\prims\jni.cpp, line 537]
Event: 1453.133 Thread 0x0000021976fb6210 Exception <a 'java/net/UnknownHostException'{0x00000006a09371f8}> (0x00000006a09371f8) 
thrown [s\src\hotspot\share\prims\jni.cpp, line 537]
Event: 1453.190 Thread 0x0000021971a6a810 Exception <a 'java/net/ConnectException'{0x00000006a0ac02b0}: Connection refused: getsockopt> (0x00000006a0ac02b0) 
thrown [s\src\hotspot\share\prims\jni.cpp, line 572]

ZGC Phase Switch (0 events):
No events

VM Operations (20 events):
Event: 1445.697 Executing safepoint VM operation: Cleanup
Event: 1445.697 Executing safepoint VM operation: Cleanup done
Event: 1446.698 Executing safepoint VM operation: Cleanup
Event: 1446.698 Executing safepoint VM operation: Cleanup done
Event: 1449.725 Executing safepoint VM operation: Cleanup
Event: 1449.725 Executing safepoint VM operation: Cleanup done
Event: 1450.740 Executing safepoint VM operation: Cleanup
Event: 1450.740 Executing safepoint VM operation: Cleanup done
Event: 1451.466 Executing non-safepoint VM operation: HandshakeAllThreads (Deoptimize)
Event: 1451.466 Executing non-safepoint VM operation: HandshakeAllThreads (Deoptimize) done
Event: 1452.184 Executing safepoint VM operation: G1TryInitiateConcMark (G1 Humongous Allocation)
Event: 1452.186 Executing safepoint VM operation: G1TryInitiateConcMark (G1 Humongous Allocation) done
Event: 1452.211 Executing safepoint VM operation: G1PauseRemark
Event: 1452.219 Executing safepoint VM operation: G1PauseRemark done
Event: 1452.227 Executing safepoint VM operation: G1PauseCleanup
Event: 1452.227 Executing safepoint VM operation: G1PauseCleanup done
Event: 1452.607 Executing safepoint VM operation: G1CollectForAllocation (G1 Evacuation Pause)
Event: 1452.613 Executing safepoint VM operation: G1CollectForAllocation (G1 Evacuation Pause) done
Event: 1453.092 Executing safepoint VM operation: G1CollectForAllocation (G1 Evacuation Pause)
Event: 1453.103 Executing safepoint VM operation: G1CollectForAllocation (G1 Evacuation Pause) done

Memory protections (0 events):
No events

Nmethod flushes (20 events):
Event: 1452.218 Thread 0x000002191932fc40 flushing  nmethod 0x0000021901744490
Event: 1452.218 Thread 0x000002191932fc40 flushing  nmethod 0x0000021901778290
Event: 1452.218 Thread 0x000002191932fc40 flushing  nmethod 0x000002190178d110
Event: 1452.218 Thread 0x000002191932fc40 flushing  nmethod 0x000002190178e210
Event: 1452.218 Thread 0x000002191932fc40 flushing  nmethod 0x000002190178e910
Event: 1452.218 Thread 0x000002191932fc40 flushing  nmethod 0x0000021901790610
Event: 1452.218 Thread 0x000002191932fc40 flushing  nmethod 0x00000219017f1a10
Event: 1452.218 Thread 0x000002191932fc40 flushing  nmethod 0x00000219017f4e10
Event: 1452.218 Thread 0x000002191932fc40 flushing  nmethod 0x00000219017f5990
Event: 1452.218 Thread 0x000002191932fc40 flushing  nmethod 0x00000219017f6290
Event: 1452.218 Thread 0x000002191932fc40 flushing  nmethod 0x0000021901873110
Event: 1452.218 Thread 0x000002191932fc40 flushing  nmethod 0x0000021901877910
Event: 1452.218 Thread 0x000002191932fc40 flushing  nmethod 0x0000021901878490
Event: 1452.218 Thread 0x000002191932fc40 flushing  nmethod 0x00000219018d3690
Event: 1452.218 Thread 0x000002191932fc40 flushing  nmethod 0x00000219018d4f90
Event: 1452.218 Thread 0x000002191932fc40 flushing  nmethod 0x000002190191a710
Event: 1452.218 Thread 0x000002191932fc40 flushing  nmethod 0x000002190191ad90
Event: 1452.218 Thread 0x000002191932fc40 flushing  nmethod 0x0000021901926410
Event: 1452.218 Thread 0x000002191932fc40 flushing  nmethod 0x000002190195ab10
Event: 1452.218 Thread 0x000002191932fc40 flushing  nmethod 0x000002190195b190

Events (20 events):
Event: 1452.852 Thread 0x00000219770f7300 Thread added: 0x000002199dd18620
Event: 1452.853 Thread 0x0000021994b80060 Thread added: 0x000002199dd18cb0
Event: 1452.853 Thread 0x0000021994b80060 Thread added: 0x000002199dd16550
Event: 1452.853 Thread 0x0000021994b80060 Thread added: 0x000002199dd15830
Event: 1452.853 Thread 0x0000021994b80060 Thread added: 0x000002199dd16be0
Event: 1452.853 Thread 0x0000021994b80060 Thread added: 0x000002199dd17270
Event: 1452.853 Thread 0x0000021994b80060 Thread added: 0x000002199dd19340
Event: 1452.854 Thread 0x0000021994b80060 Thread added: 0x000002199dd15ec0
Event: 1452.854 Thread 0x0000021994b80060 Thread added: 0x000002199dd199d0
Event: 1452.854 Thread 0x0000021994b80060 Thread added: 0x000002199dd1a060
Event: 1452.854 Thread 0x000002199dd102e0 Thread added: 0x000002199dd17900
Event: 1452.855 Thread 0x000002199dd13df0 Thread added: 0x000002199dd17f90
Event: 1452.855 Thread 0x000002199dd10970 Thread added: 0x000002199dd1ce50
Event: 1452.855 Thread 0x0000021994b827c0 Thread added: 0x000002199dd1c130
Event: 1452.856 Thread 0x0000021976fb82e0 Thread added: 0x000002199dd1ad80
Event: 1452.856 Thread 0x0000021994b827c0 Thread added: 0x000002199dd1d4e0
Event: 1452.857 Thread 0x0000021992971790 Thread added: 0x000002199dd1b410
Event: 1452.857 Thread 0x000002199dd0db80 Thread added: 0x000002199dd1c7c0
Event: 1452.857 Thread 0x000002199dd10970 Thread added: 0x000002199dd1a6f0
Event: 1452.857 Thread 0x000002199dd10970 Thread added: 0x000002199dd1db70


Dynamic libraries:
0x00007ff741500000 - 0x00007ff74150a000 	C:\Program Files\Android\Android Studio\jbr\bin\java.exe
0x00007fff73880000 - 0x00007fff73ae6000 	C:\WINDOWS\SYSTEM32\ntdll.dll
0x00007fff724f0000 - 0x00007fff725b9000 	C:\WINDOWS\System32\KERNEL32.DLL
0x00007fff71030000 - 0x00007fff7142f000 	C:\WINDOWS\System32\KERNELBASE.dll
0x00007fff70ed0000 - 0x00007fff7101c000 	C:\WINDOWS\System32\ucrtbase.dll
0x00007fff37220000 - 0x00007fff37238000 	C:\Program Files\Android\Android Studio\jbr\bin\jli.dll
0x00007fff71f70000 - 0x00007fff72136000 	C:\WINDOWS\System32\USER32.dll
0x00007fff304a0000 - 0x00007fff304bb000 	C:\Program Files\Android\Android Studio\jbr\bin\VCRUNTIME140.dll
0x00007fff70de0000 - 0x00007fff70e07000 	C:\WINDOWS\System32\win32u.dll
0x00007fff51650000 - 0x00007fff518e1000 	C:\WINDOWS\WinSxS\amd64_microsoft.windows.common-controls_6595b64144ccf1df_6.0.26100.8972_none_3e0da176e32f9d4b\COMCTL32.dll
0x00007fff72420000 - 0x00007fff724c9000 	C:\WINDOWS\System32\msvcrt.dll
0x00007fff731a0000 - 0x00007fff731cb000 	C:\WINDOWS\System32\GDI32.dll
0x00007fff70a90000 - 0x00007fff70bb9000 	C:\WINDOWS\System32\gdi32full.dll
0x00007fff71500000 - 0x00007fff715a3000 	C:\WINDOWS\System32\msvcp_win.dll
0x00007fff71f30000 - 0x00007fff71f62000 	C:\WINDOWS\System32\IMM32.DLL
0x00007fff49ae0000 - 0x00007fff49aec000 	C:\Program Files\Android\Android Studio\jbr\bin\vcruntime140_1.dll
0x00007fff1b970000 - 0x00007fff1b9fd000 	C:\Program Files\Android\Android Studio\jbr\bin\msvcp140.dll
0x00007ffe77190000 - 0x00007ffe77e26000 	C:\Program Files\Android\Android Studio\jbr\bin\server\jvm.dll
0x00007fff71e60000 - 0x00007fff71f1c000 	C:\WINDOWS\System32\ADVAPI32.dll
0x00007fff721d0000 - 0x00007fff7227a000 	C:\WINDOWS\System32\sechost.dll
0x00007fff725c0000 - 0x00007fff726d8000 	C:\WINDOWS\System32\RPCRT4.dll
0x00007fff731d0000 - 0x00007fff73252000 	C:\WINDOWS\System32\WS2_32.dll
0x00007fff70910000 - 0x00007fff7096e000 	C:\WINDOWS\SYSTEM32\POWRPROF.dll
0x00007fff6cc10000 - 0x00007fff6cc46000 	C:\WINDOWS\SYSTEM32\WINMM.dll
0x00007fff689b0000 - 0x00007fff689bb000 	C:\WINDOWS\SYSTEM32\VERSION.dll
0x00007fff708f0000 - 0x00007fff70905000 	C:\WINDOWS\SYSTEM32\UMPDC.dll
0x00007fff6f760000 - 0x00007fff6f77b000 	C:\WINDOWS\SYSTEM32\kernel.appcore.dll
0x00007fff37d60000 - 0x00007fff37d6a000 	C:\Program Files\Android\Android Studio\jbr\bin\jimage.dll
0x00007fff6def0000 - 0x00007fff6e132000 	C:\WINDOWS\SYSTEM32\DBGHELP.DLL
0x00007fff718d0000 - 0x00007fff71c55000 	C:\WINDOWS\System32\combase.dll
0x00007fff72e80000 - 0x00007fff72f59000 	C:\WINDOWS\System32\OLEAUT32.dll
0x00007fff6cbd0000 - 0x00007fff6cc0b000 	C:\WINDOWS\SYSTEM32\dbgcore.DLL
0x00007fff71440000 - 0x00007fff714ec000 	C:\WINDOWS\System32\bcryptPrimitives.dll
0x00007fff30480000 - 0x00007fff304a0000 	C:\Program Files\Android\Android Studio\jbr\bin\java.dll
0x00007fff30460000 - 0x00007fff30478000 	C:\Program Files\Android\Android Studio\jbr\bin\zip.dll
0x00007fff726e0000 - 0x00007fff72e68000 	C:\WINDOWS\System32\SHELL32.dll
0x00007fff6e520000 - 0x00007fff6edbb000 	C:\WINDOWS\SYSTEM32\windows.storage.dll
0x00007fff71c60000 - 0x00007fff71d59000 	C:\WINDOWS\System32\SHCORE.dll
0x00007fff737d0000 - 0x00007fff73836000 	C:\WINDOWS\System32\shlwapi.dll
0x00007fff709b0000 - 0x00007fff709d9000 	C:\WINDOWS\SYSTEM32\profapi.dll
0x00007fff37210000 - 0x00007fff37220000 	C:\Program Files\Android\Android Studio\jbr\bin\net.dll
0x00007fff68830000 - 0x00007fff68958000 	C:\WINDOWS\SYSTEM32\WINHTTP.dll
0x00007fff6fd30000 - 0x00007fff6fd9c000 	C:\WINDOWS\system32\mswsock.dll
0x00007fff2bb10000 - 0x00007fff2bb26000 	C:\Program Files\Android\Android Studio\jbr\bin\nio.dll
0x00007ffe81750000 - 0x00007ffe818e9000 	C:\Program Files\Android\Android Studio\jbr\bin\awt.dll
0x00007fff6cdb0000 - 0x00007fff6cddf000 	C:\WINDOWS\SYSTEM32\dwmapi.dll
0x00007fff4dad0000 - 0x00007fff4db45000 	C:\WINDOWS\SYSTEM32\OLEACC.dll
0x00007fff31f40000 - 0x00007fff31f84000 	C:\Program Files\Android\Android Studio\jbr\bin\nvdaControllerClient64.dll
0x00007fff6c750000 - 0x00007fff6c7ef000 	C:\WINDOWS\SYSTEM32\apphelp.dll
0x00007fff6ccc0000 - 0x00007fff6cd68000 	C:\WINDOWS\system32\uxtheme.dll
0x0000000180000000 - 0x0000000180267000 	C:\Program Files (x86)\RivaTuner Statistics Server\RTSSHooks64.dll
0x00007fff73340000 - 0x00007fff737c7000 	C:\WINDOWS\System32\SETUPAPI.dll
0x00007fff72f70000 - 0x00007fff730cd000 	C:\WINDOWS\System32\MSCTF.dll
0x00007fff72280000 - 0x00007fff72419000 	C:\WINDOWS\System32\ole32.dll
0x00007fff6c820000 - 0x00007fff6c849000 	C:\WINDOWS\system32\Wtsapi32.dll
0x00007fff70c50000 - 0x00007fff70dce000 	C:\WINDOWS\System32\CRYPT32.dll
0x00007fff6fa30000 - 0x00007fff6fa79000 	C:\WINDOWS\SYSTEM32\SspiCli.dll
0x00007fff70840000 - 0x00007fff708a2000 	C:\WINDOWS\SYSTEM32\WINSTA.dll
0x00007fff31f10000 - 0x00007fff31f3c000 	D:\Utilites\Nuvio\NuvioDesktop\composeApp\build\native\windows\vcruntime140.dll
0x00007fff31f00000 - 0x00007fff31f0c000 	D:\Utilites\Nuvio\NuvioDesktop\composeApp\build\native\windows\vcruntime140_1.dll
0x00007ffe89a60000 - 0x00007ffe89afd000 	D:\Utilites\Nuvio\NuvioDesktop\composeApp\build\native\windows\msvcp140.dll
0x00007fff31ef0000 - 0x00007fff31ef9000 	D:\Utilites\Nuvio\NuvioDesktop\composeApp\build\native\windows\msvcp140_1.dll
0x00007fff31ea0000 - 0x00007fff31ee3000 	D:\Utilites\Nuvio\NuvioDesktop\composeApp\build\native\windows\msvcp140_2.dll
0x00007ffe8bb10000 - 0x00007ffe8bb26000 	D:\Utilites\Nuvio\NuvioDesktop\composeApp\build\native\windows\msvcp140_atomic_wait.dll
0x00007fff31e90000 - 0x00007fff31e97000 	D:\Utilites\Nuvio\NuvioDesktop\composeApp\build\native\windows\msvcp140_codecvt_ids.dll
0x00007ffe89be0000 - 0x00007ffe89c3a000 	D:\Utilites\Nuvio\NuvioDesktop\composeApp\build\native\windows\concrt140.dll
0x00007ffe89bb0000 - 0x00007ffe89bdc000 	D:\Utilites\Nuvio\NuvioDesktop\composeApp\build\native\windows\WebView2Loader.dll
0x00007ffe816c0000 - 0x00007ffe8174b000 	D:\Utilites\Nuvio\NuvioDesktop\composeApp\build\native\windows\player_bridge.dll
0x00007fff03820000 - 0x00007fff040d3000 	C:\Program Files (x86)\Microsoft\EdgeWebView\Application\151.0.4129.93\EBWebView\x64\EmbeddedBrowserWebView.dll
0x00007fff35b10000 - 0x00007fff35b39000 	C:\WINDOWS\system32\edputil.dll
0x00007ffe69eb0000 - 0x00007ffe6ac25000 	C:\Users\adiyt\.skiko\skiko-windows-x64-3ce1b2621ce4905333064341568d0e9493efc0d4971a63b096261c774bc6e5a8\skiko-windows-x64.dll
0x00007fff6ac80000 - 0x00007fff6ad74000 	C:\WINDOWS\SYSTEM32\PROPSYS.dll
0x00007fff4db60000 - 0x00007fff4dc6c000 	C:\WINDOWS\system32\opengl32.dll
0x00007fff4d660000 - 0x00007fff4d68d000 	C:\WINDOWS\SYSTEM32\GLU32.dll
0x00007fff6d2d0000 - 0x00007fff6d315000 	C:\WINDOWS\SYSTEM32\dxcore.dll
0x00007ffe742b0000 - 0x00007ffe74337000 	C:\Program Files\Android\Android Studio\jbr\bin\freetype.dll
0x00007ffe741b0000 - 0x00007ffe742a3000 	C:\Program Files\Android\Android Studio\jbr\bin\fontmanager.dll
0x00007fff6d990000 - 0x00007fff6dbf7000 	C:\WINDOWS\SYSTEM32\dwrite.dll
0x00007fff4f8b0000 - 0x00007fff4fa8b000 	C:\WINDOWS\WinSxS\amd64_microsoft.windows.gdiplus_6595b64144ccf1df_1.1.26100.9168_none_6ef70e683dc39227\gdiplus.dll
0x00007fff730e0000 - 0x00007fff7318e000 	C:\WINDOWS\System32\clbcatq.dll
0x00007fff6b9e0000 - 0x00007fff6bc0d000 	C:\WINDOWS\SYSTEM32\WindowsCodecs.dll
0x00007fff31720000 - 0x00007fff3177c000 	C:\WINDOWS\system32\dataexchange.dll
0x00007fff63c40000 - 0x00007fff63e90000 	C:\WINDOWS\system32\twinapi.appcore.dll
0x00007ffe8b8a0000 - 0x00007ffe8b8a7000 	C:\Program Files\Android\Android Studio\jbr\bin\jawt.dll
0x00007fff6e3b0000 - 0x00007fff6e4ea000 	C:\WINDOWS\SYSTEM32\Dxgi.dll
0x00007fff696e0000 - 0x00007fff6973f000 	C:\WINDOWS\SYSTEM32\directxdatabasehelper.dll
0x00007fff705d0000 - 0x00007fff70622000 	C:\WINDOWS\SYSTEM32\cfgmgr32.dll
0x00007fff32f80000 - 0x00007fff32fa3000 	C:\WINDOWS\SYSTEM32\D3D12.dll
0x00007fff30b80000 - 0x00007fff30eda000 	C:\WINDOWS\SYSTEM32\D3D12Core.dll
0x00007fff700a0000 - 0x00007fff700b3000 	C:\WINDOWS\SYSTEM32\msasn1.dll
0x00007fff650f0000 - 0x00007fff6512b000 	C:\WINDOWS\SYSTEM32\cryptnet.dll
0x00007fff70040000 - 0x00007fff7004c000 	C:\WINDOWS\SYSTEM32\cryptbase.dll
0x00007fff70120000 - 0x00007fff7018a000 	C:\WINDOWS\SYSTEM32\wldp.dll
0x00007fff64f70000 - 0x00007fff650ea000 	C:\WINDOWS\SYSTEM32\drvstore.dll
0x00007fff70630000 - 0x00007fff7065f000 	C:\WINDOWS\SYSTEM32\devobj.dll
0x00007fff70bc0000 - 0x00007fff70c43000 	C:\WINDOWS\System32\wintrust.dll
0x00007fff717b0000 - 0x00007fff717d0000 	C:\WINDOWS\System32\imagehlp.dll
0x00007fff70020000 - 0x00007fff7003b000 	C:\WINDOWS\SYSTEM32\CRYPTSP.dll
0x00007fff6f6c0000 - 0x00007fff6f6f9000 	C:\WINDOWS\system32\rsaenh.dll
0x00007fff70980000 - 0x00007fff709aa000 	C:\WINDOWS\SYSTEM32\bcrypt.dll
0x00007fff37ae0000 - 0x00007fff37c27000 	C:\WINDOWS\system32\nvspcap64.dll
0x00007fff6f8b0000 - 0x00007fff6f8e6000 	C:\WINDOWS\SYSTEM32\ntmarta.dll
0x00007fff60080000 - 0x00007fff60144000 	C:\WINDOWS\System32\DriverStore\FileRepository\nvami.inf_amd64_171f1746818db7fd\nvldumdx.dll
0x00007fff59850000 - 0x00007fff5e54f000 	C:\WINDOWS\System32\DriverStore\FileRepository\nvami.inf_amd64_171f1746818db7fd\nvgpucomp64.dll
0x00007fff58ed0000 - 0x00007fff59000000 	C:\WINDOWS\System32\DriverStore\FileRepository\nvami.inf_amd64_171f1746818db7fd\NvMemMapStoragex.dll
0x00007fff53b10000 - 0x00007fff58bfe000 	C:\WINDOWS\System32\DriverStore\FileRepository\nvami.inf_amd64_171f1746818db7fd\nvwgf2umx.dll
0x00007fff37450000 - 0x00007fff37607000 	C:\WINDOWS\System32\DriverStore\FileRepository\nvami.inf_amd64_171f1746818db7fd\nvppex.dll
0x00007fff64640000 - 0x00007fff6471f000 	C:\WINDOWS\SYSTEM32\D3DSCache.dll
0x00007fff6fde0000 - 0x00007fff6fe12000 	C:\WINDOWS\SYSTEM32\USERENV.dll
0x00007fff6f100000 - 0x00007fff6f133000 	C:\WINDOWS\SYSTEM32\IPHLPAPI.DLL
0x00007fff72f60000 - 0x00007fff72f6a000 	C:\WINDOWS\System32\NSI.dll
0x00007fff6bc20000 - 0x00007fff6be45000 	C:\WINDOWS\SYSTEM32\dcomp.dll
0x00007fff6b530000 - 0x00007fff6b549000 	C:\WINDOWS\SYSTEM32\Microsoft.Internal.WarpPal.dll
0x00007fff6b550000 - 0x00007fff6b9cf000 	C:\WINDOWS\SYSTEM32\d3dcompiler_47.dll
0x00007ffe73720000 - 0x00007ffe73884000 	C:\WINDOWS\SYSTEM32\dxilconv.dll
0x00007fff6f190000 - 0x00007fff6f2e8000 	C:\WINDOWS\SYSTEM32\DNSAPI.dll
0x00007fff6fb30000 - 0x00007fff6fb3d000 	C:\WINDOWS\SYSTEM32\DSPARSE.dll
0x00007fff69330000 - 0x00007fff6933b000 	C:\Windows\System32\rasadhlp.dll
0x00007fff23b50000 - 0x00007fff23b58000 	C:\WINDOWS\system32\wshunix.dll
0x00007fff28280000 - 0x00007fff28289000 	C:\Program Files\Android\Android Studio\jbr\bin\extnet.dll
0x00007fff658e0000 - 0x00007fff65966000 	C:\WINDOWS\System32\fwpuclnt.dll
0x00007ffe8b890000 - 0x00007ffe8b899000 	C:\Program Files\Android\Android Studio\jbr\bin\prefs.dll
0x00007fff52830000 - 0x00007fff52976000 	C:\WINDOWS\SYSTEM32\textinputframework.dll
0x00007fff6c350000 - 0x00007fff6c47b000 	C:\WINDOWS\SYSTEM32\CoreMessaging.dll
0x00007fff68be0000 - 0x00007fff68ec4000 	C:\WINDOWS\SYSTEM32\CoreUIComponents.dll
0x00007fff6a540000 - 0x00007fff6a6aa000 	C:\WINDOWS\SYSTEM32\wintypes.dll
0x00007fff60d00000 - 0x00007fff61295000 	C:\WINDOWS\SYSTEM32\nvapi64.dll
0x00007fff6e140000 - 0x00007fff6e3a0000 	C:\WINDOWS\SYSTEM32\d3d11.dll

JVMTI agents: none

dbghelp: loaded successfully - version: 4.0.5 - missing functions: none
symbol engine: initialized successfully - sym options: 0x614 - pdb path: .;C:\Program Files\Android\Android Studio\jbr\bin;C:\WINDOWS\SYSTEM32;C:\WINDOWS\WinSxS\amd64_microsoft.windows.common-controls_6595b64144ccf1df_6.0.26100.8972_none_3e0da176e32f9d4b;C:\Program Files\Android\Android Studio\jbr\bin\server;C:\Program Files (x86)\RivaTuner Statistics Server;D:\Utilites\Nuvio\NuvioDesktop\composeApp\build\native\windows;C:\Program Files (x86)\Microsoft\EdgeWebView\Application\151.0.4129.93\EBWebView\x64;C:\Users\adiyt\.skiko\skiko-windows-x64-3ce1b2621ce4905333064341568d0e9493efc0d4971a63b096261c774bc6e5a8;C:\WINDOWS\WinSxS\amd64_microsoft.windows.gdiplus_6595b64144ccf1df_1.1.26100.9168_none_6ef70e683dc39227;C:\WINDOWS\System32\DriverStore\FileRepository\nvami.inf_amd64_171f1746818db7fd;C:\Users\adiyt\AppData\Local\Nuvio\Cache\quickjs\windows_x64\2e04d4d551497d7fc1581965

VM Arguments:
jvm_args: -Dapple.awt.application.appearance=NSAppearanceNameDarkAqua -Dcompose.application.configure.swing.globals=true -Dcompose.application.resources.dir=D:\Utilites\Nuvio\NuvioDesktop\composeApp\build\compose\tmp\prepareAppResources --add-opens=java.desktop/java.awt=ALL-UNNAMED --add-opens=java.desktop/sun.lwawt=ALL-UNNAMED --add-opens=java.desktop/sun.lwawt.macosx=ALL-UNNAMED --add-opens=java.desktop/sun.awt.windows=ALL-UNNAMED -Dfile.encoding=UTF-8 -Duser.country=IN -Duser.language=en -Duser.variant 
java_command: com.nuvio.app.MainKt
java_class_path (initial): D:\Utilites\Nuvio\NuvioDesktop\composeApp\build\libs\composeApp-desktop.jar;C:\Users\adiyt\.gradle\caches\modules-2\files-2.1\dev.chrisbanes.haze\haze-jvm\1.7.2\a254162ea3c9ba2eea97a76058da89ac31e50233\haze-jvm.jar;C:\Users\adiyt\.gradle\caches\modules-2\files-2.1\com.materialkolor.palette\core-jvm\4.0.0-beta02\e7ea3c09e6205047254ad2601a54c18c5be26906\kmpalette-core-jvm.jar;C:\Users\adiyt\.gradle\caches\modules-2\files-2.1\org.jetbrains.compose.material3\material3-desktop\1.11.0-alpha07\422cb57765628e3959d1e27ac46660593643296b\material3-desktop-1.11.0-alpha07.jar;C:\Users\adiyt\.gradle\caches\modules-2\files-2.1\org.jetbrains.compose.components\components-resources-desktop\1.11.1\f4eb52d87f31584dacdb816a26376f39a1802e8a\library-desktop-1.11.1.jar;C:\Users\adiyt\.gradle\caches\modules-2\files-2.1\sh.calvin.reorderable\reorderable-jvm\3.0.0\4032f6ad5422fe507c8acb2257a83ebc806f145e\reorderable-jvm-3.0.0.jar;C:\Users\adiyt\.gradle\caches\modules-2\files-2.1\org.jetbrains.compose.desktop\desktop-jvm\1.11.1\1fee826ff9d1fafd500b57a22facfc0236bc14c7\desktop-jvm-1.11.1.jar;C:\Users\adiyt\.gradle\caches\modules-2\files-2.1\io.coil-kt.coil3\coil-compose-jvm\3.5.0-beta01\8499f43e80509e3fe55e4a90ad7ce6e816b190e4\coil-compose-jvm-3.5.0-beta01.jar;C:\Users\adiyt\.gradle\caches\modules-2\files-2.1\io.coil-kt.coil3\coil-compose-core-jvm\3.5.0-beta01\12f6663116f0946fe3e87c15f573eb52ac6dc2bc\coil-compose-core-jvm-3.5.0-beta01.jar;C:\Users\adiyt\.gradle\caches\modules-2\files-2.1\org.jetbrains.androidx.navigation3\navigation3-ui-desktop\1.1.1\ff832586ef5d51d08b604d7a524fd7985b95af2b\navigation3-ui-desktop-1.1.1.jar;C:\Users\adiyt\.gradle\caches\modules-2\files-2.1\org.jetbrains.compose.material\material-desktop\1.11.1\2891a6f3a62dc4c367636a521d1b680a7d6ff6d\material-desktop-1.11.1.jar;C:\Users\adiyt\.gradle\caches\modules-2\files-2.1\org.jetbrains.compose.animation\animation-core-desktop\1.11.1\1bf633ecd1a38a1cf7a41630bc56cba0da9cc25b\animation-core-desktop-1.11.1.jar;C:\Users\adiyt\.gradle\caches\modules-2\files-2.1\org.jetbrains.compose.material\material-ripple-desktop\1.11.1\ae97a5eeb23bc3f461bc3e16e2a9882175405d17\material-ripple-desktop-1.11.1.jar;C:\Users\adiyt\.gradle\caches\modules-2\files-2.1\org.jetbrains.compose.animation\animation-desktop\1.11.1\f873fb28f1a08d45a4dd20a0130b3da8cadf383c\animation-desktop-1.11.1.jar;C:\Users\adiyt\.gradle\caches\modules-2\files-2.1\org.jetbrains.compose.foundation\foundation-layout-desktop\1.11.1\853fc5d01388da6515ce40b719798914012f6469\foundation-layout-desktop-1.11.1.jar;C:\Users\adiyt\.gradle\caches\modules-2\files-2.1\org.jetbrains.compose.foundation\foundation-desktop\1.11.1\6df316e7af2c0c97f200de289925f62ca8fce53d\foundation-desktop-1.11.1.jar;C:\Users\adiyt\.gradle\caches\modules-2\files-2.1\org.jetbrains.compose.material\material-icons-extended-desktop\1.7.3\c7c5465dd754043076875b32bce0dd7f5a354fe8\material-icons-extended-desktop-1.7.3.jar;C:\Users\adiyt\.gradle\caches\modules-2\files-2.1\org.jetbrains.compose.material\material-icons-core-desktop\1.7.3\414b3096050fe647b0638832eace80f22c06b85c\material-icons-core-desktop-1.7.3.jar;C:\Users\adiyt\.gradle\caches\modules-2\files-2.1\org.jetbrains.compose.ui\ui-unit-desktop\1.11.1\f6c06f98da206d01dc40c1587c6bc4c40cbef623\ui-unit-desktop-1.11.1.jar;C:\Users\adiyt\.gradle\caches\modules-2\files-2.1\org.jetbrains.compose.ui\ui-geometry-desktop\1.11.1\5e430152487375359973ac9874653d335dcc220\ui-geometry-desktop-1.11.1.jar;C:\Users\adiyt\.gradle\caches\modules-2\files-2.1\org.jetbrains.compose.ui\ui-graphics-desktop\1.11.1\6ea106d02adf29694eedf12fdfb621947d3621bf\ui-graphics-desktop-1.11.1.jar;C:\Users\adiyt\.gradle\caches\modules-2\files-2.1\org.jetbrains.compose.ui\ui-backhandler-desktop\1.11.1\bd3540bb1d6abd60c5e58f32663b2f3e89406cd1\ui-backhandler-desktop-1.11.1.jar;C:\Users\adiyt\.gradle\caches\modules-2\files-2.1\org.jetbrains.compose.ui\ui-util-desktop\1.11.1\4302c582878b82ab24e1f34e6e90f967f7b416ed\ui-util-desktop-1.11.1.jar;C:\Users\adiyt\.gradle\caches\modules-2\files-2.1\org.jetbrains.compose.ui\ui-text-desktop\1.11.1\6ded685e2601260d6231c859a849b96ee6c60368\ui-text-desktop-1.11.1.jar;C:\Users\adiyt\.gradle\caches\modules-2\files-2.1\org.jetbrains.compose.ui\ui-tooling-preview-desktop\1.11.1\97ec578d33adc34adcaa63e9af7bb2328c6c29b7\ui-tooling-preview-desktop-1.11.1.jar;C:\Users\adiyt\.gradle\caches\modules-2\files-2.1\com.materialkolor.palette\kmpalette-loader-jvm\4.0.0-beta02\346d1cbf659720dfc1952796e619da44789482f\kmpalette-loader-jvm.jar;C:\Users\adiyt\.gradle\caches\modules-2\files-2.1\org.jetbrains.androidx.navigationevent\navigationevent-compose-desktop\1.0.1\ecaf02060a048a1f82584fe328e4e02fe6f982ad\navigationevent-compose-desktop-1.0.1.jar;C:\Users\adiyt\.gradle\caches\modules-2\files-2.1\org.jetbrains.compose.ui\ui-desktop\1.11.1\24c40c0d60c77a6fb34f930f13bfa4a3ff62c0f\ui-desktop-1.11.1.jar;C:\Users\adiyt\.gradle\caches\modules-2\files-2.1\io.ktor\ktor-client-cio-jvm\3.4.1\114327011eeecd416940e2d1be8c9bd5098907de\ktor-client-cio-jvm-3.4.1.jar;C:\Users\adiyt\.gradle\caches\modules-2\files-2.1\io.github.dokar3\quickjs-kt-jvm\1.0.5\c76155aa176760f2ab1966aa61ebd1cc1334dee6\quickjs-jvm.jar;C:\Users\adiyt\.gradle\caches\modules-2\files-2.1\org.jetbrains.skiko\skiko-awt-runtime-windows-x64\0.144.6\6f04ac6776aa0cba95b4232e8e174bea5051c4fd\skiko-awt-runtime-windows-x64-0.144.6.jar;C:\Users\adiyt\.gradle\caches\modules-2\files-2.1\org.jetbrains.skiko\skiko-awt\0.144.6\c9bec39e3c517ed5591c71c7db0cbbe64b6be849\skiko-awt-0.144.6.jar;C:\Users\adiyt\.gradle\caches\modules-2\files-2.1\io.coil-kt.coil3\coil-network-ktor3-jvm\3.5.0-beta01\59ee23ce9f237edbad112c94a7cc65dc1939999b\coil-network-ktor3-jvm-3.5.0-beta01.jar;C:\Users\adiyt\.gradle\caches\modules-2\files-2.1\io.coil-kt.coil3\coil-network-cache-control-jvm\3.5.0-beta01\92507c9b531bab9e0c7188af0057a8719c8fee05\coil-network-cache-control-jvm-3.5.0-beta01.jar;C:\Users\adiyt\.gradle\caches\modules-2\files-2.1\io.coil-kt.coil3\coil-svg-jvm\3.5.0-beta01\7998e0f304b0c8c535dfda3ef86cf81faa88a813\coil-svg-jvm-3.5.0-beta01.jar;C:\Users\adiyt\.gradle\caches\modules-2\files-2.1\io.coil-kt.coil3\coil-jvm\3.5.0-beta01\b0061205e37fc17ba27f52ba1ee42f2be1de31d3\coil-jvm-3.5.0-beta01.jar;C:\Users\adiyt\.gradle\caches\modules-2\files-2.1\io.coil-kt.coil3\coil-network-core-jvm\3.5.0-beta01\27fa35b4c8e4fbcc99126099eba9600a1e8e5a56\coil-network-core-jvm-3.5.0-beta01.jar;C:\Users\adiyt\.gradle\caches\modules-2\files-2.1\io.coil-kt.coil3\coil-core-jvm\3.5.0-beta01\a1cca49cdadfc07533b35de91d266adda8af9df8\coil-core-jvm-3.5.0-beta01.jar;C:\Users\adiyt\.gradle\caches\modules-2\files-2.1\androidx.navigation3\navigation3-runtime-desktop\1.1.1\f97607fbd9cd1c2a196dbdf2440b6ca78010c08a\navigation3-runtime-desktop-1.1.1.jar;C:\Users\adiyt\.gradle\caches\modules-2\files-2.1\androidx.navigationevent\navigationevent-desktop\1.0.2\ddb1e7fe97ed51c3d35bba493f97fcf12398719\navigationevent-desktop-1.0.2.jar;C:\Users\adiyt\.gradle\caches\modules-2\files-2.1\androidx.compose.runtime\runtime-annotation-jvm\1.11.2\db4aa964627ac96331b72e231b9ad54318d112f4\runtime-annotation-jvm-1.11.2.jar;C:\Users\adiyt\.gradle\caches\modules-2\files-2.1\androidx.compose.runtime\runtime-retain-desktop\1.11.2\3aa3ec26ef2a3d26bc556b51b33d09efc1a198e8\runtime-retain-desktop-1.11.2.jar;C:\Users\adiyt\.gradle\caches\modules-2\files-2.1\androidx.lifecycle\lifecycle-runtime-desktop\2.11.0-beta01\c2b5e2f7d739375538c2a74757531a30607f85ff\lifecycle-runtime-desktop-2.11.0-beta01.jar;C:\Users\adiyt\.gradle\caches\modules-2\files-2.1\org.jetbrains.androidx.savedstate\savedstate-compose-desktop\1.3.6\63692375ffe667f12cb3ea8aa1e605d659ed2add\savedstate-compose-desktop-1.3.6.jar;C:\Users\adiyt\.gradle\caches\modules-2\files-2.1\androidx.savedstate\savedstate-compose-desktop\1.4.0\d3d6e0e2108528eb6080dc250da925a572be4202\savedstate-compose-desktop-1.4.0.jar;C:\Users\adiyt\.gradle\caches\modules-2\files-2.1\androidx.savedstate\savedstate-desktop\1.4.0\3b049a0f81643d6b4b900de95bc23efc085c32d5\savedstate-desktop-1.4.0.jar;C:\Users\adiyt\.gradle\caches\modules-2\files-2.1\androidx.lifecycle\lifecycle-common-jvm\2.11.0-beta01\41ef287eee7e4befb1308c017df4de89a210490d\lifecycle-common-jvm-2.11.0-beta01.jar;C:\Users\adiyt\.gradle\caches\modules-2\files-2.1\androidx.lifecycle\lifecycle-viewmodel-savedstate-desktop\2.11.0-beta01\23c86e72183d96b3fff60102dca0de1da5fd4424\lifecycle-viewmodel-savedstate-desktop-2.11.0-beta01.jar;C:\Users\adiyt\.gradle\caches\modules-2\files-2.1\androidx.lifecycle\lifecycle-viewmodel-desktop\2.11.0-beta01\614711da4abf1ece2121521477a5920ed26a7f29\lifecycle-viewmodel-desktop-2.11.0-beta01.jar;C:\Users\adiyt\.gradle\caches\modules-2\files-2.1\androidx.lifecycle\lifecycle-runtime-compose-desktop\2.11.0-beta01\392c6d5cb40bb6d59e3d7070607786b7328009d4\lifecycle-runtime-compose-desktop-2.11.0-beta01.jar;C:\Users\adiyt\.gradle\caches\modules-2\files-2.1\androidx.lifecycle\lifecycle-viewmodel-compose-desktop\2.11.0-beta01\f04e89ec2d915b35cdcd4675591ae3997604173c\lifecycle-viewmodel-compose-desktop-2.11.0-beta01.jar;C:\Users\adiyt\.gradle\caches\modules-2\files-2.1\androidx.compose.runtime\runtime-saveable-desktop\1.11.2\1618fae89791692a224fe7aa79edbd7a8f5b7522\runtime-saveable-desktop-1.11.2.jar;C:\Users\adiyt\.gradle\caches\modules-2\files-2.1\org.jetbrains.compose.runtime\runtime-saveable-desktop\1.11.1\b7c8a8ed985a0f15b4d8d206de1fc6125b499388\runtime-saveable-desktop-1.11.1.jar;C:\Users\adiyt\.gradle\caches\modules-2\files-2.1\org.jetbrains.androidx.lifecycle\lifecycle-runtime-compose-desktop\2.11.0-beta01\e93db8959692f5740745b457135c1ab209a67923\lifecycle-runtime-compose-desktop-2.11.0-beta01.jar;C:\Users\adiyt\.gradle\caches\modules-2\files-2.1\org.jetbrains.androidx.lifecycle\lifecycle-viewmodel-compose-desktop\2.11.0-beta01\25df0b7b86731829cb34805ff8ebb167b198b916\lifecycle-viewmodel-compose-desktop-2.11.0-beta01.jar;C:\Users\adiyt\.gradle\caches\modules-2\files-2.1\org.jetbrains.compose.runtime\runtime-desktop\1.11.1\1941336b045aac4b87cc3be81d9fdb9977c88c61\runtime-desktop-1.11.1.jar;C:\Users\adiyt\.gradle\caches\modules-2\files-2.1\androidx.compose.runtime\runtime-desktop\1.11.2\e93d95553cdd86c1cb8c02f50260cc1c8e341da8\runtime-desktop-1.11.2.jar;C:\Users\adiyt\.gradle\caches\modules-2\files-2.1\io.github.jan-tennert.supabase\postgrest-kt-jvm\3.4.1\5ce69132306e6aa1fcd959ebdeb502e821e3a47c\postgrest-kt-jvm-3.4.1.jar;C:\Users\adiyt\.gradle\caches\modules-2\files-2.1\io.github.jan-tennert.supabase\functions-kt-jvm\3.4.1\2a6c5a1e77bb1d4895812d7292d8075e34b2fb55\functions-kt-jvm-3.4.1.jar;C:\Users\adiyt\.gradle\caches\modules-2\files-2.1\io.github.jan-tennert.supabase\auth-kt-jvm\3.4.1\91413cc37352dda1f34a180c14f58601b6aa2ea0\auth-kt-jvm-3.4.1.jar;C:\Users\adiyt\.gradle\caches\modules-2\files-2.1\io.github.jan-tennert.supabase\supabase-kt-jvm\3.4.1\4c8df2570087c4424f8c2f3c93d77b2ec4198fd5\supabase-kt-jvm-3.4.1.jar;C:\Users\adiyt\.gradle\caches\modules-2\files-2.1\com.russhwolf\multiplatform-settings-coroutines-jvm\1.3.0\c64a7df35357b1e8fa74b830d006d2ea23fcb395\multiplatform-settings-coroutines-jvm-1.3.0.jar;C:\Users\adiyt\.gradle\caches\modules-2\files-2.1\io.ktor\ktor-server-cio-jvm\3.4.0\16a50d239963841ae64e8e207f93ae7a5fdd7062\ktor-server-cio-jvm-3.4.0.jar;C:\Users\adiyt\.gradle\caches\modules-2\files-2.1\io.ktor\ktor-server-core-jvm\3.4.0\97aba0f5e3cd539679907382a3f5783b9a563165\ktor-server-core-jvm-3.4.0.jar;C:\Users\adiyt\.gradle\caches\modules-2\files-2.1\io.ktor\ktor-client-content-negotiation-jvm\3.4.0\266c1aef9d340c22cd859dd5c9174c2e1d86489f\ktor-client-content-negotiation-jvm-3.4.0.jar;C:\Users\adiyt\.gradle\caches\modules-2\files-2.1\io.ktor\ktor-client-core-jvm\3.4.1\84dc032a29f56bdac73449f78a0a2e7f9cab042\ktor-client-core-jvm-3.4.1.jar;C:\Users\adiyt\.gradle\caches\modules-2\files-2.1\io.ktor\ktor-http-cio-jvm\3.4.1\3bd25f53a79a1f68eaec86ae9da4878314cc80af\ktor-http-cio-jvm-3.4.1.jar;C:\Users\adiyt\.gradle\caches\modules-2\files-2.1\io.ktor\ktor-websocket-serialization-jvm\3.4.1\3a687a268f242dab9b624b78d3daeb646aeed5cb\ktor-websocket-serialization-jvm-3.4.1.jar;C:\Users\adiyt\.gradle\caches\modules-2\files-2.1\io.ktor\ktor-serialization-kotlinx-json-jvm\3.4.0\2a09f17d70b6e61623fd8aff9bdce6d7877892\ktor-serialization-kotlinx-json-jvm-3.4.0.jar;C:\Users\adiyt\.gradle\caches\modules-2\files-2.1\io.ktor\ktor-serialization-kotlinx-jvm\3.4.0\d001db47b2ebe8ad8b2cb1bb2a687688840f5887\ktor-serialization-kotlinx-jvm-3.4.0.jar;C:\Users\adiyt\.gradle\caches\modules-2\files-2.1\io.ktor\ktor-serialization-jvm\3.4.1\6fec7fdb4da27d09ff33a34e6e990b215f7c19c4\ktor-serialization-jvm-3.4.1.jar;C:\Users\adiyt\.gradle\caches\modules-2\files-2.1\io.ktor\ktor-websockets-jvm\3.4.1\83226f3612bffab4d0af0d26f9e4d6b7d2e02a58\ktor-websockets-jvm-3.4.1.jar;C:\Users\adiyt\.gradle\caches\modules-2\files-2.1\io.ktor\ktor-network-tls-jvm\3.4.1\8d17de5904253b073b44499a3e67ba99ca2ca8f6\ktor-network-tls-jvm-3.4.1.jar;C:\Users\adiyt\.gradle\caches\modules-2\files-2.1\org.jetbrains.kotlinx\kotlinx-coroutines-slf4j\1.10.2\1271f9d4a929150bb87ab8d1dc1e86d4bcf039f3\kotlinx-coroutines-slf4j-1.10.2.jar;C:\Users\adiyt\.gradle\caches\modules-2\files-2.1\io.ktor\ktor-http-jvm\3.4.1\6605b91c8f06bb6f67e2ec13b8ccea7926f4a526\ktor-http-jvm-3.4.1.jar;C:\Users\adiyt\.gradle\caches\modules-2\files-2.1\io.ktor\ktor-events-jvm\3.4.1\c7aa6bd43fcaf3da2f57a5417b1df66814ec2577\ktor-events-jvm-3.4.1.jar;C:\Users\adiyt\.gradle\caches\modules-2\files-2.1\io.ktor\ktor-sse-jvm\3.4.1\f95e6419c5bb24bed7c718dbff8b292a90db881e\ktor-sse-jvm-3.4.1.jar;C:\Users\adiyt\.gradle\caches\modules-2\files-2.1\io.ktor\ktor-network-jvm\3.4.1\a3b710fabdc38031ff0fb96eaee2a6ddf5ada9c6\ktor-network-jvm-3.4.1.jar;C:\Users\adiyt\.gradle\caches\modules-2\files-2.1\io.ktor\ktor-utils-jvm\3.4.1\f1ad623952ea49c631db750560228e3984790e48\ktor-utils-jvm-3.4.1.jar;C:\Users\adiyt\.gradle\caches\modules-2\files-2.1\io.ktor\ktor-io-jvm\3.4.1\fccd4e08dde189d82ae9a3f5fdbbf152ccd3a9c8\ktor-io-jvm-3.4.1.jar;C:\Users\adiyt\.gradle\caches\modules-2\files-2.1\org.jetbrains.kotlinx\kotlinx-coroutines-core-jvm\1.10.2\4a9f78ef49483748e2c129f3d124b8fa249dafbf\kotlinx-coroutines-core-jvm-1.10.2.jar;C:\Users\adiyt\.gradle\caches\modules-2\files-2.1\org.jetbrains.kotlinx\kotlinx-coroutines-swing\1.10.2\ccb5a2e7c83fa76da0ba4677f05678d3bd3eed57\kotlinx-coroutines-swing-1.10.2.jar;C:\Users\adiyt\.gradle\caches\modules-2\files-2.1\org.jetbrains.kotlinx\atomicfu-jvm\0.32.1\766417c1430c117100e14af193c4fdbe6034b5e6\atomicfu-jvm-0.32.1.jar;C:\Users\adiyt\.gradle\caches\modules-2\files-2.1\com.fleeksoft.ksoup\ksoup-jvm\0.2.6\61a4f799ea43b8eb31856729500be73975e41a42\ksoup-jvm-0.2.6.jar;C:\Users\adiyt\.gradle\caches\modules-2\files-2.1\org.jetbrains.kotlin\kotlin-reflect\2.3.10\98e0fa43a9204a252fa8806c9b2f3f3131590bcb\kotlin-reflect-2.3.10.jar;C:\Users\adiyt\.gradle\caches\modules-2\files-2.1\com.squareup.okhttp3\okhttp\4.12.0\2f4525d4a200e97e1b87449c2cd9bd2e25b7e8cd\okhttp-4.12.0.jar;C:\Users\adiyt\.gradle\caches\modules-2\files-2.1\org.jetbrains.kotlin\kotlin-stdlib-jdk8\1.9.0\e000bd084353d84c9e888f6fb341dc1f5b79d948\kotlin-stdlib-jdk8-1.9.0.jar;C:\Users\adiyt\.gradle\caches\modules-2\files-2.1\org.jetbrains.kotlinx\kotlinx-datetime-jvm\0.7.1\81c2e0246bd28cc2dcbdf0ab53628322e66a9de9\kotlinx-datetime-jvm-0.7.1.jar;C:\Users\adiyt\.gradle\caches\modules-2\files-2.1\androidx.graphics\graphics-shapes-desktop\1.1.0\a5d2198960bdc0915f74c6b2954d3323f35f40ea\graphics-shapes-desktop-1.1.0.jar;C:\Users\adiyt\.gradle\caches\modules-2\files-2.1\androidx.collection\collection-jvm\1.5.0\7ba2c69414d46ebc2dd76598bdd0a75c54281a57\collection-jvm-1.5.0.jar;C:\Users\adiyt\.gradle\caches\modules-2\files-2.1\com.materialkolor.palette\androidx-palette-jvm\4.0.0-beta02\8635f5e4c28acd813bc78a044d6f1492de7c575\androidx-palette-jvm.jar;C:\Users\adiyt\.gradle\caches\modules-2\files-2.1\androidx.arch.core\core-common\2.2.0\5e1b8b81dfd5f52c56a8d53b18ca759c19a301f3\core-common-2.2.0.jar;C:\Users\adiyt\.gradle\caches\modules-2\files-2.1\androidx.annotation\annotation-jvm\1.9.1\b17951747e38bf3986a24431b9ba0d039958aa5f\annotation-jvm-1.9.1.jar;C:\Users\adiyt\.gradle\caches\modules-2\files-2.1\dev.drewhamilton.poko\poko-annotations-jvm\0.21.3\1e98d2ec00742104bd01eaebbd59582dac99a62\poko-annotations-jvm-0.21.3.jar;C:\Users\adiyt\.gradle\caches\modules-2\files-2.1\com.russhwolf\multiplatform-settings-no-arg-jvm\1.3.0\b9d2280a0d56597619afb286d7c5f697f2e83f03\multiplatform-settings-no-arg-jvm-1.3.0.jar;C:\Users\adiyt\.gradle\caches\modules-2\files-2.1\dev.whyoleg.cryptography\cryptography-provider-jdk-jvm\0.5.0\3a2721ac930c182a0e424f2d558cfa9d52cc1b3\cryptography-provider-jdk-jvm-0.5.0.jar;C:\Users\adiyt\.gradle\caches\modules-2\files-2.1\dev.whyoleg.cryptography\cryptography-provider-base-jvm\0.5.0\e03b79926494512ac452ca00cfa5e27135262d32\cryptography-provider-base-jvm-0.5.0.jar;C:\Users\adiyt\.gradle\caches\modules-2\files-2.1\dev.whyoleg.cryptography\cryptography-serialization-asn1-modules-jvm\0.5.0\9308027088c76026a5b96f5b5b400859310ca1af\cryptography-serialization-asn1-modules-jvm-0.5.0.jar;C:\Users\adiyt\.gradle\caches\modules-2\files-2.1\dev.whyoleg.cryptography\cryptography-serialization-asn1-jvm\0.5.0\242a38b98c1dd201f499485925f22c972858c153\cryptography-serialization-asn1-jvm-0.5.0.jar;C:\Users\adiyt\.gradle\caches\modules-2\files-2.1\dev.whyoleg.cryptography\cryptography-bigint-jvm\0.5.0\97ac3202bf7f3792b3c8bc788a7bbb1b33ca2485\cryptography-bigint-jvm-0.5.0.jar;C:\Users\adiyt\.gradle\caches\modules-2\files-2.1\dev.whyoleg.cryptography\cryptography-random-jvm\0.5.0\8e77668891b60f6058f1262e032d8b06d137bdde\cryptography-random-jvm-0.5.0.jar;C:\Users\adiyt\.gradle\caches\modules-2\files-2.1\dev.whyoleg.cryptography\cryptography-serialization-pem-jvm\0.5.0\7b5cb41c77698e6fb3fab21e67bf7b9e988e11a2\cryptography-serialization-pem-jvm-0.5.0.jar;C:\Users\adiyt\.gradle\caches\modules-2\files-2.1\dev.whyoleg.cryptography\cryptography-provider-optimal-jvm\0.5.0\f0ff9daaf78932f6348ee90d014ca4c78337971b\cryptography-provider-optimal-jvm-0.5.0.jar;C:\Users\adiyt\.gradle\caches\modules-2\files-2.1\dev.whyoleg.cryptography\cryptography-core-jvm\0.5.0\d0fc25786ede38c33893236eacc3d6ab11d2ad10\cryptography-core-jvm-0.5.0.jar;C:\Users\adiyt\.gradle\caches\modules-2\files-2.1\com.fleeksoft.charset\charset-jvm\0.0.8\b6fcd5cc804844347929a83c56f1fdd854c9ce66\charset-jvm-0.0.8.jar;C:\Users\adiyt\.gradle\caches\modules-2\files-2.1\com.fleeksoft.io\io-core-jvm\0.0.8\78517ce1ff4c2ccbb8b91b9f1549c6e7a0ae1044\io-core-jvm-0.0.8.jar;C:\Users\adiyt\.gradle\caches\modules-2\files-2.1\co.touchlab\stately-concurrency-jvm\2.1.0\6285428408c4d7e4a6d9a09511de877103effd81\stately-concurrency-jvm-2.1.0.jar;C:\Users\adiyt\.gradle\caches\modules-2\files-2.1\org.jetbrains.kotlin\kotlin-stdlib-jdk7\1.9.0\f320478990d05e0cfaadd74f9619fd6027adbf37\kotlin-stdlib-jdk7-1.9.0.jar;C:\Users\adiyt\.gradle\caches\modules-2\files-2.1\com.squareup.okio\okio-jvm\3.17.0\a12d684ec0df9541b3869ae60a4a5257fd3613df\okio-jvm-3.17.0.jar;C:\Users\adiyt\.gradle\caches\modules-2\files-2.1\co.touchlab\kermit-jvm\2.0.8\83ee3b1da12d91011c3e93558f97bc28665810de\kermit-jvm-2.0.8.jar;C:\Users\adiyt\.gradle\caches\modules-2\files-2.1\org.jetbrains.kotlinx\kotlinx-serialization-json-io-jvm\1.10.0\50ca77d6d3986562a140275d6c8b07086af55f83\kotlinx-serialization-json-io-jvm-1.10.0.jar;C:\Users\adiyt\.gradle\caches\modules-2\files-2.1\org.jetbrains.kotlinx\kotlinx-serialization-core-jvm\1.10.0\9400c03c056953bbbf30e861e63735c90e9eb320\kotlinx-serialization-core-jvm-1.10.0.jar;C:\Users\adiyt\.gradle\caches\modules-2\files-2.1\org.jetbrains.kotlinx\kotlinx-serialization-json-jvm\1.10.0\a74d7819e02bad98af4d6b56c4f45aa6d31ef4ad\kotlinx-serialization-json-jvm-1.10.0.jar;C:\Users\adiyt\.gradle\caches\modules-2\files-2.1\org.jetbrains.kotlinx\kotlinx-collections-immutable-jvm\0.4.0\82499bf608b0fc3ae6737a5eac1a1f1325279bbf\kotlinx-collections-immutable-jvm-0.4.0.jar;C:\Users\adiyt\.gradle\caches\modules-2\files-2.1\com.russhwolf\multiplatform-settings-jvm\1.3.0\76fe39b1cbb2b2b951ec230ab85e610ae179aab7\multiplatform-settings-jvm-1.3.0.jar;C:\Users\adiyt\.gradle\caches\modules-2\files-2.1\co.touchlab\stately-strict-jvm\2.1.0\3ae8369209065455f4630793bf6aca0fb88c8b6b\stately-strict-jvm-2.1.0.jar;C:\Users\adiyt\.gradle\caches\modules-2\files-2.1\co.touchlab\kermit-core-jvm\2.0.8\7d782124fef2b0c4dccf07208e1cf3aa13b57058\kermit-core-jvm-2.0.8.jar;C:\Users\adiyt\.gradle\caches\modules-2\files-2.1\org.jetbrains.kotlinx\kotlinx-io-core-jvm\0.8.2\358a9f2ba2dc81c5dc84c3d1853f6e5efba63be1\kotlinx-io-core-jvm-0.8.2.jar;C:\Users\adiyt\.gradle\caches\modules-2\files-2.1\org.jetbrains.kotlinx\kotlinx-io-bytestring-jvm\0.8.2\89c5399596250e71f2bba6d2415972a078a525c7\kotlinx-io-bytestring-jvm-0.8.2.jar;C:\Users\adiyt\.gradle\caches\modules-2\files-2.1\org.jetbrains.kotlin\kotlin-stdlib\2.3.21\a2ee2c4e220fee522f0451b723bab2a43f3481a7\kotlin-stdlib-2.3.21.jar;C:\Users\adiyt\.gradle\caches\modules-2\files-2.1\io.sentry\sentry\8.52.0\b26a1b9181c78835078956c352f20cecd459e7a6\sentry-8.52.0.jar;C:\Users\adiyt\.gradle\caches\modules-2\files-2.1\org.jetbrains\annotations\23.0.0\8cc20c07506ec18e0834947b84a864bfc094484e\annotations-23.0.0.jar;C:\Users\adiyt\.gradle\caches\modules-2\files-2.1\org.jetbrains.runtime\jbr-api\1.9.0\2bc161f5472b5fd5610740e4d6ebe896c811cb0e\jbr-api-1.9.0.jar;C:\Users\adiyt\.gradle\caches\modules-2\files-2.1\org.slf4j\slf4j-api\2.0.17\d9e58ac9c7779ba3bf8142aff6c830617a7fe60f\slf4j-api-2.0.17.jar;C:\Users\adiyt\.gradle\caches\modules-2\files-2.1\com.typesafe\config\1.4.5\cc25b497ded7068a861517a815546fb472f9e58\config-1.4.5.jar;C:\Users\adiyt\.gradle\caches\modules-2\files-2.1\org.fusesource.jansi\jansi\2.4.2\ba7387c31622c6650b83edba1bbb115f1fe462ba\jansi-2.4.2.jar;C:\Users\adiyt\.gradle\caches\modules-2\files-2.1\org.jspecify\jspecify\1.0.0\7425a601c1c7ec76645a78d22b8c6a627edee507\jspecify-1.0.0.jar
Launcher Type: SUN_STANDARD

[Global flags]
     intx CICompilerCount                          = 4                                         {product} {ergonomic}
     uint ConcGCThreads                            = 3                                         {product} {ergonomic}
     uint G1ConcRefinementThreads                  = 10                                        {product} {ergonomic}
   size_t G1HeapRegionSize                         = 4194304                                   {product} {ergonomic}
    uintx GCDrainStackTargetSize                   = 64                                        {product} {ergonomic}
   size_t InitialHeapSize                          = 394264576                                 {product} {ergonomic}
   size_t MarkStackSize                            = 4194304                                   {product} {ergonomic}
   size_t MaxHeapSize                              = 6287261696                                {product} {ergonomic}
   size_t MaxNewSize                               = 3770679296                                {product} {ergonomic}
   size_t MinHeapDeltaBytes                        = 4194304                                   {product} {ergonomic}
   size_t MinHeapSize                              = 8388608                                   {product} {ergonomic}
    uintx NonNMethodCodeHeapSize                   = 5839372                                {pd product} {ergonomic}
    uintx NonProfiledCodeHeapSize                  = 122909434                              {pd product} {ergonomic}
    uintx ProfiledCodeHeapSize                     = 122909434                              {pd product} {ergonomic}
    uintx ReservedCodeCacheSize                    = 251658240                              {pd product} {ergonomic}
     bool SegmentedCodeCache                       = true                                      {product} {ergonomic}
   size_t SoftMaxHeapSize                          = 6287261696                             {manageable} {ergonomic}
     bool UseCompressedOops                        = true                           {product lp64_product} {ergonomic}
     bool UseG1GC                                  = true                                      {product} {ergonomic}
     bool UseLargePagesIndividualAllocation        = false                                  {pd product} {ergonomic}

Logging:
Log output configuration:
 #0: stdout all=warning uptime,level,tags foldmultilines=false
 #1: stderr all=off uptime,level,tags foldmultilines=false

Release file:
JAVA_VERSION="21.0.10" 
MODULES="java.base java.compiler java.datatransfer java.xml java.prefs java.desktop java.instrument java.logging java.management java.security.sasl java.naming java.rmi java.management.rmi java.net.http java.scripting java.security.jgss java.transaction.xa java.sql java.sql.rowset java.xml.crypto java.se java.smartcardio jdk.accessibility jdk.internal.jvmstat jdk.attach jdk.charsets jdk.internal.opt jdk.zipfs jdk.compiler jdk.crypto.ec jdk.crypto.cryptoki jdk.dynalink jdk.hotspot.agent jdk.httpserver jdk.internal.ed jdk.internal.le jdk.internal.vm.ci jdk.jartool jdk.javadoc jdk.jcmd jdk.jdeps jdk.jdwp.agent jdk.jdi jdk.jfr jdk.jlink jdk.jsobject jdk.localedata jdk.management jdk.management.agent jdk.management.jfr jdk.naming.dns jdk.naming.rmi jdk.net jdk.sctp jdk.security.auth jdk.security.jgss jdk.unsupported jdk.unsupported.desktop jdk.xml.dom" 
IMPLEMENTOR="JetBrains s.r.o." 
JAVA_RUNTIME_VERSION="21.0.10+-14961533-b1163.108" 
LIBC="default" 
OS_ARCH="x86_64" 
OS_NAME="Windows" 
SOURCE=".:git:1351622c2ff2" 

Environment Variables:
JAVA_HOME=C:\Program Files\Android\Android Studio\jbr
PATH=C:\Program Files\Common Files\Oracle\Java\javapath;C:\Program Files\Python314\Scripts\;C:\Program Files\Python314\;C:\Windows\system32;C:\Windows;C:\Windows\System32\Wbem;C:\Windows\System32\WindowsPowerShell\v1.0\;C:\Windows\System32\OpenSSH\;C:\Program Files (x86)\NVIDIA Corporation\PhysX\Common;C:\WINDOWS\system32;C:\WINDOWS;C:\WINDOWS\System32\Wbem;C:\WINDOWS\System32\WindowsPowerShell\v1.0\;C:\WINDOWS\System32\OpenSSH\;C:\Program Files\dotnet\;C:\Program Files\Git\cmd;C:\Program Files\nodejs\;C:\Program Files\Sunshine;C:\Program Files\Sunshine\tools;C:\Program Files\NVIDIA Corporation\NVIDIA App\NvDLISR;C:\Program Files\Apollo;C:\Program Files\Apollo\tools;C:\Program Files (x86)\Windows Kits\10\Windows Performance Toolkit\;C:\Users\adiyt\AppData\Local\pnpm;C:\Users\adiyt\AppData\Local\Microsoft\WindowsApps;C:\Users\adiyt\AppData\Local\Programs\Microsoft VS Code\bin;C:\Program Files\JetBrains\PyCharm 2025.2.4\bin;c:\users\adiyt\appdata\roaming\python\python314\scripts;c:\users\adiyt\.local\bin;C:\Users\adiyt\.dotnet\tools;C:\Users\adiyt\AppData\Roaming\npm;C:\Users\adiyt\AppData\Local\Microsoft\WinGet\Links;C:\Users\adiyt\AppData\Local\Microsoft\WinGet\Packages\yt-dlp.FFmpeg_Microsoft.Winget.Source_8wekyb3d8bbwe\ffmpeg-N-122319-gf6a95c7eb7-win64-gpl/bin;C:\Users\adiyt\AppData\Local\PowerToys\DSCModules\;C:\Users\adiyt\.lmstudio\bin;C:\Users\adiyt\AppData\AndroidCLI
USERNAME=adiyt
OS=Windows_NT
PROCESSOR_IDENTIFIER=AMD64 Family 23 Model 96 Stepping 1, AuthenticAMD
TMP=C:\Users\adiyt\AppData\Local\Temp
TEMP=C:\Users\adiyt\AppData\Local\Temp




Periodic native trim disabled

JNI global refs:
JNI global refs: 186, weak refs: 14

JNI global refs memory usage: 6339, weak refs: 833

Process memory usage:
Resident Set Size: 862004K (3% of 24557264K total physical memory with 8080096K free physical memory)

OOME stack traces (most recent first):
Classloader memory used:
Loader jdk.internal.loader.ClassLoaders$AppClassLoader                                 : 73669K
Loader bootstrap                                                                       : 32790K
Loader jdk.internal.loader.ClassLoaders$PlatformClassLoader                            : 880K

---------------  S Y S T E M  ---------------

OS:
 Windows 11 , 64 bit Build 26100 (10.0.26100.9168)
OS uptime: 0 days 0:34 hours
Hyper-V role detected

CPU: total 12 (initial active 12) (12 cores per cpu, 2 threads per core) family 23 model 96 stepping 1 microcode 0x8600104, cx8, cmov, fxsr, ht, mmx, 3dnowpref, sse, sse2, sse3, ssse3, sse4a, sse4.1, sse4.2, popcnt, lzcnt, tsc, tscinvbit, avx, avx2, aes, clmul, bmi1, bmi2, adx, sha, fma, vzeroupper, clflush, clflushopt, hv, rdtscp, rdpid, f16c
Processor Information for the first 12 processors :
  Max Mhz: 3000, Current Mhz: 3000, Mhz Limit: 3000

Memory: 4k page, system-wide physical 23981M (7885M free)
TotalPageFile size 31391M (AvailPageFile size 8452M)
current process WorkingSet (physical memory assigned to process): 841M, peak: 844M
current process commit charge ("private bytes"): 1164M, peak: 1169M

vm_info: OpenJDK 64-Bit Server VM (21.0.10+-14961533-b1163.108) for windows-amd64 JRE (21.0.10+-14961533-b1163.108), built on 2026-03-02T19:58:50Z by "builder" with MS VC++ 16.10 / 16.11 (VS2019)

END.
